payment_id,subscription_id,payment_date,amount,payment_status
1,1,2024-04-11,25.00,success
2,1,2024-03-11,25.00,success
3,1,2024-02-11,25.00,success
4,1,2024-01-11,25.00,success
5,1,2023-12-11,25.00,failed
6,1,2023-11-11,25.00,success
7,1,2023-10-11,25.00,success
8,1,2023-09-11,25.00,success
9,2,2024-05-22,10.00,success
10,2,2024-04-22,10.00,success
11,2,2024-03-22,10.00,success
12,2,2024-02-22,10.00,failed
13,2,2024-01-22,10.00,success
14,2,2023-12-22,10.00,success
15,2,2023-11-22,10.00,success
16,2,2023-10-22,10.00,success
17,3,2023-11-24,10.00,success
18,3,2023-10-24,10.00,success
19,3,2023-09-24,10.00,success
20,3,2023-08-24,10.00,success
21,3,2023-07-24,10.00,success
22,3,2023-06-24,10.00,success
23,3,2023-05-24,10.00,success
24,3,2023-04-24,10.00,success
25,3,2023-03-24,10.00,success
26,3,2023-02-24,10.00,success
27,4,2023-12-19,25.00,success
28,4,2023-11-19,25.00,success
29,4,2023-10-19,25.00,success
30,4,2023-09-19,25.00,success
31,4,2023-08-19,25.00,success
32,4,2023-07-19,25.00,success
33,4,2023-06-19,25.00,success
34,4,2023-05-19,25.00,success
35,4,2023-04-19,25.00,success
36,4,2023-03-19,25.00,success
37,4,2023-02-19,25.00,success
38,5,2023-04-05,10.00,success
39,5,2023-03-05,10.00,success
40,6,2024-02-22,25.00,success
41,6,2024-01-22,25.00,success
42,6,2023-12-22,25.00,success
43,6,2023-11-22,25.00,success
44,6,2023-10-22,25.00,success
45,6,2023-09-22,25.00,success
46,6,2023-08-22,25.00,success
47,7,2024-01-20,10.00,success
48,7,2023-12-20,10.00,success
49,7,2023-11-20,10.00,success
50,7,2023-10-20,10.00,success
51,7,2023-09-20,10.00,failed
52,7,2023-08-20,10.00,success
53,7,2023-07-20,10.00,success
54,7,2023-06-20,10.00,success
55,7,2023-05-20,10.00,success
56,7,2023-04-20,10.00,success
57,7,2023-03-20,10.00,success
58,7,2023-02-20,10.00,success
59,8,2025-03-07,60.00,success
60,8,2025-02-07,60.00,success
61,8,2025-01-07,60.00,success
62,8,2024-12-07,60.00,success
63,8,2024-11-07,60.00,success
64,8,2024-10-07,60.00,failed
65,8,2024-09-07,60.00,success
66,8,2024-08-07,60.00,success
67,8,2024-07-07,60.00,failed
68,8,2024-06-07,60.00,success
69,8,2024-05-07,60.00,success
70,8,2024-04-07,60.00,success
71,9,2024-05-10,10.00,success
72,9,2024-04-10,10.00,success
73,9,2024-03-10,10.00,success
74,9,2024-02-10,10.00,success
75,9,2024-01-10,10.00,success
76,9,2023-12-10,10.00,success
77,10,2024-08-15,25.00,success
78,10,2024-07-15,25.00,success
79,10,2024-06-15,25.00,success
80,10,2024-05-15,25.00,success
81,10,2024-04-15,25.00,success
82,10,2024-03-15,25.00,success
83,10,2024-02-15,25.00,success
84,10,2024-01-15,25.00,success
85,10,2023-12-15,25.00,success
86,10,2023-11-15,25.00,success
87,10,2023-10-15,25.00,success
88,10,2023-09-15,25.00,success
89,11,2025-04-03,10.00,success
90,11,2025-03-03,10.00,success
91,11,2025-02-03,10.00,failed
92,11,2025-01-03,10.00,success
93,11,2024-12-03,10.00,success
94,11,2024-11-03,10.00,success
95,11,2024-10-03,10.00,success
96,11,2024-09-03,10.00,success
97,11,2024-08-03,10.00,success
98,11,2024-07-03,10.00,success
99,12,2024-06-29,25.00,success
100,12,2024-05-29,25.00,success
101,12,2024-04-29,25.00,failed
102,12,2024-03-29,25.00,success
103,12,2024-02-29,25.00,success
104,12,2024-01-29,25.00,success
105,12,2023-12-29,25.00,success
106,12,2023-11-29,25.00,success
107,12,2023-10-29,25.00,success
108,12,2023-09-29,25.00,success
109,12,2023-08-29,25.00,success
110,12,2023-07-29,25.00,success
111,13,2024-02-27,10.00,failed
112,13,2024-01-27,10.00,success
113,13,2023-12-27,10.00,success
114,13,2023-11-27,10.00,failed
115,13,2023-10-27,10.00,success
116,14,2024-12-18,10.00,success
117,14,2024-11-18,10.00,success
118,14,2024-10-18,10.00,failed
119,14,2024-09-18,10.00,success
120,14,2024-08-18,10.00,success
121,14,2024-07-18,10.00,success
122,14,2024-06-18,10.00,failed
123,14,2024-05-18,10.00,success
124,14,2024-04-18,10.00,success
125,14,2024-03-18,10.00,failed
126,14,2024-02-18,10.00,success
127,15,2024-06-23,25.00,success
128,15,2024-05-23,25.00,success
129,15,2024-04-23,25.00,success
130,15,2024-03-23,25.00,success
131,15,2024-02-23,25.00,success
132,15,2024-01-23,25.00,success
133,15,2023-12-23,25.00,success
134,15,2023-11-23,25.00,failed
135,15,2023-10-23,25.00,success
136,15,2023-09-23,25.00,success
137,15,2023-08-23,25.00,success
138,15,2023-07-23,25.00,success
139,16,2025-01-31,10.00,success
140,16,2024-12-31,10.00,success
141,16,2024-11-30,10.00,success
142,16,2024-10-31,10.00,success
143,16,2024-09-30,10.00,success
144,16,2024-08-31,10.00,success
145,16,2024-07-31,10.00,success
146,16,2024-06-30,10.00,success
147,16,2024-05-31,10.00,success
148,17,2023-09-08,25.00,success
149,17,2023-08-08,25.00,success
150,17,2023-07-08,25.00,success
151,17,2023-06-08,25.00,success
152,17,2023-05-08,25.00,success
153,18,2023-06-28,25.00,success
154,18,2023-05-28,25.00,success
155,18,2023-04-28,25.00,success
156,18,2023-03-28,25.00,success
157,18,2023-02-28,25.00,success
158,19,2023-09-05,10.00,success
159,19,2023-08-05,10.00,success
160,20,2024-08-18,10.00,success
161,20,2024-07-18,10.00,success
162,20,2024-06-18,10.00,success
163,20,2024-05-18,10.00,success
164,20,2024-04-18,10.00,success
165,20,2024-03-18,10.00,success
166,20,2024-02-18,10.00,success
167,20,2024-01-18,10.00,success
168,21,2023-10-16,10.00,success
169,21,2023-09-16,10.00,success
170,22,2024-07-24,10.00,success
171,22,2024-06-24,10.00,failed
172,22,2024-05-24,10.00,success
173,22,2024-04-24,10.00,success
174,23,2024-11-08,10.00,success
175,23,2024-10-08,10.00,success
176,23,2024-09-08,10.00,success
177,23,2024-08-08,10.00,success
178,23,2024-07-08,10.00,success
179,24,2024-02-07,10.00,failed
180,24,2024-01-07,10.00,failed
181,24,2023-12-07,10.00,success
182,24,2023-11-07,10.00,success
183,24,2023-10-07,10.00,success
184,24,2023-09-07,10.00,success
185,24,2023-08-07,10.00,success
186,24,2023-07-07,10.00,success
187,24,2023-06-07,10.00,success
188,24,2023-05-07,10.00,success
189,25,2024-08-17,10.00,success
190,25,2024-07-17,10.00,success
191,25,2024-06-17,10.00,success
192,25,2024-05-17,10.00,success
193,25,2024-04-17,10.00,success
194,25,2024-03-17,10.00,success
195,25,2024-02-17,10.00,success
196,25,2024-01-17,10.00,success
197,25,2023-12-17,10.00,success
198,25,2023-11-17,10.00,success
199,25,2023-10-17,10.00,success
200,26,2024-12-01,25.00,success
201,26,2024-11-01,25.00,success
202,26,2024-10-01,25.00,success
203,26,2024-09-01,25.00,success
204,26,2024-08-01,25.00,success
205,26,2024-07-01,25.00,success
206,27,2024-06-03,10.00,success
207,27,2024-05-03,10.00,success
208,27,2024-04-03,10.00,success
209,27,2024-03-03,10.00,success
210,27,2024-02-03,10.00,success
211,27,2024-01-03,10.00,success
212,27,2023-12-03,10.00,success
213,27,2023-11-03,10.00,success
214,28,2024-01-02,10.00,success
215,28,2023-12-02,10.00,success
216,28,2023-11-02,10.00,success
217,28,2023-10-02,10.00,success
218,28,2023-09-02,10.00,failed
219,28,2023-08-02,10.00,success
220,28,2023-07-02,10.00,success
221,28,2023-06-02,10.00,success
222,28,2023-05-02,10.00,success
223,29,2024-06-05,25.00,success
224,29,2024-05-05,25.00,success
225,29,2024-04-05,25.00,success
226,29,2024-03-05,25.00,success
227,29,2024-02-05,25.00,success
228,29,2024-01-05,25.00,success
229,29,2023-12-05,25.00,success
230,29,2023-11-05,25.00,failed
231,29,2023-10-05,25.00,success
232,29,2023-09-05,25.00,success
233,29,2023-08-05,25.00,success
234,29,2023-07-05,25.00,success
235,30,2024-07-14,25.00,success
236,30,2024-06-14,25.00,success
237,30,2024-05-14,25.00,success
238,30,2024-04-14,25.00,success
239,30,2024-03-14,25.00,success
240,30,2024-02-14,25.00,success
241,30,2024-01-14,25.00,success
242,30,2023-12-14,25.00,success
243,30,2023-11-14,25.00,success
244,30,2023-10-14,25.00,success
245,30,2023-09-14,25.00,success
246,30,2023-08-14,25.00,success
247,31,2024-06-19,10.00,success
248,31,2024-05-19,10.00,success
249,31,2024-04-19,10.00,success
250,31,2024-03-19,10.00,success
251,31,2024-02-19,10.00,success
252,31,2024-01-19,10.00,success
253,31,2023-12-19,10.00,success
254,31,2023-11-19,10.00,success
255,32,2023-12-02,25.00,success
256,32,2023-11-02,25.00,success
257,33,2024-10-10,10.00,success
258,33,2024-09-10,10.00,success
259,33,2024-08-10,10.00,success
260,33,2024-07-10,10.00,success
261,33,2024-06-10,10.00,success
262,33,2024-05-10,10.00,success
263,33,2024-04-10,10.00,success
264,33,2024-03-10,10.00,success
265,33,2024-02-10,10.00,success
266,33,2024-01-10,10.00,success
267,33,2023-12-10,10.00,success
268,34,2024-01-03,10.00,success
269,34,2023-12-03,10.00,success
270,34,2023-11-03,10.00,success
271,34,2023-10-03,10.00,success
272,34,2023-09-03,10.00,failed
273,34,2023-08-03,10.00,success
274,34,2023-07-03,10.00,success
275,34,2023-06-03,10.00,success
276,34,2023-05-03,10.00,success
277,34,2023-04-03,10.00,success
278,34,2023-03-03,10.00,success
279,34,2023-02-03,10.00,success
280,35,2024-11-14,10.00,success
281,35,2024-10-14,10.00,success
282,35,2024-09-14,10.00,success
283,35,2024-08-14,10.00,success
284,35,2024-07-14,10.00,success
285,35,2024-06-14,10.00,success
286,36,2024-07-29,25.00,success
287,36,2024-06-29,25.00,success
288,36,2024-05-29,25.00,success
289,36,2024-04-29,25.00,success
290,36,2024-03-29,25.00,success
291,37,2024-10-21,10.00,success
292,37,2024-09-21,10.00,success
293,37,2024-08-21,10.00,success
294,37,2024-07-21,10.00,success
295,37,2024-06-21,10.00,success
296,37,2024-05-21,10.00,success
297,37,2024-04-21,10.00,success
298,37,2024-03-21,10.00,success
299,37,2024-02-21,10.00,success
300,37,2024-01-21,10.00,success
301,37,2023-12-21,10.00,success
302,37,2023-11-21,10.00,failed
303,38,2024-09-12,10.00,success
304,38,2024-08-12,10.00,success
305,38,2024-07-12,10.00,success
306,38,2024-06-12,10.00,success
307,38,2024-05-12,10.00,success
308,38,2024-04-12,10.00,success
309,38,2024-03-12,10.00,failed
310,38,2024-02-12,10.00,success
311,38,2024-01-12,10.00,success
312,38,2023-12-12,10.00,success
313,39,2024-06-11,10.00,success
314,39,2024-05-11,10.00,failed
315,39,2024-04-11,10.00,success
316,39,2024-03-11,10.00,success
317,39,2024-02-11,10.00,success
318,40,2024-12-03,10.00,success
319,40,2024-11-03,10.00,success
320,40,2024-10-03,10.00,success
321,40,2024-09-03,10.00,success
322,40,2024-08-03,10.00,success
323,40,2024-07-03,10.00,success
324,40,2024-06-03,10.00,success
325,40,2024-05-03,10.00,success
326,40,2024-04-03,10.00,success
327,41,2023-03-05,10.00,failed
328,41,2023-02-05,10.00,success
329,42,2024-02-16,10.00,success
330,42,2024-01-16,10.00,success
331,42,2023-12-16,10.00,success
332,42,2023-11-16,10.00,success
333,42,2023-10-16,10.00,success
334,42,2023-09-16,10.00,success
335,43,2023-12-30,10.00,success
336,43,2023-11-30,10.00,success
337,43,2023-10-30,10.00,success
338,43,2023-09-30,10.00,success
339,43,2023-08-30,10.00,success
340,43,2023-07-30,10.00,success
341,43,2023-06-30,10.00,success
342,44,2025-05-03,25.00,success
343,44,2025-04-03,25.00,success
344,44,2025-03-03,25.00,success
345,44,2025-02-03,25.00,success
346,44,2025-01-03,25.00,success
347,44,2024-12-03,25.00,success
348,44,2024-11-03,25.00,failed
349,44,2024-10-03,25.00,success
350,44,2024-09-03,25.00,success
351,44,2024-08-03,25.00,success
352,44,2024-07-03,25.00,success
353,44,2024-06-03,25.00,success
354,45,2025-03-14,25.00,success
355,45,2025-02-14,25.00,success
356,45,2025-01-14,25.00,success
357,45,2024-12-14,25.00,success
358,45,2024-11-14,25.00,success
359,45,2024-10-14,25.00,success
360,45,2024-09-14,25.00,success
361,45,2024-08-14,25.00,success
362,45,2024-07-14,25.00,success
363,45,2024-06-14,25.00,success
364,45,2024-05-14,25.00,success
365,46,2024-09-14,10.00,success
366,46,2024-08-14,10.00,success
367,46,2024-07-14,10.00,success
368,46,2024-06-14,10.00,success
369,46,2024-05-14,10.00,success
370,46,2024-04-14,10.00,success
371,46,2024-03-14,10.00,success
372,46,2024-02-14,10.00,success
373,47,2024-05-12,10.00,success
374,47,2024-04-12,10.00,success
375,47,2024-03-12,10.00,success
376,47,2024-02-12,10.00,success
377,47,2024-01-12,10.00,success
378,47,2023-12-12,10.00,success
379,47,2023-11-12,10.00,success
380,47,2023-10-12,10.00,success
381,47,2023-09-12,10.00,success
382,48,2024-09-24,10.00,success
383,48,2024-08-24,10.00,success
384,48,2024-07-24,10.00,success
385,48,2024-06-24,10.00,success
386,48,2024-05-24,10.00,success
387,48,2024-04-24,10.00,success
388,48,2024-03-24,10.00,success
389,48,2024-02-24,10.00,success
390,48,2024-01-24,10.00,success
391,49,2024-02-22,10.00,success
392,49,2024-01-22,10.00,success
393,49,2023-12-22,10.00,success
394,49,2023-11-22,10.00,success
395,50,2024-01-14,25.00,success
396,50,2023-12-14,25.00,success
397,50,2023-11-14,25.00,success
398,50,2023-10-14,25.00,success
399,50,2023-09-14,25.00,success
400,50,2023-08-14,25.00,success
401,50,2023-07-14,25.00,success
402,50,2023-06-14,25.00,success
403,50,2023-05-14,25.00,success
404,50,2023-04-14,25.00,success
405,50,2023-03-14,25.00,success
406,50,2023-02-14,25.00,success
407,51,2024-02-05,10.00,failed
408,51,2024-01-05,10.00,success
409,51,2023-12-05,10.00,success
410,51,2023-11-05,10.00,success
411,51,2023-10-05,10.00,success
412,51,2023-09-05,10.00,success
413,51,2023-08-05,10.00,success
414,51,2023-07-05,10.00,success
415,51,2023-06-05,10.00,success
416,51,2023-05-05,10.00,success
417,51,2023-04-05,10.00,success
418,52,2023-05-22,10.00,success
419,52,2023-04-22,10.00,success
420,53,2025-04-06,10.00,success
421,53,2025-03-06,10.00,success
422,53,2025-02-06,10.00,success
423,53,2025-01-06,10.00,success
424,53,2024-12-06,10.00,success
425,53,2024-11-06,10.00,failed
426,53,2024-10-06,10.00,success
427,53,2024-09-06,10.00,success
428,53,2024-08-06,10.00,success
429,53,2024-07-06,10.00,success
430,53,2024-06-06,10.00,success
431,54,2024-11-03,10.00,success
432,54,2024-10-03,10.00,success
433,54,2024-09-03,10.00,success
434,54,2024-08-03,10.00,success
435,54,2024-07-03,10.00,success
436,55,2025-01-29,10.00,success
437,55,2024-12-29,10.00,success
438,55,2024-11-29,10.00,success
439,55,2024-10-29,10.00,success
440,55,2024-09-29,10.00,success
441,55,2024-08-29,10.00,success
442,55,2024-07-29,10.00,success
443,55,2024-06-29,10.00,success
444,55,2024-05-29,10.00,success
445,55,2024-04-29,10.00,success
446,55,2024-03-29,10.00,failed
447,55,2024-02-29,10.00,success
448,56,2023-08-17,10.00,success
449,56,2023-07-17,10.00,success
450,56,2023-06-17,10.00,success
451,56,2023-05-17,10.00,success
452,56,2023-04-17,10.00,success
453,56,2023-03-17,10.00,success
454,56,2023-02-17,10.00,success
455,57,2024-03-26,10.00,success
456,57,2024-02-26,10.00,failed
457,57,2024-01-26,10.00,success
458,57,2023-12-26,10.00,success
459,57,2023-11-26,10.00,success
460,57,2023-10-26,10.00,success
461,57,2023-09-26,10.00,success
462,58,2024-08-13,10.00,success
463,58,2024-07-13,10.00,success
464,58,2024-06-13,10.00,success
465,58,2024-05-13,10.00,success
466,58,2024-04-13,10.00,success
467,58,2024-03-13,10.00,success
468,58,2024-02-13,10.00,success
469,59,2024-06-29,25.00,success
470,59,2024-05-29,25.00,success
471,59,2024-04-29,25.00,success
472,59,2024-03-29,25.00,success
473,59,2024-02-29,25.00,success
474,59,2024-01-29,25.00,success
475,59,2023-12-29,25.00,success
476,59,2023-11-29,25.00,success
477,59,2023-10-29,25.00,success
478,59,2023-09-29,25.00,success
479,59,2023-08-29,25.00,success
480,60,2024-08-26,10.00,success
481,60,2024-07-26,10.00,success
482,60,2024-06-26,10.00,success
483,61,2024-10-22,10.00,success
484,61,2024-09-22,10.00,success
485,61,2024-08-22,10.00,success
486,61,2024-07-22,10.00,success
487,61,2024-06-22,10.00,success
488,61,2024-05-22,10.00,success
489,61,2024-04-22,10.00,success
490,61,2024-03-22,10.00,success
491,61,2024-02-22,10.00,success
492,61,2024-01-22,10.00,success
493,61,2023-12-22,10.00,success
494,61,2023-11-22,10.00,success
495,62,2024-07-25,10.00,success
496,62,2024-06-25,10.00,success
497,62,2024-05-25,10.00,success
498,62,2024-04-25,10.00,success
499,62,2024-03-25,10.00,success
500,62,2024-02-25,10.00,success
501,62,2024-01-25,10.00,success
502,62,2023-12-25,10.00,success
503,62,2023-11-25,10.00,success
504,63,2024-12-25,25.00,success
505,63,2024-11-25,25.00,success
506,63,2024-10-25,25.00,success
507,63,2024-09-25,25.00,success
508,63,2024-08-25,25.00,success
509,63,2024-07-25,25.00,success
510,63,2024-06-25,25.00,success
511,64,2024-09-26,10.00,failed
512,64,2024-08-26,10.00,success
513,64,2024-07-26,10.00,success
514,64,2024-06-26,10.00,success
515,64,2024-05-26,10.00,success
516,65,2024-01-15,10.00,success
517,65,2023-12-15,10.00,success
518,65,2023-11-15,10.00,success
519,65,2023-10-15,10.00,success
520,65,2023-09-15,10.00,success
521,65,2023-08-15,10.00,success
522,66,2023-10-22,10.00,success
523,66,2023-09-22,10.00,success
524,66,2023-08-22,10.00,success
525,67,2024-11-07,10.00,success
526,67,2024-10-07,10.00,success
527,67,2024-09-07,10.00,success
528,67,2024-08-07,10.00,success
529,67,2024-07-07,10.00,success
530,67,2024-06-07,10.00,success
531,67,2024-05-07,10.00,success
532,67,2024-04-07,10.00,failed
533,67,2024-03-07,10.00,success
534,67,2024-02-07,10.00,success
535,67,2024-01-07,10.00,success
536,67,2023-12-07,10.00,success
537,68,2023-06-20,25.00,success
538,68,2023-05-20,25.00,success
539,68,2023-04-20,25.00,success
540,69,2024-03-09,10.00,success
541,69,2024-02-09,10.00,success
542,69,2024-01-09,10.00,success
543,69,2023-12-09,10.00,success
544,69,2023-11-09,10.00,success
545,69,2023-10-09,10.00,failed
546,69,2023-09-09,10.00,success
547,69,2023-08-09,10.00,success
548,69,2023-07-09,10.00,success
549,69,2023-06-09,10.00,success
550,70,2024-04-23,10.00,success
551,70,2024-03-23,10.00,success
552,70,2024-02-23,10.00,failed
553,70,2024-01-23,10.00,success
554,70,2023-12-23,10.00,success
555,70,2023-11-23,10.00,success
556,70,2023-10-23,10.00,success
557,70,2023-09-23,10.00,success
558,70,2023-08-23,10.00,success
559,70,2023-07-23,10.00,success
560,70,2023-06-23,10.00,success
561,70,2023-05-23,10.00,success
562,71,2024-12-16,25.00,success
563,71,2024-11-16,25.00,success
564,71,2024-10-16,25.00,success
565,71,2024-09-16,25.00,success
566,71,2024-08-16,25.00,success
567,71,2024-07-16,25.00,success
568,71,2024-06-16,25.00,success
569,71,2024-05-16,25.00,success
570,71,2024-04-16,25.00,success
571,71,2024-03-16,25.00,success
572,71,2024-02-16,25.00,success
573,71,2024-01-16,25.00,success
574,72,2023-12-17,10.00,success
575,72,2023-11-17,10.00,success
576,72,2023-10-17,10.00,failed
577,72,2023-09-17,10.00,success
578,72,2023-08-17,10.00,success
579,72,2023-07-17,10.00,success
580,72,2023-06-17,10.00,success
581,72,2023-05-17,10.00,success
582,72,2023-04-17,10.00,success
583,72,2023-03-17,10.00,success
584,73,2024-07-02,25.00,failed
585,73,2024-06-02,25.00,success
586,73,2024-05-02,25.00,success
587,74,2024-06-16,10.00,success
588,74,2024-05-16,10.00,success
589,74,2024-04-16,10.00,success
590,74,2024-03-16,10.00,success
591,74,2024-02-16,10.00,success
592,74,2024-01-16,10.00,success
593,74,2023-12-16,10.00,success
594,74,2023-11-16,10.00,success
595,74,2023-10-16,10.00,success
596,74,2023-09-16,10.00,success
597,75,2024-03-22,10.00,success
598,75,2024-02-22,10.00,success
599,75,2024-01-22,10.00,failed
600,75,2023-12-22,10.00,success
601,75,2023-11-22,10.00,success
602,75,2023-10-22,10.00,success
603,75,2023-09-22,10.00,success
604,75,2023-08-22,10.00,success
605,76,2024-01-16,10.00,success
606,76,2023-12-16,10.00,success
607,76,2023-11-16,10.00,success
608,76,2023-10-16,10.00,success
609,76,2023-09-16,10.00,success
610,76,2023-08-16,10.00,failed
611,76,2023-07-16,10.00,success
612,76,2023-06-16,10.00,success
613,77,2024-04-22,10.00,success
614,77,2024-03-22,10.00,success
615,77,2024-02-22,10.00,success
616,77,2024-01-22,10.00,success
617,77,2023-12-22,10.00,success
618,77,2023-11-22,10.00,success
619,77,2023-10-22,10.00,success
620,77,2023-09-22,10.00,success
621,77,2023-08-22,10.00,success
622,77,2023-07-22,10.00,success
623,77,2023-06-22,10.00,success
624,77,2023-05-22,10.00,success
625,78,2024-12-22,10.00,success
626,78,2024-11-22,10.00,success
627,78,2024-10-22,10.00,success
628,78,2024-09-22,10.00,success
629,78,2024-08-22,10.00,success
630,78,2024-07-22,10.00,success
631,78,2024-06-22,10.00,success
632,79,2023-11-18,10.00,success
633,79,2023-10-18,10.00,success
634,79,2023-09-18,10.00,success
635,79,2023-08-18,10.00,success
636,79,2023-07-18,10.00,success
637,80,2025-01-22,10.00,success
638,80,2024-12-22,10.00,success
639,80,2024-11-22,10.00,success
640,80,2024-10-22,10.00,success
641,80,2024-09-22,10.00,success
642,80,2024-08-22,10.00,success
643,80,2024-07-22,10.00,success
644,80,2024-06-22,10.00,success
645,80,2024-05-22,10.00,success
646,80,2024-04-22,10.00,success
647,80,2024-03-22,10.00,success
648,80,2024-02-22,10.00,success
649,81,2023-12-12,25.00,success
650,81,2023-11-12,25.00,success
651,81,2023-10-12,25.00,success
652,81,2023-09-12,25.00,success
653,81,2023-08-12,25.00,success
654,81,2023-07-12,25.00,success
655,81,2023-06-12,25.00,failed
656,81,2023-05-12,25.00,success
657,82,2025-02-15,10.00,success
658,82,2025-01-15,10.00,success
659,82,2024-12-15,10.00,failed
660,82,2024-11-15,10.00,success
661,82,2024-10-15,10.00,success
662,82,2024-09-15,10.00,success
663,82,2024-08-15,10.00,success
664,82,2024-07-15,10.00,failed
665,82,2024-06-15,10.00,success
666,82,2024-05-15,10.00,failed
667,83,2024-08-17,10.00,success
668,83,2024-07-17,10.00,success
669,83,2024-06-17,10.00,success
670,83,2024-05-17,10.00,success
671,83,2024-04-17,10.00,success
672,83,2024-03-17,10.00,success
673,83,2024-02-17,10.00,success
674,83,2024-01-17,10.00,success
675,83,2023-12-17,10.00,success
676,83,2023-11-17,10.00,success
677,83,2023-10-17,10.00,success
678,84,2024-05-02,10.00,success
679,84,2024-04-02,10.00,success
680,84,2024-03-02,10.00,success
681,84,2024-02-02,10.00,success
682,84,2024-01-02,10.00,success
683,84,2023-12-02,10.00,success
684,84,2023-11-02,10.00,success
685,85,2023-08-12,10.00,success
686,85,2023-07-12,10.00,success
687,85,2023-06-12,10.00,success
688,86,2024-04-28,10.00,success
689,86,2024-03-28,10.00,success
690,86,2024-02-28,10.00,success
691,86,2024-01-28,10.00,success
692,86,2023-12-28,10.00,success
693,86,2023-11-28,10.00,success
694,86,2023-10-28,10.00,success
695,86,2023-09-28,10.00,success
696,87,2024-07-29,25.00,success
697,87,2024-06-29,25.00,success
698,87,2024-05-29,25.00,success
699,88,2024-04-28,25.00,success
700,88,2024-03-28,25.00,success
701,88,2024-02-28,25.00,success
702,88,2024-01-28,25.00,success
703,88,2023-12-28,25.00,success
704,88,2023-11-28,25.00,success
705,88,2023-10-28,25.00,success
706,88,2023-09-28,25.00,success
707,88,2023-08-28,25.00,success
708,88,2023-07-28,25.00,success
709,88,2023-06-28,25.00,success
710,88,2023-05-28,25.00,success
711,89,2024-03-02,10.00,success
712,89,2024-02-02,10.00,success
713,89,2024-01-02,10.00,success
714,89,2023-12-02,10.00,success
715,89,2023-11-02,10.00,failed
716,89,2023-10-02,10.00,success
717,90,2023-09-04,10.00,success
718,90,2023-08-04,10.00,success
719,90,2023-07-04,10.00,success
720,90,2023-06-04,10.00,success
721,91,2024-10-04,25.00,success
722,91,2024-09-04,25.00,success
723,91,2024-08-04,25.00,success
724,91,2024-07-04,25.00,success
725,91,2024-06-04,25.00,success
726,91,2024-05-04,25.00,success
727,91,2024-04-04,25.00,success
728,91,2024-03-04,25.00,success
729,91,2024-02-04,25.00,success
730,91,2024-01-04,25.00,success
731,91,2023-12-04,25.00,success
732,91,2023-11-04,25.00,success
733,92,2024-04-30,10.00,success
734,92,2024-03-31,10.00,success
735,92,2024-02-29,10.00,success
736,92,2024-01-31,10.00,success
737,93,2024-01-21,10.00,success
738,93,2023-12-21,10.00,success
739,93,2023-11-21,10.00,success
740,93,2023-10-21,10.00,success
741,93,2023-09-21,10.00,success
742,93,2023-08-21,10.00,success
743,93,2023-07-21,10.00,success
744,93,2023-06-21,10.00,success
745,93,2023-05-21,10.00,success
746,94,2025-03-15,10.00,success
747,94,2025-02-15,10.00,success
748,94,2025-01-15,10.00,success
749,94,2024-12-15,10.00,success
750,94,2024-11-15,10.00,success
751,94,2024-10-15,10.00,success
752,94,2024-09-15,10.00,success
753,94,2024-08-15,10.00,success
754,94,2024-07-15,10.00,success
755,94,2024-06-15,10.00,success
756,94,2024-05-15,10.00,success
757,94,2024-04-15,10.00,success
758,95,2024-09-25,25.00,success
759,95,2024-08-25,25.00,success
760,95,2024-07-25,25.00,success
761,95,2024-06-25,25.00,success
762,95,2024-05-25,25.00,success
763,96,2024-12-10,10.00,success
764,96,2024-11-10,10.00,success
765,96,2024-10-10,10.00,success
766,96,2024-09-10,10.00,success
767,96,2024-08-10,10.00,success
768,96,2024-07-10,10.00,success
769,96,2024-06-10,10.00,success
770,96,2024-05-10,10.00,success
771,96,2024-04-10,10.00,success
772,96,2024-03-10,10.00,success
773,96,2024-02-10,10.00,success
774,96,2024-01-10,10.00,success
775,97,2024-02-09,25.00,success
776,97,2024-01-09,25.00,success
777,97,2023-12-09,25.00,success
778,97,2023-11-09,25.00,success
779,97,2023-10-09,25.00,success
780,97,2023-09-09,25.00,failed
781,97,2023-08-09,25.00,success
782,97,2023-07-09,25.00,success
783,97,2023-06-09,25.00,success
784,97,2023-05-09,25.00,success
785,98,2024-07-24,10.00,success
786,98,2024-06-24,10.00,success
787,98,2024-05-24,10.00,success
788,98,2024-04-24,10.00,success
789,98,2024-03-24,10.00,success
790,98,2024-02-24,10.00,success
791,98,2024-01-24,10.00,success
792,98,2023-12-24,10.00,success
793,98,2023-11-24,10.00,failed
794,98,2023-10-24,10.00,success
795,98,2023-09-24,10.00,success
796,98,2023-08-24,10.00,success
797,99,2024-04-04,10.00,success
798,99,2024-03-04,10.00,success
799,99,2024-02-04,10.00,success
800,99,2024-01-04,10.00,success
801,99,2023-12-04,10.00,success
802,99,2023-11-04,10.00,success
803,100,2024-09-20,10.00,success
804,100,2024-08-20,10.00,failed
805,100,2024-07-20,10.00,success
806,100,2024-06-20,10.00,success
807,100,2024-05-20,10.00,success
808,100,2024-04-20,10.00,success
809,100,2024-03-20,10.00,success
810,100,2024-02-20,10.00,success
811,100,2024-01-20,10.00,success
812,100,2023-12-20,10.00,success
813,101,2023-08-24,10.00,success
814,101,2023-07-24,10.00,success
815,101,2023-06-24,10.00,success
816,101,2023-05-24,10.00,success
817,101,2023-04-24,10.00,success
818,101,2023-03-24,10.00,success
819,102,2023-12-15,10.00,success
820,102,2023-11-15,10.00,success
821,102,2023-10-15,10.00,failed
822,102,2023-09-15,10.00,success
823,102,2023-08-15,10.00,success
824,102,2023-07-15,10.00,success
825,102,2023-06-15,10.00,success
826,102,2023-05-15,10.00,success
827,102,2023-04-15,10.00,success
828,102,2023-03-15,10.00,success
829,102,2023-02-15,10.00,success
830,103,2023-05-26,25.00,success
831,103,2023-04-26,25.00,success
832,103,2023-03-26,25.00,success
833,103,2023-02-26,25.00,failed
834,104,2024-03-01,10.00,success
835,104,2024-02-01,10.00,success
836,105,2024-05-28,10.00,success
837,105,2024-04-28,10.00,success
838,105,2024-03-28,10.00,success
839,105,2024-02-28,10.00,success
840,105,2024-01-28,10.00,success
841,105,2023-12-28,10.00,success
842,105,2023-11-28,10.00,success
843,105,2023-10-28,10.00,success
844,105,2023-09-28,10.00,success
845,106,2024-05-08,10.00,success
846,106,2024-04-08,10.00,success
847,106,2024-03-08,10.00,failed
848,106,2024-02-08,10.00,success
849,106,2024-01-08,10.00,success
850,106,2023-12-08,10.00,success
851,106,2023-11-08,10.00,success
852,106,2023-10-08,10.00,success
853,106,2023-09-08,10.00,failed
854,107,2024-12-22,10.00,success
855,107,2024-11-22,10.00,success
856,107,2024-10-22,10.00,success
857,107,2024-09-22,10.00,success
858,107,2024-08-22,10.00,success
859,107,2024-07-22,10.00,success
860,107,2024-06-22,10.00,success
861,108,2024-01-05,10.00,success
862,108,2023-12-05,10.00,failed
863,108,2023-11-05,10.00,failed
864,108,2023-10-05,10.00,failed
865,108,2023-09-05,10.00,success
866,108,2023-08-05,10.00,success
867,108,2023-07-05,10.00,success
868,108,2023-06-05,10.00,success
869,108,2023-05-05,10.00,success
870,108,2023-04-05,10.00,success
871,109,2024-06-22,10.00,success
872,109,2024-05-22,10.00,failed
873,109,2024-04-22,10.00,success
874,109,2024-03-22,10.00,success
875,109,2024-02-22,10.00,success
876,109,2024-01-22,10.00,success
877,109,2023-12-22,10.00,success
878,109,2023-11-22,10.00,failed
879,109,2023-10-22,10.00,success
880,110,2024-09-20,10.00,success
881,110,2024-08-20,10.00,success
882,110,2024-07-20,10.00,success
883,110,2024-06-20,10.00,failed
884,110,2024-05-20,10.00,success
885,110,2024-04-20,10.00,success
886,110,2024-03-20,10.00,success
887,110,2024-02-20,10.00,failed
888,110,2024-01-20,10.00,success
889,111,2024-12-21,10.00,success
890,111,2024-11-21,10.00,success
891,111,2024-10-21,10.00,success
892,111,2024-09-21,10.00,success
893,111,2024-08-21,10.00,success
894,111,2024-07-21,10.00,success
895,111,2024-06-21,10.00,success
896,112,2024-09-30,10.00,success
897,112,2024-08-31,10.00,success
898,112,2024-07-31,10.00,success
899,112,2024-06-30,10.00,success
900,112,2024-05-31,10.00,success
901,112,2024-04-30,10.00,success
902,112,2024-03-31,10.00,success
903,112,2024-02-29,10.00,success
904,112,2024-01-31,10.00,success
905,112,2023-12-31,10.00,success
906,112,2023-11-30,10.00,success
907,112,2023-10-31,10.00,success
908,113,2023-08-20,10.00,success
909,113,2023-07-20,10.00,success
910,114,2024-09-16,25.00,success
911,114,2024-08-16,25.00,success
912,114,2024-07-16,25.00,success
913,114,2024-06-16,25.00,success
914,114,2024-05-16,25.00,success
915,114,2024-04-16,25.00,success
916,114,2024-03-16,25.00,success
917,115,2023-07-14,25.00,success
918,115,2023-06-14,25.00,success
919,115,2023-05-14,25.00,success
920,116,2024-07-06,10.00,success
921,116,2024-06-06,10.00,success
922,116,2024-05-06,10.00,success
923,116,2024-04-06,10.00,success
924,116,2024-03-06,10.00,success
925,116,2024-02-06,10.00,success
926,116,2024-01-06,10.00,success
927,116,2023-12-06,10.00,success
928,116,2023-11-06,10.00,success
929,116,2023-10-06,10.00,success
930,116,2023-09-06,10.00,success
931,117,2024-08-16,25.00,success
932,117,2024-07-16,25.00,success
933,117,2024-06-16,25.00,success
934,117,2024-05-16,25.00,success
935,117,2024-04-16,25.00,success
936,117,2024-03-16,25.00,success
937,118,2024-08-05,10.00,success
938,118,2024-07-05,10.00,success
939,118,2024-06-05,10.00,success
940,118,2024-05-05,10.00,success
941,119,2025-04-07,10.00,success
942,119,2025-03-07,10.00,success
943,119,2025-02-07,10.00,success
944,119,2025-01-07,10.00,success
945,119,2024-12-07,10.00,success
946,119,2024-11-07,10.00,success
947,119,2024-10-07,10.00,success
948,119,2024-09-07,10.00,success
949,119,2024-08-07,10.00,success
950,119,2024-07-07,10.00,success
951,120,2024-09-28,10.00,success
952,120,2024-08-28,10.00,success
953,120,2024-07-28,10.00,success
954,120,2024-06-28,10.00,success
955,120,2024-05-28,10.00,success
956,120,2024-04-28,10.00,success
957,120,2024-03-28,10.00,success
958,121,2024-01-14,10.00,success
959,121,2023-12-14,10.00,failed
960,121,2023-11-14,10.00,success
961,121,2023-10-14,10.00,success
962,121,2023-09-14,10.00,success
963,121,2023-08-14,10.00,success
964,121,2023-07-14,10.00,success
965,121,2023-06-14,10.00,success
966,121,2023-05-14,10.00,success
967,121,2023-04-14,10.00,success
968,122,2024-02-24,10.00,success
969,122,2024-01-24,10.00,success
970,122,2023-12-24,10.00,success
971,122,2023-11-24,10.00,success
972,122,2023-10-24,10.00,success
973,122,2023-09-24,10.00,success
974,123,2023-12-01,10.00,success
975,123,2023-11-01,10.00,success
976,123,2023-10-01,10.00,success
977,123,2023-09-01,10.00,success
978,123,2023-08-01,10.00,success
979,123,2023-07-01,10.00,success
980,123,2023-06-01,10.00,success
981,123,2023-05-01,10.00,success
982,123,2023-04-01,10.00,success
983,123,2023-03-01,10.00,success
984,123,2023-02-01,10.00,success
985,124,2024-01-14,10.00,failed
986,124,2023-12-14,10.00,success
987,124,2023-11-14,10.00,success
988,124,2023-10-14,10.00,success
989,124,2023-09-14,10.00,success
990,124,2023-08-14,10.00,success
991,125,2024-05-12,10.00,success
992,125,2024-04-12,10.00,success
993,125,2024-03-12,10.00,success
994,125,2024-02-12,10.00,success
995,126,2024-06-30,10.00,success
996,126,2024-05-31,10.00,success
997,126,2024-04-30,10.00,success
998,126,2024-03-31,10.00,failed
999,126,2024-02-29,10.00,success
1000,126,2024-01-31,10.00,success
1001,126,2023-12-31,10.00,success
1002,127,2023-10-14,10.00,success
1003,127,2023-09-14,10.00,success
1004,127,2023-08-14,10.00,success
1005,127,2023-07-14,10.00,success
1006,127,2023-06-14,10.00,success
1007,127,2023-05-14,10.00,success
1008,127,2023-04-14,10.00,success
1009,127,2023-03-14,10.00,success
1010,127,2023-02-14,10.00,success
1011,128,2024-07-15,10.00,success
1012,128,2024-06-15,10.00,success
1013,128,2024-05-15,10.00,success
1014,128,2024-04-15,10.00,success
1015,128,2024-03-15,10.00,success
1016,128,2024-02-15,10.00,success
1017,128,2024-01-15,10.00,success
1018,128,2023-12-15,10.00,success
1019,128,2023-11-15,10.00,success
1020,128,2023-10-15,10.00,success
1021,128,2023-09-15,10.00,success
1022,128,2023-08-15,10.00,success
1023,129,2023-09-18,10.00,success
1024,129,2023-08-18,10.00,success
1025,129,2023-07-18,10.00,success
1026,130,2024-02-10,10.00,success
1027,130,2024-01-10,10.00,success
1028,130,2023-12-10,10.00,success
1029,130,2023-11-10,10.00,success
1030,130,2023-10-10,10.00,success
1031,130,2023-09-10,10.00,success
1032,131,2025-02-21,10.00,success
1033,131,2025-01-21,10.00,success
1034,131,2024-12-21,10.00,success
1035,131,2024-11-21,10.00,success
1036,131,2024-10-21,10.00,success
1037,131,2024-09-21,10.00,success
1038,131,2024-08-21,10.00,success
1039,131,2024-07-21,10.00,success
1040,131,2024-06-21,10.00,success
1041,131,2024-05-21,10.00,success
1042,131,2024-04-21,10.00,success
1043,132,2024-08-02,10.00,success
1044,132,2024-07-02,10.00,success
1045,132,2024-06-02,10.00,success
1046,133,2023-11-14,10.00,success
1047,133,2023-10-14,10.00,success
1048,133,2023-09-14,10.00,success
1049,133,2023-08-14,10.00,failed
1050,133,2023-07-14,10.00,failed
1051,133,2023-06-14,10.00,success
1052,133,2023-05-14,10.00,success
1053,133,2023-04-14,10.00,success
1054,134,2024-04-27,25.00,success
1055,134,2024-03-27,25.00,success
1056,134,2024-02-27,25.00,success
1057,134,2024-01-27,25.00,success
1058,134,2023-12-27,25.00,success
1059,134,2023-11-27,25.00,success
1060,134,2023-10-27,25.00,success
1061,134,2023-09-27,25.00,success
1062,134,2023-08-27,25.00,success
1063,135,2023-07-21,10.00,success
1064,135,2023-06-21,10.00,success
1065,135,2023-05-21,10.00,success
1066,135,2023-04-21,10.00,success
1067,135,2023-03-21,10.00,success
1068,135,2023-02-21,10.00,success
1069,135,2023-01-21,10.00,failed
1070,136,2024-08-08,10.00,success
1071,136,2024-07-08,10.00,success
1072,136,2024-06-08,10.00,success
1073,136,2024-05-08,10.00,success
1074,137,2024-03-27,25.00,success
1075,137,2024-02-27,25.00,success
1076,137,2024-01-27,25.00,success
1077,138,2024-11-13,10.00,success
1078,138,2024-10-13,10.00,success
1079,138,2024-09-13,10.00,success
1080,138,2024-08-13,10.00,success
1081,138,2024-07-13,10.00,success
1082,138,2024-06-13,10.00,success
1083,138,2024-05-13,10.00,success
1084,138,2024-04-13,10.00,success
1085,138,2024-03-13,10.00,success
1086,138,2024-02-13,10.00,success
1087,138,2024-01-13,10.00,success
1088,139,2024-06-25,25.00,success
1089,139,2024-05-25,25.00,success
1090,139,2024-04-25,25.00,success
1091,140,2024-04-13,25.00,success
1092,140,2024-03-13,25.00,success
1093,140,2024-02-13,25.00,success
1094,140,2024-01-13,25.00,success
1095,141,2023-10-16,10.00,failed
1096,141,2023-09-16,10.00,success
1097,141,2023-08-16,10.00,success
1098,141,2023-07-16,10.00,success
1099,141,2023-06-16,10.00,success
1100,141,2023-05-16,10.00,success
1101,142,2023-11-20,10.00,success
1102,142,2023-10-20,10.00,success
1103,142,2023-09-20,10.00,success
1104,142,2023-08-20,10.00,success
1105,142,2023-07-20,10.00,success
1106,142,2023-06-20,10.00,success
1107,142,2023-05-20,10.00,success
1108,143,2024-10-10,10.00,success
1109,143,2024-09-10,10.00,success
1110,143,2024-08-10,10.00,success
1111,143,2024-07-10,10.00,success
1112,143,2024-06-10,10.00,success
1113,143,2024-05-10,10.00,success
1114,143,2024-04-10,10.00,success
1115,143,2024-03-10,10.00,success
1116,144,2024-01-03,10.00,success
1117,144,2023-12-03,10.00,success
1118,144,2023-11-03,10.00,success
1119,144,2023-10-03,10.00,success
1120,144,2023-09-03,10.00,success
1121,144,2023-08-03,10.00,success
1122,144,2023-07-03,10.00,failed
1123,144,2023-06-03,10.00,success
1124,144,2023-05-03,10.00,success
1125,144,2023-04-03,10.00,success
1126,144,2023-03-03,10.00,success
1127,144,2023-02-03,10.00,success
1128,145,2024-06-01,25.00,success
1129,145,2024-05-01,25.00,success
1130,145,2024-04-01,25.00,success
1131,145,2024-03-01,25.00,success
1132,145,2024-02-01,25.00,success
1133,145,2024-01-01,25.00,success
1134,145,2023-12-01,25.00,success
1135,145,2023-11-01,25.00,success
1136,145,2023-10-01,25.00,success
1137,145,2023-09-01,25.00,success
1138,146,2024-05-22,10.00,success
1139,146,2024-04-22,10.00,success
1140,146,2024-03-22,10.00,success
1141,146,2024-02-22,10.00,success
1142,146,2024-01-22,10.00,success
1143,146,2023-12-22,10.00,success
1144,146,2023-11-22,10.00,success
1145,146,2023-10-22,10.00,success
1146,146,2023-09-22,10.00,success
1147,147,2023-08-05,10.00,success
1148,147,2023-07-05,10.00,success
1149,147,2023-06-05,10.00,success
1150,147,2023-05-05,10.00,success
1151,147,2023-04-05,10.00,success
1152,147,2023-03-05,10.00,success
1153,147,2023-02-05,10.00,success
1154,148,2024-05-06,10.00,success
1155,148,2024-04-06,10.00,success
1156,148,2024-03-06,10.00,success
1157,148,2024-02-06,10.00,success
1158,148,2024-01-06,10.00,success
1159,148,2023-12-06,10.00,success
1160,148,2023-11-06,10.00,success
1161,148,2023-10-06,10.00,failed
1162,148,2023-09-06,10.00,success
1163,148,2023-08-06,10.00,success
1164,148,2023-07-06,10.00,success
1165,149,2024-08-28,10.00,success
1166,149,2024-07-28,10.00,success
1167,149,2024-06-28,10.00,success
1168,149,2024-05-28,10.00,success
1169,149,2024-04-28,10.00,failed
1170,149,2024-03-28,10.00,success
1171,149,2024-02-28,10.00,success
1172,149,2024-01-28,10.00,success
1173,150,2023-11-30,10.00,success
1174,150,2023-10-31,10.00,failed
1175,150,2023-09-30,10.00,success
1176,150,2023-08-31,10.00,success
1177,151,2024-07-04,10.00,success
1178,151,2024-06-04,10.00,success
1179,151,2024-05-04,10.00,success
1180,151,2024-04-04,10.00,success
1181,151,2024-03-04,10.00,success
1182,151,2024-02-04,10.00,success
1183,151,2024-01-04,10.00,success
1184,151,2023-12-04,10.00,success
1185,151,2023-11-04,10.00,success
1186,151,2023-10-04,10.00,success
1187,151,2023-09-04,10.00,success
1188,151,2023-08-04,10.00,success
1189,152,2024-07-21,25.00,success
1190,152,2024-06-21,25.00,success
1191,152,2024-05-21,25.00,success
1192,152,2024-04-21,25.00,success
1193,152,2024-03-21,25.00,success
1194,152,2024-02-21,25.00,success
1195,152,2024-01-21,25.00,success
1196,152,2023-12-21,25.00,success
1197,152,2023-11-21,25.00,success
1198,152,2023-10-21,25.00,success
1199,152,2023-09-21,25.00,success
1200,152,2023-08-21,25.00,failed
1201,153,2024-08-13,25.00,success
1202,153,2024-07-13,25.00,success
1203,153,2024-06-13,25.00,success
1204,154,2024-09-11,10.00,failed
1205,154,2024-08-11,10.00,success
1206,154,2024-07-11,10.00,success
1207,154,2024-06-11,10.00,success
1208,154,2024-05-11,10.00,success
1209,154,2024-04-11,10.00,success
1210,154,2024-03-11,10.00,success
1211,154,2024-02-11,10.00,success
1212,154,2024-01-11,10.00,success
1213,154,2023-12-11,10.00,success
1214,154,2023-11-11,10.00,success
1215,155,2024-07-22,25.00,success
1216,155,2024-06-22,25.00,success
1217,155,2024-05-22,25.00,success
1218,155,2024-04-22,25.00,success
1219,155,2024-03-22,25.00,success
1220,155,2024-02-22,25.00,success
1221,155,2024-01-22,25.00,success
1222,156,2023-11-20,10.00,success
1223,156,2023-10-20,10.00,success
1224,156,2023-09-20,10.00,success
1225,156,2023-08-20,10.00,success
1226,156,2023-07-20,10.00,success
1227,156,2023-06-20,10.00,success
1228,156,2023-05-20,10.00,success
1229,156,2023-04-20,10.00,success
1230,156,2023-03-20,10.00,success
1231,156,2023-02-20,10.00,success
1232,157,2023-08-28,10.00,success
1233,157,2023-07-28,10.00,success
1234,157,2023-06-28,10.00,success
1235,157,2023-05-28,10.00,success
1236,157,2023-04-28,10.00,success
1237,157,2023-03-28,10.00,success
1238,158,2024-03-11,10.00,success
1239,158,2024-02-11,10.00,success
1240,158,2024-01-11,10.00,success
1241,159,2024-10-22,10.00,success
1242,159,2024-09-22,10.00,success
1243,159,2024-08-22,10.00,success
1244,159,2024-07-22,10.00,success
1245,159,2024-06-22,10.00,success
1246,159,2024-05-22,10.00,success
1247,160,2023-06-30,25.00,success
1248,160,2023-05-30,25.00,success
1249,161,2024-06-07,25.00,success
1250,161,2024-05-07,25.00,success
1251,162,2023-03-24,10.00,success
1252,162,2023-02-24,10.00,success
1253,163,2024-06-27,10.00,success
1254,163,2024-05-27,10.00,success
1255,164,2025-02-25,10.00,success
1256,164,2025-01-25,10.00,success
1257,164,2024-12-25,10.00,success
1258,164,2024-11-25,10.00,success
1259,164,2024-10-25,10.00,success
1260,164,2024-09-25,10.00,success
1261,164,2024-08-25,10.00,success
1262,164,2024-07-25,10.00,success
1263,164,2024-06-25,10.00,success
1264,164,2024-05-25,10.00,success
1265,164,2024-04-25,10.00,success
1266,164,2024-03-25,10.00,success
1267,165,2024-07-24,10.00,success
1268,165,2024-06-24,10.00,success
1269,165,2024-05-24,10.00,success
1270,165,2024-04-24,10.00,success
1271,165,2024-03-24,10.00,success
1272,165,2024-02-24,10.00,success
1273,165,2024-01-24,10.00,success
1274,165,2023-12-24,10.00,success
1275,166,2024-08-30,25.00,success
1276,166,2024-07-30,25.00,success
1277,166,2024-06-30,25.00,success
1278,166,2024-05-30,25.00,success
1279,167,2023-03-22,25.00,success
1280,167,2023-02-22,25.00,success
1281,168,2023-08-24,10.00,success
1282,168,2023-07-24,10.00,success
1283,168,2023-06-24,10.00,success
1284,168,2023-05-24,10.00,success
1285,168,2023-04-24,10.00,success
1286,168,2023-03-24,10.00,success
1287,169,2024-04-04,25.00,success
1288,169,2024-03-04,25.00,success
1289,169,2024-02-04,25.00,success
1290,169,2024-01-04,25.00,success
1291,169,2023-12-04,25.00,success
1292,170,2024-10-21,10.00,success
1293,170,2024-09-21,10.00,success
1294,170,2024-08-21,10.00,success
1295,170,2024-07-21,10.00,success
1296,170,2024-06-21,10.00,success
1297,170,2024-05-21,10.00,success
1298,170,2024-04-21,10.00,success
1299,170,2024-03-21,10.00,success
1300,170,2024-02-21,10.00,failed
1301,170,2024-01-21,10.00,success
1302,171,2023-09-01,10.00,success
1303,171,2023-08-01,10.00,success
1304,171,2023-07-01,10.00,success
1305,171,2023-06-01,10.00,success
1306,171,2023-05-01,10.00,success
1307,171,2023-04-01,10.00,success
1308,171,2023-03-01,10.00,success
1309,171,2023-02-01,10.00,success
1310,172,2024-01-13,10.00,success
1311,172,2023-12-13,10.00,success
1312,172,2023-11-13,10.00,success
1313,172,2023-10-13,10.00,success
1314,172,2023-09-13,10.00,success
1315,172,2023-08-13,10.00,success
1316,172,2023-07-13,10.00,success
1317,172,2023-06-13,10.00,success
1318,172,2023-05-13,10.00,success
1319,172,2023-04-13,10.00,failed
1320,172,2023-03-13,10.00,success
1321,173,2024-04-27,10.00,success
1322,173,2024-03-27,10.00,success
1323,173,2024-02-27,10.00,success
1324,173,2024-01-27,10.00,success
1325,173,2023-12-27,10.00,success
1326,173,2023-11-27,10.00,success
1327,173,2023-10-27,10.00,failed
1328,173,2023-09-27,10.00,success
1329,173,2023-08-27,10.00,success
1330,173,2023-07-27,10.00,success
1331,173,2023-06-27,10.00,success
1332,174,2024-09-10,10.00,success
1333,174,2024-08-10,10.00,success
1334,174,2024-07-10,10.00,success
1335,174,2024-06-10,10.00,success
1336,174,2024-05-10,10.00,success
1337,175,2024-02-29,10.00,success
1338,175,2024-01-29,10.00,success
1339,175,2023-12-29,10.00,success
1340,175,2023-11-29,10.00,success
1341,175,2023-10-29,10.00,success
1342,175,2023-09-29,10.00,success
1343,175,2023-08-29,10.00,success
1344,175,2023-07-29,10.00,success
1345,175,2023-06-29,10.00,success
1346,175,2023-05-29,10.00,success
1347,175,2023-04-29,10.00,success
1348,175,2023-03-29,10.00,success
1349,176,2024-03-02,10.00,success
1350,176,2024-02-02,10.00,success
1351,176,2024-01-02,10.00,success
1352,176,2023-12-02,10.00,success
1353,176,2023-11-02,10.00,success
1354,176,2023-10-02,10.00,success
1355,176,2023-09-02,10.00,success
1356,176,2023-08-02,10.00,success
1357,176,2023-07-02,10.00,success
1358,176,2023-06-02,10.00,success
1359,176,2023-05-02,10.00,success
1360,176,2023-04-02,10.00,success
1361,177,2024-01-17,10.00,success
1362,177,2023-12-17,10.00,success
1363,177,2023-11-17,10.00,success
1364,177,2023-10-17,10.00,success
1365,177,2023-09-17,10.00,failed
1366,177,2023-08-17,10.00,success
1367,177,2023-07-17,10.00,success
1368,178,2023-11-12,10.00,success
1369,178,2023-10-12,10.00,success
1370,178,2023-09-12,10.00,success
1371,178,2023-08-12,10.00,success
1372,179,2023-11-20,10.00,success
1373,179,2023-10-20,10.00,success
1374,180,2024-12-30,10.00,success
1375,180,2024-11-30,10.00,success
1376,180,2024-10-30,10.00,success
1377,180,2024-09-30,10.00,failed
1378,180,2024-08-30,10.00,success
1379,180,2024-07-30,10.00,success
1380,180,2024-06-30,10.00,success
1381,180,2024-05-30,10.00,success
1382,180,2024-04-30,10.00,success
1383,181,2024-01-12,10.00,failed
1384,181,2023-12-12,10.00,success
1385,181,2023-11-12,10.00,success
1386,181,2023-10-12,10.00,success
1387,181,2023-09-12,10.00,success
1388,181,2023-08-12,10.00,success
1389,181,2023-07-12,10.00,failed
1390,181,2023-06-12,10.00,success
1391,181,2023-05-12,10.00,success
1392,181,2023-04-12,10.00,success
1393,181,2023-03-12,10.00,success
1394,181,2023-02-12,10.00,success
1395,182,2024-06-18,10.00,success
1396,182,2024-05-18,10.00,success
1397,182,2024-04-18,10.00,success
1398,183,2024-01-13,10.00,success
1399,183,2023-12-13,10.00,success
1400,183,2023-11-13,10.00,success
1401,184,2024-11-26,10.00,success
1402,184,2024-10-26,10.00,success
1403,184,2024-09-26,10.00,success
1404,184,2024-08-26,10.00,success
1405,184,2024-07-26,10.00,success
1406,184,2024-06-26,10.00,success
1407,184,2024-05-26,10.00,success
1408,184,2024-04-26,10.00,failed
1409,184,2024-03-26,10.00,success
1410,184,2024-02-26,10.00,success
1411,184,2024-01-26,10.00,success
1412,184,2023-12-26,10.00,success
1413,185,2024-03-14,25.00,success
1414,185,2024-02-14,25.00,success
1415,185,2024-01-14,25.00,success
1416,185,2023-12-14,25.00,success
1417,185,2023-11-14,25.00,success
1418,185,2023-10-14,25.00,success
1419,186,2024-09-16,10.00,success
1420,186,2024-08-16,10.00,failed
1421,186,2024-07-16,10.00,success
1422,186,2024-06-16,10.00,success
1423,186,2024-05-16,10.00,success
1424,186,2024-04-16,10.00,success
1425,186,2024-03-16,10.00,success
1426,186,2024-02-16,10.00,success
1427,186,2024-01-16,10.00,success
1428,186,2023-12-16,10.00,success
1429,186,2023-11-16,10.00,success
1430,187,2023-09-07,10.00,success
1431,187,2023-08-07,10.00,success
1432,188,2023-10-23,10.00,success
1433,188,2023-09-23,10.00,success
1434,188,2023-08-23,10.00,success
1435,188,2023-07-23,10.00,success
1436,188,2023-06-23,10.00,success
1437,189,2023-09-10,10.00,failed
1438,189,2023-08-10,10.00,success
1439,189,2023-07-10,10.00,success
1440,189,2023-06-10,10.00,success
1441,190,2023-10-08,25.00,success
1442,190,2023-09-08,25.00,success
1443,190,2023-08-08,25.00,success
1444,191,2024-10-20,10.00,success
1445,191,2024-09-20,10.00,failed
1446,191,2024-08-20,10.00,success
1447,191,2024-07-20,10.00,success
1448,191,2024-06-20,10.00,success
1449,191,2024-05-20,10.00,success
1450,191,2024-04-20,10.00,success
1451,191,2024-03-20,10.00,success
1452,191,2024-02-20,10.00,success
1453,192,2024-03-08,10.00,success
1454,192,2024-02-08,10.00,success
1455,192,2024-01-08,10.00,failed
1456,192,2023-12-08,10.00,success
1457,192,2023-11-08,10.00,success
1458,192,2023-10-08,10.00,success
1459,192,2023-09-08,10.00,success
1460,192,2023-08-08,10.00,success
1461,192,2023-07-08,10.00,success
1462,192,2023-06-08,10.00,success
1463,192,2023-05-08,10.00,success
1464,192,2023-04-08,10.00,failed
1465,193,2023-10-13,25.00,success
1466,193,2023-09-13,25.00,success
1467,193,2023-08-13,25.00,success
1468,193,2023-07-13,25.00,success
1469,193,2023-06-13,25.00,success
1470,193,2023-05-13,25.00,success
1471,193,2023-04-13,25.00,success
1472,193,2023-03-13,25.00,success
1473,194,2024-03-30,10.00,success
1474,194,2024-02-29,10.00,success
1475,194,2024-01-30,10.00,success
1476,194,2023-12-30,10.00,success
1477,194,2023-11-30,10.00,failed
1478,194,2023-10-30,10.00,success
1479,194,2023-09-30,10.00,success
1480,194,2023-08-30,10.00,success
1481,194,2023-07-30,10.00,failed
1482,194,2023-06-30,10.00,success
1483,194,2023-05-30,10.00,failed
1484,194,2023-04-30,10.00,success
1485,195,2024-08-23,10.00,success
1486,195,2024-07-23,10.00,success
1487,195,2024-06-23,10.00,success
1488,195,2024-05-23,10.00,success
1489,195,2024-04-23,10.00,success
1490,195,2024-03-23,10.00,success
1491,195,2024-02-23,10.00,success
1492,196,2024-09-10,25.00,success
1493,196,2024-08-10,25.00,success
1494,196,2024-07-10,25.00,success
1495,196,2024-06-10,25.00,success
1496,196,2024-05-10,25.00,success
1497,196,2024-04-10,25.00,success
1498,196,2024-03-10,25.00,success
1499,197,2024-12-06,10.00,success
1500,197,2024-11-06,10.00,failed
1501,197,2024-10-06,10.00,failed
1502,197,2024-09-06,10.00,success
1503,197,2024-08-06,10.00,success
1504,197,2024-07-06,10.00,success
1505,197,2024-06-06,10.00,success
1506,197,2024-05-06,10.00,success
1507,197,2024-04-06,10.00,success
1508,197,2024-03-06,10.00,success
1509,197,2024-02-06,10.00,success
1510,197,2024-01-06,10.00,success
1511,198,2024-02-24,10.00,success
1512,198,2024-01-24,10.00,success
1513,198,2023-12-24,10.00,success
1514,198,2023-11-24,10.00,success
1515,198,2023-10-24,10.00,success
1516,198,2023-09-24,10.00,success
1517,199,2024-09-11,10.00,success
1518,199,2024-08-11,10.00,success
1519,199,2024-07-11,10.00,success
1520,199,2024-06-11,10.00,success
1521,199,2024-05-11,10.00,success
1522,199,2024-04-11,10.00,success
1523,199,2024-03-11,10.00,success
1524,199,2024-02-11,10.00,success
1525,199,2024-01-11,10.00,success
1526,199,2023-12-11,10.00,failed
1527,199,2023-11-11,10.00,success
1528,199,2023-10-11,10.00,success
1529,200,2024-03-27,25.00,failed
1530,200,2024-02-27,25.00,success
1531,201,2024-01-11,10.00,success
1532,201,2023-12-11,10.00,success
1533,201,2023-11-11,10.00,success
1534,201,2023-10-11,10.00,success
1535,201,2023-09-11,10.00,success
1536,201,2023-08-11,10.00,success
1537,201,2023-07-11,10.00,success
1538,202,2023-10-16,25.00,success
1539,202,2023-09-16,25.00,success
1540,202,2023-08-16,25.00,success
1541,202,2023-07-16,25.00,success
1542,202,2023-06-16,25.00,success
1543,202,2023-05-16,25.00,success
1544,202,2023-04-16,25.00,success
1545,202,2023-03-16,25.00,success
1546,203,2023-09-22,10.00,success
1547,203,2023-08-22,10.00,success
1548,203,2023-07-22,10.00,success
1549,203,2023-06-22,10.00,success
1550,203,2023-05-22,10.00,success
1551,203,2023-04-22,10.00,success
1552,203,2023-03-22,10.00,success
1553,203,2023-02-22,10.00,success
1554,204,2025-01-26,10.00,success
1555,204,2024-12-26,10.00,success
1556,204,2024-11-26,10.00,success
1557,204,2024-10-26,10.00,success
1558,204,2024-09-26,10.00,success
1559,204,2024-08-26,10.00,success
1560,204,2024-07-26,10.00,success
1561,204,2024-06-26,10.00,success
1562,204,2024-05-26,10.00,success
1563,204,2024-04-26,10.00,success
1564,204,2024-03-26,10.00,success
1565,204,2024-02-26,10.00,success
1566,205,2025-03-18,10.00,success
1567,205,2025-02-18,10.00,success
1568,205,2025-01-18,10.00,success
1569,205,2024-12-18,10.00,success
1570,205,2024-11-18,10.00,success
1571,205,2024-10-18,10.00,success
1572,205,2024-09-18,10.00,success
1573,205,2024-08-18,10.00,success
1574,205,2024-07-18,10.00,success
1575,205,2024-06-18,10.00,success
1576,205,2024-05-18,10.00,success
1577,205,2024-04-18,10.00,success
1578,206,2023-11-24,25.00,success
1579,206,2023-10-24,25.00,success
1580,206,2023-09-24,25.00,success
1581,206,2023-08-24,25.00,success
1582,207,2023-06-26,10.00,success
1583,207,2023-05-26,10.00,success
1584,208,2024-06-08,25.00,success
1585,208,2024-05-08,25.00,failed
1586,208,2024-04-08,25.00,success
1587,209,2024-10-19,10.00,success
1588,209,2024-09-19,10.00,success
1589,209,2024-08-19,10.00,success
1590,209,2024-07-19,10.00,success
1591,209,2024-06-19,10.00,success
1592,209,2024-05-19,10.00,success
1593,209,2024-04-19,10.00,success
1594,210,2024-08-26,25.00,success
1595,210,2024-07-26,25.00,success
1596,210,2024-06-26,25.00,success
1597,210,2024-05-26,25.00,success
1598,210,2024-04-26,25.00,success
1599,210,2024-03-26,25.00,success
1600,211,2023-10-01,10.00,success
1601,211,2023-09-01,10.00,success
1602,211,2023-08-01,10.00,success
1603,211,2023-07-01,10.00,success
1604,212,2024-06-10,25.00,success
1605,212,2024-05-10,25.00,success
1606,212,2024-04-10,25.00,success
1607,212,2024-03-10,25.00,success
1608,212,2024-02-10,25.00,success
1609,212,2024-01-10,25.00,success
1610,212,2023-12-10,25.00,success
1611,212,2023-11-10,25.00,success
1612,212,2023-10-10,25.00,success
1613,212,2023-09-10,25.00,success
1614,213,2024-09-08,10.00,success
1615,213,2024-08-08,10.00,success
1616,213,2024-07-08,10.00,success
1617,213,2024-06-08,10.00,success
1618,214,2024-08-23,10.00,failed
1619,214,2024-07-23,10.00,success
1620,214,2024-06-23,10.00,success
1621,214,2024-05-23,10.00,success
1622,214,2024-04-23,10.00,success
1623,214,2024-03-23,10.00,success
1624,214,2024-02-23,10.00,success
1625,214,2024-01-23,10.00,success
1626,214,2023-12-23,10.00,success
1627,214,2023-11-23,10.00,success
1628,214,2023-10-23,10.00,failed
1629,215,2024-05-20,10.00,failed
1630,215,2024-04-20,10.00,success
1631,215,2024-03-20,10.00,success
1632,216,2025-02-27,10.00,success
1633,216,2025-01-27,10.00,success
1634,216,2024-12-27,10.00,success
1635,216,2024-11-27,10.00,success
1636,216,2024-10-27,10.00,success
1637,216,2024-09-27,10.00,success
1638,216,2024-08-27,10.00,success
1639,216,2024-07-27,10.00,success
1640,216,2024-06-27,10.00,success
1641,216,2024-05-27,10.00,success
1642,216,2024-04-27,10.00,success
1643,216,2024-03-27,10.00,success
1644,217,2025-01-26,10.00,success
1645,217,2024-12-26,10.00,success
1646,217,2024-11-26,10.00,success
1647,217,2024-10-26,10.00,success
1648,217,2024-09-26,10.00,success
1649,217,2024-08-26,10.00,success
1650,217,2024-07-26,10.00,success
1651,217,2024-06-26,10.00,success
1652,217,2024-05-26,10.00,success
1653,217,2024-04-26,10.00,success
1654,217,2024-03-26,10.00,success
1655,217,2024-02-26,10.00,success
1656,218,2024-09-17,10.00,success
1657,218,2024-08-17,10.00,success
1658,218,2024-07-17,10.00,success
1659,218,2024-06-17,10.00,success
1660,218,2024-05-17,10.00,success
1661,219,2024-04-01,10.00,success
1662,219,2024-03-01,10.00,success
1663,219,2024-02-01,10.00,success
1664,219,2024-01-01,10.00,success
1665,219,2023-12-01,10.00,failed
1666,219,2023-11-01,10.00,success
1667,219,2023-10-01,10.00,success
1668,219,2023-09-01,10.00,success
1669,219,2023-08-01,10.00,success
1670,219,2023-07-01,10.00,success
1671,220,2024-08-16,25.00,success
1672,220,2024-07-16,25.00,success
1673,220,2024-06-16,25.00,success
1674,220,2024-05-16,25.00,success
1675,220,2024-04-16,25.00,success
1676,220,2024-03-16,25.00,success
1677,220,2024-02-16,25.00,success
1678,220,2024-01-16,25.00,success
1679,221,2024-10-11,10.00,failed
1680,221,2024-09-11,10.00,success
1681,221,2024-08-11,10.00,success
1682,221,2024-07-11,10.00,success
1683,221,2024-06-11,10.00,success
1684,221,2024-05-11,10.00,success
1685,221,2024-04-11,10.00,success
1686,221,2024-03-11,10.00,success
1687,221,2024-02-11,10.00,success
1688,222,2023-03-23,10.00,success
1689,222,2023-02-23,10.00,success
1690,223,2023-11-27,10.00,success
1691,223,2023-10-27,10.00,success
1692,223,2023-09-27,10.00,success
1693,223,2023-08-27,10.00,failed
1694,223,2023-07-27,10.00,success
1695,223,2023-06-27,10.00,success
1696,223,2023-05-27,10.00,success
1697,224,2024-08-01,10.00,success
1698,224,2024-07-01,10.00,success
1699,224,2024-06-01,10.00,success
1700,224,2024-05-01,10.00,success
1701,224,2024-04-01,10.00,success
1702,224,2024-03-01,10.00,success
1703,224,2024-02-01,10.00,success
1704,224,2024-01-01,10.00,success
1705,225,2024-07-03,10.00,success
1706,225,2024-06-03,10.00,success
1707,225,2024-05-03,10.00,success
1708,225,2024-04-03,10.00,success
1709,225,2024-03-03,10.00,success
1710,225,2024-02-03,10.00,success
1711,225,2024-01-03,10.00,success
1712,226,2024-10-24,25.00,success
1713,226,2024-09-24,25.00,success
1714,226,2024-08-24,25.00,success
1715,226,2024-07-24,25.00,success
1716,226,2024-06-24,25.00,success
1717,226,2024-05-24,25.00,success
1718,226,2024-04-24,25.00,success
1719,226,2024-03-24,25.00,success
1720,226,2024-02-24,25.00,success
1721,226,2024-01-24,25.00,success
1722,226,2023-12-24,25.00,success
1723,226,2023-11-24,25.00,success
1724,227,2024-04-13,10.00,success
1725,227,2024-03-13,10.00,success
1726,227,2024-02-13,10.00,success
1727,227,2024-01-13,10.00,success
1728,227,2023-12-13,10.00,success
1729,227,2023-11-13,10.00,success
1730,227,2023-10-13,10.00,success
1731,227,2023-09-13,10.00,success
1732,227,2023-08-13,10.00,success
1733,227,2023-07-13,10.00,success
1734,227,2023-06-13,10.00,success
1735,227,2023-05-13,10.00,success
1736,228,2024-10-01,25.00,success
1737,228,2024-09-01,25.00,success
1738,228,2024-08-01,25.00,success
1739,228,2024-07-01,25.00,success
1740,229,2023-06-07,10.00,success
1741,229,2023-05-07,10.00,failed
1742,229,2023-04-07,10.00,success
1743,229,2023-03-07,10.00,success
1744,229,2023-02-07,10.00,success
1745,230,2025-06-25,10.00,success
1746,230,2025-05-25,10.00,success
1747,230,2025-04-25,10.00,failed
1748,230,2025-03-25,10.00,success
1749,230,2025-02-25,10.00,success
1750,230,2025-01-25,10.00,success
1751,230,2024-12-25,10.00,success
1752,230,2024-11-25,10.00,success
1753,230,2024-10-25,10.00,success
1754,230,2024-09-25,10.00,success
1755,230,2024-08-25,10.00,success
1756,230,2024-07-25,10.00,success
1757,231,2023-05-20,10.00,success
1758,231,2023-04-20,10.00,success
1759,231,2023-03-20,10.00,success
1760,231,2023-02-20,10.00,success
1761,232,2023-11-24,10.00,success
1762,232,2023-10-24,10.00,success
1763,232,2023-09-24,10.00,success
1764,232,2023-08-24,10.00,success
1765,232,2023-07-24,10.00,success
1766,232,2023-06-24,10.00,success
1767,233,2024-02-24,10.00,success
1768,233,2024-01-24,10.00,success
1769,234,2024-06-12,10.00,success
1770,234,2024-05-12,10.00,success
1771,234,2024-04-12,10.00,success
1772,234,2024-03-12,10.00,failed
1773,234,2024-02-12,10.00,success
1774,234,2024-01-12,10.00,success
1775,234,2023-12-12,10.00,success
1776,234,2023-11-12,10.00,success
1777,234,2023-10-12,10.00,success
1778,235,2024-01-11,10.00,success
1779,235,2023-12-11,10.00,success
1780,235,2023-11-11,10.00,success
1781,235,2023-10-11,10.00,success
1782,235,2023-09-11,10.00,success
1783,235,2023-08-11,10.00,success
1784,236,2023-07-23,25.00,success
1785,236,2023-06-23,25.00,success
1786,236,2023-05-23,25.00,success
1787,236,2023-04-23,25.00,success
1788,236,2023-03-23,25.00,success
1789,236,2023-02-23,25.00,success
1790,237,2023-10-14,10.00,success
1791,237,2023-09-14,10.00,success
1792,237,2023-08-14,10.00,success
1793,237,2023-07-14,10.00,success
1794,237,2023-06-14,10.00,success
1795,237,2023-05-14,10.00,success
1796,237,2023-04-14,10.00,success
1797,237,2023-03-14,10.00,success
1798,238,2023-11-15,25.00,success
1799,238,2023-10-15,25.00,success
1800,238,2023-09-15,25.00,success
1801,238,2023-08-15,25.00,success
1802,238,2023-07-15,25.00,success
1803,239,2025-02-22,25.00,success
1804,239,2025-01-22,25.00,success
1805,239,2024-12-22,25.00,success
1806,239,2024-11-22,25.00,success
1807,239,2024-10-22,25.00,success
1808,239,2024-09-22,25.00,success
1809,239,2024-08-22,25.00,failed
1810,239,2024-07-22,25.00,success
1811,239,2024-06-22,25.00,success
1812,239,2024-05-22,25.00,success
1813,239,2024-04-22,25.00,success
1814,239,2024-03-22,25.00,success
1815,240,2023-04-21,10.00,success
1816,240,2023-03-21,10.00,success
1817,240,2023-02-21,10.00,success
1818,241,2023-08-18,25.00,success
1819,241,2023-07-18,25.00,success
1820,241,2023-06-18,25.00,success
1821,241,2023-05-18,25.00,success
1822,241,2023-04-18,25.00,success
1823,241,2023-03-18,25.00,success
1824,242,2024-06-13,10.00,success
1825,242,2024-05-13,10.00,success
1826,242,2024-04-13,10.00,success
1827,243,2024-07-10,10.00,success
1828,243,2024-06-10,10.00,success
1829,243,2024-05-10,10.00,success
1830,243,2024-04-10,10.00,success
1831,243,2024-03-10,10.00,success
1832,243,2024-02-10,10.00,success
1833,244,2024-09-01,25.00,success
1834,244,2024-08-01,25.00,failed
1835,244,2024-07-01,25.00,success
1836,244,2024-06-01,25.00,success
1837,244,2024-05-01,25.00,success
1838,244,2024-04-01,25.00,success
1839,244,2024-03-01,25.00,success
1840,245,2025-04-01,25.00,success
1841,245,2025-03-01,25.00,success
1842,245,2025-02-01,25.00,success
1843,245,2025-01-01,25.00,success
1844,245,2024-12-01,25.00,success
1845,245,2024-11-01,25.00,success
1846,245,2024-10-01,25.00,success
1847,245,2024-09-01,25.00,success
1848,245,2024-08-01,25.00,success
1849,245,2024-07-01,25.00,success
1850,246,2024-03-05,10.00,success
1851,246,2024-02-05,10.00,success
1852,247,2023-08-12,10.00,success
1853,247,2023-07-12,10.00,success
1854,247,2023-06-12,10.00,success
1855,248,2024-04-20,10.00,success
1856,248,2024-03-20,10.00,success
1857,248,2024-02-20,10.00,success
1858,248,2024-01-20,10.00,success
1859,248,2023-12-20,10.00,success
1860,248,2023-11-20,10.00,success
1861,249,2024-08-03,10.00,success
1862,249,2024-07-03,10.00,success
1863,250,2024-10-08,10.00,success
1864,250,2024-09-08,10.00,failed
1865,250,2024-08-08,10.00,success
1866,250,2024-07-08,10.00,success
1867,250,2024-06-08,10.00,success
1868,250,2024-05-08,10.00,success
1869,250,2024-04-08,10.00,success
1870,250,2024-03-08,10.00,success
1871,251,2024-04-15,10.00,success
1872,251,2024-03-15,10.00,success
1873,251,2024-02-15,10.00,success
1874,251,2024-01-15,10.00,success
1875,251,2023-12-15,10.00,success
1876,251,2023-11-15,10.00,success
1877,251,2023-10-15,10.00,success
1878,251,2023-09-15,10.00,success
1879,251,2023-08-15,10.00,success
1880,252,2024-01-12,10.00,success
1881,252,2023-12-12,10.00,success
1882,252,2023-11-12,10.00,success
1883,252,2023-10-12,10.00,success
1884,252,2023-09-12,10.00,success
1885,252,2023-08-12,10.00,success
1886,253,2023-12-18,10.00,success
1887,253,2023-11-18,10.00,success
1888,253,2023-10-18,10.00,success
1889,253,2023-09-18,10.00,success
1890,253,2023-08-18,10.00,success
1891,253,2023-07-18,10.00,success
1892,253,2023-06-18,10.00,success
1893,253,2023-05-18,10.00,success
1894,253,2023-04-18,10.00,success
1895,253,2023-03-18,10.00,failed
1896,253,2023-02-18,10.00,success
1897,254,2025-03-04,10.00,success
1898,254,2025-02-04,10.00,success
1899,254,2025-01-04,10.00,success
1900,254,2024-12-04,10.00,success
1901,254,2024-11-04,10.00,success
1902,254,2024-10-04,10.00,success
1903,254,2024-09-04,10.00,success
1904,254,2024-08-04,10.00,failed
1905,254,2024-07-04,10.00,success
1906,254,2024-06-04,10.00,success
1907,255,2024-01-25,10.00,success
1908,255,2023-12-25,10.00,success
1909,256,2024-04-13,25.00,failed
1910,256,2024-03-13,25.00,success
1911,257,2023-12-04,10.00,success
1912,257,2023-11-04,10.00,success
1913,258,2024-02-20,10.00,success
1914,258,2024-01-20,10.00,success
1915,258,2023-12-20,10.00,success
1916,258,2023-11-20,10.00,success
1917,258,2023-10-20,10.00,success
1918,258,2023-09-20,10.00,success
1919,258,2023-08-20,10.00,success
1920,258,2023-07-20,10.00,success
1921,259,2025-01-17,10.00,success
1922,259,2024-12-17,10.00,success
1923,259,2024-11-17,10.00,success
1924,259,2024-10-17,10.00,success
1925,259,2024-09-17,10.00,success
1926,259,2024-08-17,10.00,success
1927,259,2024-07-17,10.00,success
1928,259,2024-06-17,10.00,success
1929,259,2024-05-17,10.00,success
1930,259,2024-04-17,10.00,success
1931,259,2024-03-17,10.00,success
1932,260,2025-03-05,10.00,success
1933,260,2025-02-05,10.00,success
1934,260,2025-01-05,10.00,success
1935,260,2024-12-05,10.00,success
1936,260,2024-11-05,10.00,success
1937,260,2024-10-05,10.00,success
1938,260,2024-09-05,10.00,success
1939,260,2024-08-05,10.00,success
1940,260,2024-07-05,10.00,success
1941,260,2024-06-05,10.00,success
1942,260,2024-05-05,10.00,success
1943,260,2024-04-05,10.00,success
1944,261,2024-03-19,10.00,success
1945,261,2024-02-19,10.00,success
1946,261,2024-01-19,10.00,success
1947,261,2023-12-19,10.00,success
1948,261,2023-11-19,10.00,success
1949,261,2023-10-19,10.00,success
1950,261,2023-09-19,10.00,success
1951,261,2023-08-19,10.00,success
1952,261,2023-07-19,10.00,success
1953,261,2023-06-19,10.00,success
1954,262,2024-12-27,10.00,success
1955,262,2024-11-27,10.00,success
1956,262,2024-10-27,10.00,success
1957,262,2024-09-27,10.00,success
1958,262,2024-08-27,10.00,failed
1959,262,2024-07-27,10.00,success
1960,262,2024-06-27,10.00,success
1961,262,2024-05-27,10.00,success
1962,262,2024-04-27,10.00,success
1963,262,2024-03-27,10.00,success
1964,262,2024-02-27,10.00,success
1965,262,2024-01-27,10.00,success
1966,263,2024-09-01,10.00,success
1967,263,2024-08-01,10.00,success
1968,263,2024-07-01,10.00,success
1969,263,2024-06-01,10.00,success
1970,263,2024-05-01,10.00,success
1971,263,2024-04-01,10.00,success
1972,263,2024-03-01,10.00,success
1973,263,2024-02-01,10.00,success
1974,264,2024-06-07,10.00,success
1975,264,2024-05-07,10.00,success
1976,264,2024-04-07,10.00,success
1977,264,2024-03-07,10.00,success
1978,264,2024-02-07,10.00,success
1979,264,2024-01-07,10.00,success
1980,264,2023-12-07,10.00,success
1981,264,2023-11-07,10.00,success
1982,264,2023-10-07,10.00,success
1983,264,2023-09-07,10.00,success
1984,264,2023-08-07,10.00,success
1985,265,2024-02-07,25.00,success
1986,265,2024-01-07,25.00,success
1987,265,2023-12-07,25.00,success
1988,266,2024-04-20,10.00,success
1989,266,2024-03-20,10.00,success
1990,266,2024-02-20,10.00,success
1991,266,2024-01-20,10.00,failed
1992,266,2023-12-20,10.00,success
1993,266,2023-11-20,10.00,success
1994,266,2023-10-20,10.00,success
1995,267,2024-02-02,10.00,success
1996,267,2024-01-02,10.00,success
1997,267,2023-12-02,10.00,success
1998,267,2023-11-02,10.00,success
1999,267,2023-10-02,10.00,success
2000,267,2023-09-02,10.00,success
2001,267,2023-08-02,10.00,success
2002,267,2023-07-02,10.00,success
2003,267,2023-06-02,10.00,success
2004,267,2023-05-02,10.00,success
2005,267,2023-04-02,10.00,success
2006,267,2023-03-02,10.00,success
2007,268,2024-07-29,10.00,success
2008,268,2024-06-29,10.00,success
2009,268,2024-05-29,10.00,success
2010,268,2024-04-29,10.00,success
2011,268,2024-03-29,10.00,success
2012,268,2024-02-29,10.00,success
2013,268,2024-01-29,10.00,success
2014,268,2023-12-29,10.00,success
2015,268,2023-11-29,10.00,success
2016,268,2023-10-29,10.00,success
2017,269,2024-10-07,10.00,success
2018,269,2024-09-07,10.00,success
2019,269,2024-08-07,10.00,success
2020,269,2024-07-07,10.00,success
2021,269,2024-06-07,10.00,success
2022,269,2024-05-07,10.00,success
2023,269,2024-04-07,10.00,success
2024,269,2024-03-07,10.00,success
2025,269,2024-02-07,10.00,success
2026,269,2024-01-07,10.00,success
2027,269,2023-12-07,10.00,success
2028,269,2023-11-07,10.00,success
2029,270,2024-07-20,10.00,success
2030,270,2024-06-20,10.00,success
2031,270,2024-05-20,10.00,failed
2032,270,2024-04-20,10.00,success
2033,270,2024-03-20,10.00,success
2034,270,2024-02-20,10.00,success
2035,270,2024-01-20,10.00,success
2036,270,2023-12-20,10.00,success
2037,271,2023-10-11,10.00,success
2038,271,2023-09-11,10.00,success
2039,271,2023-08-11,10.00,success
2040,271,2023-07-11,10.00,success
2041,271,2023-06-11,10.00,success
2042,271,2023-05-11,10.00,success
2043,271,2023-04-11,10.00,success
2044,272,2024-08-13,25.00,success
2045,272,2024-07-13,25.00,success
2046,272,2024-06-13,25.00,success
2047,272,2024-05-13,25.00,success
2048,272,2024-04-13,25.00,success
2049,272,2024-03-13,25.00,success
2050,272,2024-02-13,25.00,success
2051,272,2024-01-13,25.00,success
2052,272,2023-12-13,25.00,success
2053,272,2023-11-13,25.00,success
2054,272,2023-10-13,25.00,success
2055,272,2023-09-13,25.00,success
2056,273,2024-02-28,10.00,success
2057,273,2024-01-28,10.00,success
2058,273,2023-12-28,10.00,success
2059,274,2025-01-17,10.00,success
2060,274,2024-12-17,10.00,failed
2061,274,2024-11-17,10.00,success
2062,274,2024-10-17,10.00,failed
2063,274,2024-09-17,10.00,success
2064,274,2024-08-17,10.00,success
2065,274,2024-07-17,10.00,success
2066,274,2024-06-17,10.00,success
2067,274,2024-05-17,10.00,success
2068,274,2024-04-17,10.00,success
2069,275,2023-11-29,25.00,success
2070,275,2023-10-29,25.00,success
2071,276,2024-07-01,25.00,success
2072,276,2024-06-01,25.00,success
2073,276,2024-05-01,25.00,success
2074,276,2024-04-01,25.00,success
2075,276,2024-03-01,25.00,success
2076,276,2024-02-01,25.00,success
2077,276,2024-01-01,25.00,success
2078,276,2023-12-01,25.00,failed
2079,276,2023-11-01,25.00,success
2080,276,2023-10-01,25.00,success
2081,276,2023-09-01,25.00,success
2082,277,2024-04-25,25.00,success
2083,277,2024-03-25,25.00,success
2084,277,2024-02-25,25.00,success
2085,277,2024-01-25,25.00,success
2086,277,2023-12-25,25.00,failed
2087,277,2023-11-25,25.00,success
2088,277,2023-10-25,25.00,success
2089,277,2023-09-25,25.00,success
2090,277,2023-08-25,25.00,success
2091,278,2024-07-23,25.00,success
2092,278,2024-06-23,25.00,success
2093,278,2024-05-23,25.00,success
2094,278,2024-04-23,25.00,success
2095,278,2024-03-23,25.00,success
2096,278,2024-02-23,25.00,success
2097,278,2024-01-23,25.00,success
2098,278,2023-12-23,25.00,success
2099,278,2023-11-23,25.00,success
2100,278,2023-10-23,25.00,success
2101,278,2023-09-23,25.00,success
2102,279,2024-08-04,10.00,success
2103,279,2024-07-04,10.00,success
2104,279,2024-06-04,10.00,success
2105,279,2024-05-04,10.00,failed
2106,279,2024-04-04,10.00,success
2107,279,2024-03-04,10.00,success
2108,279,2024-02-04,10.00,success
2109,279,2024-01-04,10.00,success
2110,279,2023-12-04,10.00,success
2111,279,2023-11-04,10.00,failed
2112,279,2023-10-04,10.00,success
2113,279,2023-09-04,10.00,success
2114,280,2024-03-29,10.00,success
2115,280,2024-02-29,10.00,success
2116,280,2024-01-29,10.00,success
2117,280,2023-12-29,10.00,success
2118,280,2023-11-29,10.00,success
2119,280,2023-10-29,10.00,success
2120,280,2023-09-29,10.00,success
2121,280,2023-08-29,10.00,success
2122,280,2023-07-29,10.00,success
2123,281,2024-01-24,10.00,success
2124,281,2023-12-24,10.00,success
2125,281,2023-11-24,10.00,failed
2126,281,2023-10-24,10.00,success
2127,281,2023-09-24,10.00,success
2128,281,2023-08-24,10.00,success
2129,281,2023-07-24,10.00,success
2130,281,2023-06-24,10.00,success
2131,281,2023-05-24,10.00,success
2132,281,2023-04-24,10.00,success
2133,281,2023-03-24,10.00,success
2134,282,2024-08-23,25.00,success
2135,282,2024-07-23,25.00,success
2136,282,2024-06-23,25.00,success
2137,282,2024-05-23,25.00,success
2138,282,2024-04-23,25.00,success
2139,282,2024-03-23,25.00,success
2140,282,2024-02-23,25.00,success
2141,282,2024-01-23,25.00,success
2142,282,2023-12-23,25.00,success
2143,283,2024-10-21,10.00,success
2144,283,2024-09-21,10.00,success
2145,283,2024-08-21,10.00,success
2146,283,2024-07-21,10.00,success
2147,283,2024-06-21,10.00,success
2148,284,2024-06-26,10.00,success
2149,284,2024-05-26,10.00,success
2150,284,2024-04-26,10.00,success
2151,284,2024-03-26,10.00,success
2152,284,2024-02-26,10.00,success
2153,284,2024-01-26,10.00,failed
2154,284,2023-12-26,10.00,success
2155,285,2024-07-23,10.00,success
2156,285,2024-06-23,10.00,success
2157,285,2024-05-23,10.00,success
2158,285,2024-04-23,10.00,success
2159,285,2024-03-23,10.00,success
2160,285,2024-02-23,10.00,success
2161,285,2024-01-23,10.00,success
2162,285,2023-12-23,10.00,success
2163,285,2023-11-23,10.00,success
2164,285,2023-10-23,10.00,success
2165,285,2023-09-23,10.00,success
2166,286,2023-12-08,10.00,success
2167,286,2023-11-08,10.00,success
2168,287,2023-04-14,10.00,success
2169,287,2023-03-14,10.00,success
2170,287,2023-02-14,10.00,success
2171,287,2023-01-14,10.00,success
2172,288,2024-08-19,25.00,failed
2173,288,2024-07-19,25.00,success
2174,288,2024-06-19,25.00,success
2175,288,2024-05-19,25.00,success
2176,288,2024-04-19,25.00,success
2177,288,2024-03-19,25.00,success
2178,288,2024-02-19,25.00,success
2179,289,2024-04-29,10.00,failed
2180,289,2024-03-29,10.00,success
2181,289,2024-02-29,10.00,success
2182,289,2024-01-29,10.00,success
2183,289,2023-12-29,10.00,success
2184,289,2023-11-29,10.00,success
2185,289,2023-10-29,10.00,success
2186,289,2023-09-29,10.00,success
2187,289,2023-08-29,10.00,success
2188,290,2024-06-16,10.00,success
2189,290,2024-05-16,10.00,success
2190,290,2024-04-16,10.00,success
2191,291,2025-04-24,10.00,success
2192,291,2025-03-24,10.00,success
2193,291,2025-02-24,10.00,success
2194,291,2025-01-24,10.00,success
2195,291,2024-12-24,10.00,success
2196,291,2024-11-24,10.00,failed
2197,291,2024-10-24,10.00,failed
2198,291,2024-09-24,10.00,success
2199,291,2024-08-24,10.00,success
2200,291,2024-07-24,10.00,success
2201,291,2024-06-24,10.00,success
2202,291,2024-05-24,10.00,success
2203,292,2024-02-20,10.00,success
2204,292,2024-01-20,10.00,success
2205,292,2023-12-20,10.00,success
2206,292,2023-11-20,10.00,success
2207,292,2023-10-20,10.00,success
2208,292,2023-09-20,10.00,success
2209,292,2023-08-20,10.00,success
2210,292,2023-07-20,10.00,failed
2211,292,2023-06-20,10.00,success
2212,292,2023-05-20,10.00,success
2213,292,2023-04-20,10.00,success
2214,292,2023-03-20,10.00,success
2215,293,2024-06-20,10.00,success
2216,293,2024-05-20,10.00,failed
2217,293,2024-04-20,10.00,success
2218,294,2024-05-25,10.00,failed
2219,294,2024-04-25,10.00,success
2220,294,2024-03-25,10.00,success
2221,294,2024-02-25,10.00,success
2222,294,2024-01-25,10.00,success
2223,294,2023-12-25,10.00,success
2224,295,2025-02-06,25.00,success
2225,295,2025-01-06,25.00,success
2226,295,2024-12-06,25.00,success
2227,295,2024-11-06,25.00,success
2228,295,2024-10-06,25.00,success
2229,295,2024-09-06,25.00,success
2230,295,2024-08-06,25.00,success
2231,295,2024-07-06,25.00,success
2232,295,2024-06-06,25.00,success
2233,295,2024-05-06,25.00,success
2234,295,2024-04-06,25.00,success
2235,295,2024-03-06,25.00,success
2236,296,2024-04-11,10.00,success
2237,296,2024-03-11,10.00,success
2238,296,2024-02-11,10.00,success
2239,296,2024-01-11,10.00,success
2240,296,2023-12-11,10.00,success
2241,296,2023-11-11,10.00,success
2242,296,2023-10-11,10.00,success
2243,296,2023-09-11,10.00,success
2244,297,2024-08-28,10.00,success
2245,297,2024-07-28,10.00,success
2246,297,2024-06-28,10.00,success
2247,297,2024-05-28,10.00,success
2248,298,2023-10-10,10.00,success
2249,298,2023-09-10,10.00,success
2250,298,2023-08-10,10.00,success
2251,298,2023-07-10,10.00,success
2252,298,2023-06-10,10.00,success
2253,298,2023-05-10,10.00,success
2254,298,2023-04-10,10.00,success
2255,298,2023-03-10,10.00,success
2256,298,2023-02-10,10.00,success
2257,299,2024-03-11,10.00,success
2258,299,2024-02-11,10.00,success
2259,299,2024-01-11,10.00,success
2260,299,2023-12-11,10.00,success
2261,299,2023-11-11,10.00,success
2262,299,2023-10-11,10.00,success
2263,299,2023-09-11,10.00,success
2264,299,2023-08-11,10.00,failed
2265,299,2023-07-11,10.00,success
2266,299,2023-06-11,10.00,success
2267,299,2023-05-11,10.00,success
2268,300,2023-08-13,25.00,success
2269,300,2023-07-13,25.00,success
2270,300,2023-06-13,25.00,success
2271,300,2023-05-13,25.00,success
2272,301,2024-05-31,10.00,success
2273,301,2024-04-30,10.00,success
2274,301,2024-03-31,10.00,success
2275,302,2024-05-24,25.00,success
2276,302,2024-04-24,25.00,success
2277,302,2024-03-24,25.00,success
2278,302,2024-02-24,25.00,success
2279,302,2024-01-24,25.00,failed
2280,302,2023-12-24,25.00,success
2281,302,2023-11-24,25.00,success
2282,302,2023-10-24,25.00,success
2283,302,2023-09-24,25.00,success
2284,302,2023-08-24,25.00,success
2285,303,2025-02-11,10.00,success
2286,303,2025-01-11,10.00,success
2287,303,2024-12-11,10.00,success
2288,303,2024-11-11,10.00,success
2289,303,2024-10-11,10.00,success
2290,303,2024-09-11,10.00,success
2291,303,2024-08-11,10.00,success
2292,303,2024-07-11,10.00,success
2293,303,2024-06-11,10.00,success
2294,303,2024-05-11,10.00,failed
2295,303,2024-04-11,10.00,success
2296,303,2024-03-11,10.00,success
2297,304,2023-08-13,10.00,success
2298,304,2023-07-13,10.00,success
2299,304,2023-06-13,10.00,success
2300,304,2023-05-13,10.00,success
2301,305,2024-02-25,25.00,success
2302,305,2024-01-25,25.00,success
2303,305,2023-12-25,25.00,success
2304,305,2023-11-25,25.00,success
2305,305,2023-10-25,25.00,success
2306,305,2023-09-25,25.00,success
2307,306,2024-06-18,10.00,success
2308,306,2024-05-18,10.00,success
2309,306,2024-04-18,10.00,success
2310,306,2024-03-18,10.00,success
2311,306,2024-02-18,10.00,success
2312,307,2024-01-22,10.00,success
2313,307,2023-12-22,10.00,success
2314,308,2023-12-23,10.00,success
2315,308,2023-11-23,10.00,success
2316,308,2023-10-23,10.00,success
2317,308,2023-09-23,10.00,success
2318,308,2023-08-23,10.00,failed
2319,308,2023-07-23,10.00,success
2320,308,2023-06-23,10.00,success
2321,308,2023-05-23,10.00,success
2322,308,2023-04-23,10.00,success
2323,308,2023-03-23,10.00,success
2324,309,2024-04-30,10.00,success
2325,309,2024-03-30,10.00,success
2326,309,2024-02-29,10.00,failed
2327,309,2024-01-30,10.00,success
2328,309,2023-12-30,10.00,success
2329,310,2024-04-27,10.00,success
2330,310,2024-03-27,10.00,success
2331,310,2024-02-27,10.00,failed
2332,310,2024-01-27,10.00,success
2333,310,2023-12-27,10.00,success
2334,310,2023-11-27,10.00,failed
2335,310,2023-10-27,10.00,failed
2336,310,2023-09-27,10.00,success
2337,310,2023-08-27,10.00,success
2338,311,2024-07-13,25.00,success
2339,311,2024-06-13,25.00,success
2340,311,2024-05-13,25.00,success
2341,311,2024-04-13,25.00,success
2342,311,2024-03-13,25.00,success
2343,311,2024-02-13,25.00,success
2344,311,2024-01-13,25.00,success
2345,311,2023-12-13,25.00,success
2346,311,2023-11-13,25.00,success
2347,311,2023-10-13,25.00,success
2348,311,2023-09-13,25.00,failed
2349,312,2023-10-29,10.00,success
2350,312,2023-09-29,10.00,success
2351,312,2023-08-29,10.00,success
2352,312,2023-07-29,10.00,success
2353,312,2023-06-29,10.00,success
2354,313,2024-10-01,25.00,success
2355,313,2024-09-01,25.00,success
2356,313,2024-08-01,25.00,success
2357,313,2024-07-01,25.00,success
2358,313,2024-06-01,25.00,success
2359,314,2024-02-29,25.00,success
2360,314,2024-01-31,25.00,success
2361,314,2023-12-31,25.00,success
2362,314,2023-11-30,25.00,success
2363,314,2023-10-31,25.00,success
2364,314,2023-09-30,25.00,success
2365,314,2023-08-31,25.00,success
2366,314,2023-07-31,25.00,success
2367,315,2025-01-26,25.00,success
2368,315,2024-12-26,25.00,success
2369,315,2024-11-26,25.00,success
2370,315,2024-10-26,25.00,success
2371,315,2024-09-26,25.00,success
2372,315,2024-08-26,25.00,success
2373,315,2024-07-26,25.00,success
2374,315,2024-06-26,25.00,success
2375,316,2023-10-21,10.00,success
2376,316,2023-09-21,10.00,success
2377,316,2023-08-21,10.00,success
2378,316,2023-07-21,10.00,success
2379,316,2023-06-21,10.00,success
2380,316,2023-05-21,10.00,success
2381,317,2025-02-12,25.00,success
2382,317,2025-01-12,25.00,failed
2383,317,2024-12-12,25.00,success
2384,317,2024-11-12,25.00,success
2385,317,2024-10-12,25.00,success
2386,317,2024-09-12,25.00,success
2387,317,2024-08-12,25.00,success
2388,317,2024-07-12,25.00,success
2389,317,2024-06-12,25.00,success
2390,317,2024-05-12,25.00,success
2391,318,2024-09-20,25.00,success
2392,318,2024-08-20,25.00,failed
2393,318,2024-07-20,25.00,success
2394,318,2024-06-20,25.00,success
2395,318,2024-05-20,25.00,success
2396,318,2024-04-20,25.00,success
2397,318,2024-03-20,25.00,failed
2398,318,2024-02-20,25.00,success
2399,318,2024-01-20,25.00,success
2400,318,2023-12-20,25.00,success
2401,319,2023-11-08,10.00,success
2402,319,2023-10-08,10.00,success
2403,319,2023-09-08,10.00,success
2404,319,2023-08-08,10.00,success
2405,319,2023-07-08,10.00,failed
2406,319,2023-06-08,10.00,success
2407,319,2023-05-08,10.00,success
2408,319,2023-04-08,10.00,success
2409,320,2023-09-24,25.00,success
2410,320,2023-08-24,25.00,success
2411,320,2023-07-24,25.00,success
2412,320,2023-06-24,25.00,success
2413,320,2023-05-24,25.00,success
2414,320,2023-04-24,25.00,success
2415,321,2023-10-04,10.00,success
2416,321,2023-09-04,10.00,success
2417,321,2023-08-04,10.00,success
2418,321,2023-07-04,10.00,success
2419,321,2023-06-04,10.00,success
2420,321,2023-05-04,10.00,success
2421,321,2023-04-04,10.00,success
2422,321,2023-03-04,10.00,success
2423,322,2023-10-12,10.00,success
2424,322,2023-09-12,10.00,success
2425,322,2023-08-12,10.00,failed
2426,322,2023-07-12,10.00,success
2427,322,2023-06-12,10.00,success
2428,322,2023-05-12,10.00,success
2429,323,2024-10-15,10.00,success
2430,323,2024-09-15,10.00,success
2431,323,2024-08-15,10.00,success
2432,323,2024-07-15,10.00,success
2433,323,2024-06-15,10.00,success
2434,323,2024-05-15,10.00,success
2435,323,2024-04-15,10.00,success
2436,323,2024-03-15,10.00,success
2437,323,2024-02-15,10.00,success
2438,323,2024-01-15,10.00,success
2439,323,2023-12-15,10.00,failed
2440,323,2023-11-15,10.00,success
2441,324,2024-08-18,10.00,success
2442,324,2024-07-18,10.00,success
2443,324,2024-06-18,10.00,success
2444,324,2024-05-18,10.00,success
2445,324,2024-04-18,10.00,success
2446,325,2024-05-11,25.00,success
2447,325,2024-04-11,25.00,success
2448,325,2024-03-11,25.00,success
2449,325,2024-02-11,25.00,success
2450,325,2024-01-11,25.00,success
2451,325,2023-12-11,25.00,success
2452,325,2023-11-11,25.00,success
2453,325,2023-10-11,25.00,success
2454,325,2023-09-11,25.00,success
2455,325,2023-08-11,25.00,success
2456,325,2023-07-11,25.00,success
2457,325,2023-06-11,25.00,success
2458,326,2023-11-15,25.00,success
2459,326,2023-10-15,25.00,success
2460,326,2023-09-15,25.00,success
2461,326,2023-08-15,25.00,success
2462,326,2023-07-15,25.00,success
2463,327,2024-03-14,10.00,success
2464,327,2024-02-14,10.00,success
2465,327,2024-01-14,10.00,success
2466,327,2023-12-14,10.00,success
2467,327,2023-11-14,10.00,success
2468,327,2023-10-14,10.00,success
2469,327,2023-09-14,10.00,success
2470,327,2023-08-14,10.00,success
2471,327,2023-07-14,10.00,success
2472,327,2023-06-14,10.00,success
2473,327,2023-05-14,10.00,success
2474,327,2023-04-14,10.00,success
2475,328,2023-11-25,10.00,success
2476,328,2023-10-25,10.00,success
2477,328,2023-09-25,10.00,success
2478,328,2023-08-25,10.00,success
2479,328,2023-07-25,10.00,success
2480,328,2023-06-25,10.00,success
2481,328,2023-05-25,10.00,success
2482,329,2024-09-08,25.00,success
2483,329,2024-08-08,25.00,success
2484,329,2024-07-08,25.00,success
2485,329,2024-06-08,25.00,success
2486,329,2024-05-08,25.00,success
2487,329,2024-04-08,25.00,success
2488,329,2024-03-08,25.00,success
2489,329,2024-02-08,25.00,success
2490,329,2024-01-08,25.00,success
2491,329,2023-12-08,25.00,success
2492,330,2024-01-07,10.00,success
2493,330,2023-12-07,10.00,success
2494,330,2023-11-07,10.00,success
2495,330,2023-10-07,10.00,success
2496,330,2023-09-07,10.00,success
2497,330,2023-08-07,10.00,success
2498,330,2023-07-07,10.00,success
2499,330,2023-06-07,10.00,success
2500,331,2024-05-25,25.00,success
2501,331,2024-04-25,25.00,failed
2502,331,2024-03-25,25.00,success
2503,331,2024-02-25,25.00,success
2504,331,2024-01-25,25.00,success
2505,331,2023-12-25,25.00,success
2506,331,2023-11-25,25.00,success
2507,331,2023-10-25,25.00,success
2508,332,2024-05-03,10.00,success
2509,332,2024-04-03,10.00,success
2510,332,2024-03-03,10.00,success
2511,332,2024-02-03,10.00,success
2512,332,2024-01-03,10.00,success
2513,332,2023-12-03,10.00,success
2514,332,2023-11-03,10.00,success
2515,332,2023-10-03,10.00,success
2516,332,2023-09-03,10.00,success
2517,332,2023-08-03,10.00,success
2518,332,2023-07-03,10.00,success
2519,332,2023-06-03,10.00,success
2520,333,2023-11-14,10.00,failed
2521,333,2023-10-14,10.00,success
2522,333,2023-09-14,10.00,success
2523,334,2024-02-03,25.00,success
2524,334,2024-01-03,25.00,success
2525,334,2023-12-03,25.00,success
2526,334,2023-11-03,25.00,success
2527,334,2023-10-03,25.00,success
2528,334,2023-09-03,25.00,success
2529,335,2024-10-13,10.00,failed
2530,335,2024-09-13,10.00,success
2531,335,2024-08-13,10.00,success
2532,335,2024-07-13,10.00,success
2533,335,2024-06-13,10.00,success
2534,335,2024-05-13,10.00,success
2535,336,2023-09-01,10.00,success
2536,336,2023-08-01,10.00,success
2537,336,2023-07-01,10.00,success
2538,337,2025-02-12,25.00,success
2539,337,2025-01-12,25.00,success
2540,337,2024-12-12,25.00,success
2541,337,2024-11-12,25.00,success
2542,337,2024-10-12,25.00,success
2543,337,2024-09-12,25.00,success
2544,337,2024-08-12,25.00,success
2545,337,2024-07-12,25.00,success
2546,337,2024-06-12,25.00,success
2547,337,2024-05-12,25.00,success
2548,337,2024-04-12,25.00,success
2549,337,2024-03-12,25.00,success
2550,338,2023-08-17,10.00,success
2551,338,2023-07-17,10.00,success
2552,339,2024-02-25,25.00,success
2553,339,2024-01-25,25.00,success
2554,339,2023-12-25,25.00,success
2555,339,2023-11-25,25.00,success
2556,339,2023-10-25,25.00,success
2557,339,2023-09-25,25.00,success
2558,339,2023-08-25,25.00,success
2559,340,2023-05-14,10.00,success
2560,340,2023-04-14,10.00,success
2561,341,2023-12-21,25.00,success
2562,341,2023-11-21,25.00,success
2563,341,2023-10-21,25.00,success
2564,341,2023-09-21,25.00,success
2565,341,2023-08-21,25.00,success
2566,341,2023-07-21,25.00,success
2567,341,2023-06-21,25.00,success
2568,341,2023-05-21,25.00,success
2569,341,2023-04-21,25.00,success
2570,341,2023-03-21,25.00,success
2571,341,2023-02-21,25.00,failed
2572,341,2023-01-21,25.00,success
2573,342,2023-10-05,10.00,failed
2574,342,2023-09-05,10.00,success
2575,342,2023-08-05,10.00,success
2576,342,2023-07-05,10.00,success
2577,342,2023-06-05,10.00,success
2578,342,2023-05-05,10.00,success
2579,342,2023-04-05,10.00,success
2580,342,2023-03-05,10.00,success
2581,343,2024-03-07,25.00,success
2582,343,2024-02-07,25.00,success
2583,343,2024-01-07,25.00,success
2584,343,2023-12-07,25.00,success
2585,343,2023-11-07,25.00,failed
2586,343,2023-10-07,25.00,success
2587,343,2023-09-07,25.00,success
2588,343,2023-08-07,25.00,success
2589,343,2023-07-07,25.00,success
2590,343,2023-06-07,25.00,success
2591,344,2024-01-05,25.00,success
2592,344,2023-12-05,25.00,success
2593,344,2023-11-05,25.00,failed
2594,344,2023-10-05,25.00,success
2595,344,2023-09-05,25.00,success
2596,344,2023-08-05,25.00,success
2597,344,2023-07-05,25.00,success
2598,344,2023-06-05,25.00,success
2599,344,2023-05-05,25.00,success
2600,345,2024-01-09,10.00,success
2601,345,2023-12-09,10.00,success
2602,345,2023-11-09,10.00,success
2603,345,2023-10-09,10.00,success
2604,345,2023-09-09,10.00,success
2605,345,2023-08-09,10.00,success
2606,345,2023-07-09,10.00,success
2607,345,2023-06-09,10.00,success
2608,345,2023-05-09,10.00,success
2609,345,2023-04-09,10.00,success
2610,345,2023-03-09,10.00,success
2611,345,2023-02-09,10.00,failed
2612,346,2025-03-21,60.00,success
2613,346,2025-02-21,60.00,success
2614,346,2025-01-21,60.00,success
2615,346,2024-12-21,60.00,success
2616,346,2024-11-21,60.00,success
2617,346,2024-10-21,60.00,success
2618,346,2024-09-21,60.00,success
2619,346,2024-08-21,60.00,failed
2620,346,2024-07-21,60.00,success
2621,347,2023-08-06,10.00,success
2622,347,2023-07-06,10.00,failed
2623,347,2023-06-06,10.00,failed
2624,347,2023-05-06,10.00,success
2625,347,2023-04-06,10.00,success
2626,348,2025-02-09,10.00,failed
2627,348,2025-01-09,10.00,success
2628,348,2024-12-09,10.00,success
2629,348,2024-11-09,10.00,success
2630,348,2024-10-09,10.00,success
2631,348,2024-09-09,10.00,success
2632,348,2024-08-09,10.00,success
2633,348,2024-07-09,10.00,success
2634,349,2025-03-27,25.00,success
2635,349,2025-02-27,25.00,success
2636,349,2025-01-27,25.00,success
2637,349,2024-12-27,25.00,success
2638,349,2024-11-27,25.00,success
2639,349,2024-10-27,25.00,failed
2640,349,2024-09-27,25.00,success
2641,349,2024-08-27,25.00,success
2642,349,2024-07-27,25.00,success
2643,349,2024-06-27,25.00,success
2644,349,2024-05-27,25.00,success
2645,350,2024-03-23,10.00,success
2646,350,2024-02-23,10.00,success
2647,350,2024-01-23,10.00,success
2648,350,2023-12-23,10.00,success
2649,350,2023-11-23,10.00,success
2650,350,2023-10-23,10.00,success
2651,350,2023-09-23,10.00,success
2652,350,2023-08-23,10.00,success
2653,350,2023-07-23,10.00,success
2654,350,2023-06-23,10.00,success
2655,350,2023-05-23,10.00,success
2656,350,2023-04-23,10.00,success
2657,351,2024-10-27,25.00,success
2658,351,2024-09-27,25.00,success
2659,351,2024-08-27,25.00,success
2660,351,2024-07-27,25.00,success
2661,351,2024-06-27,25.00,success
2662,351,2024-05-27,25.00,success
2663,351,2024-04-27,25.00,failed
2664,352,2024-03-03,10.00,failed
2665,352,2024-02-03,10.00,success
2666,353,2023-05-23,25.00,success
2667,353,2023-04-23,25.00,success
2668,353,2023-03-23,25.00,success
2669,354,2025-05-22,10.00,success
2670,354,2025-04-22,10.00,success
2671,354,2025-03-22,10.00,success
2672,354,2025-02-22,10.00,success
2673,354,2025-01-22,10.00,success
2674,354,2024-12-22,10.00,failed
2675,354,2024-11-22,10.00,success
2676,354,2024-10-22,10.00,success
2677,354,2024-09-22,10.00,success
2678,354,2024-08-22,10.00,success
2679,354,2024-07-22,10.00,success
2680,354,2024-06-22,10.00,success
2681,355,2023-09-20,10.00,success
2682,355,2023-08-20,10.00,success
2683,355,2023-07-20,10.00,success
2684,355,2023-06-20,10.00,success
2685,355,2023-05-20,10.00,success
2686,355,2023-04-20,10.00,success
2687,355,2023-03-20,10.00,success
2688,355,2023-02-20,10.00,success
2689,356,2024-02-23,25.00,success
2690,356,2024-01-23,25.00,success
2691,357,2025-01-31,10.00,success
2692,357,2024-12-31,10.00,success
2693,357,2024-11-30,10.00,success
2694,357,2024-10-31,10.00,success
2695,357,2024-09-30,10.00,success
2696,357,2024-08-31,10.00,success
2697,357,2024-07-31,10.00,success
2698,357,2024-06-30,10.00,success
2699,357,2024-05-31,10.00,failed
2700,357,2024-04-30,10.00,success
2701,357,2024-03-31,10.00,success
2702,358,2024-06-04,10.00,success
2703,358,2024-05-04,10.00,success
2704,359,2023-11-07,25.00,success
2705,359,2023-10-07,25.00,success
2706,359,2023-09-07,25.00,success
2707,359,2023-08-07,25.00,success
2708,359,2023-07-07,25.00,success
2709,359,2023-06-07,25.00,success
2710,359,2023-05-07,25.00,success
2711,359,2023-04-07,25.00,success
2712,360,2024-02-27,25.00,success
2713,360,2024-01-27,25.00,success
2714,360,2023-12-27,25.00,success
2715,361,2023-11-07,25.00,success
2716,361,2023-10-07,25.00,success
2717,361,2023-09-07,25.00,success
2718,361,2023-08-07,25.00,success
2719,362,2023-08-21,10.00,success
2720,362,2023-07-21,10.00,success
2721,362,2023-06-21,10.00,success
2722,362,2023-05-21,10.00,success
2723,362,2023-04-21,10.00,success
2724,362,2023-03-21,10.00,success
2725,363,2024-08-09,25.00,success
2726,363,2024-07-09,25.00,success
2727,363,2024-06-09,25.00,success
2728,363,2024-05-09,25.00,success
2729,363,2024-04-09,25.00,success
2730,363,2024-03-09,25.00,success
2731,363,2024-02-09,25.00,success
2732,363,2024-01-09,25.00,success
2733,363,2023-12-09,25.00,success
2734,363,2023-11-09,25.00,success
2735,363,2023-10-09,25.00,success
2736,364,2024-06-09,10.00,success
2737,364,2024-05-09,10.00,success
2738,364,2024-04-09,10.00,success
2739,364,2024-03-09,10.00,success
2740,364,2024-02-09,10.00,success
2741,364,2024-01-09,10.00,success
2742,364,2023-12-09,10.00,success
2743,364,2023-11-09,10.00,failed
2744,364,2023-10-09,10.00,success
2745,364,2023-09-09,10.00,success
2746,364,2023-08-09,10.00,success
2747,365,2024-02-09,10.00,success
2748,365,2024-01-09,10.00,success
2749,365,2023-12-09,10.00,success
2750,365,2023-11-09,10.00,success
2751,365,2023-10-09,10.00,success
2752,365,2023-09-09,10.00,success
2753,365,2023-08-09,10.00,success
2754,365,2023-07-09,10.00,success
2755,365,2023-06-09,10.00,success
2756,365,2023-05-09,10.00,success
2757,365,2023-04-09,10.00,success
2758,365,2023-03-09,10.00,success
2759,366,2024-05-07,10.00,success
2760,366,2024-04-07,10.00,success
2761,367,2024-07-13,25.00,success
2762,367,2024-06-13,25.00,success
2763,367,2024-05-13,25.00,success
2764,367,2024-04-13,25.00,success
2765,367,2024-03-13,25.00,success
2766,368,2024-11-10,10.00,success
2767,368,2024-10-10,10.00,success
2768,368,2024-09-10,10.00,success
2769,368,2024-08-10,10.00,success
2770,368,2024-07-10,10.00,success
2771,368,2024-06-10,10.00,success
2772,368,2024-05-10,10.00,success
2773,368,2024-04-10,10.00,success
2774,368,2024-03-10,10.00,success
2775,368,2024-02-10,10.00,success
2776,368,2024-01-10,10.00,success
2777,368,2023-12-10,10.00,success
2778,369,2024-10-20,25.00,success
2779,369,2024-09-20,25.00,success
2780,369,2024-08-20,25.00,success
2781,369,2024-07-20,25.00,success
2782,369,2024-06-20,25.00,success
2783,370,2024-05-03,10.00,success
2784,370,2024-04-03,10.00,success
2785,370,2024-03-03,10.00,success
2786,370,2024-02-03,10.00,success
2787,370,2024-01-03,10.00,success
2788,370,2023-12-03,10.00,success
2789,370,2023-11-03,10.00,success
2790,370,2023-10-03,10.00,success
2791,370,2023-09-03,10.00,success
2792,370,2023-08-03,10.00,success
2793,371,2024-06-27,25.00,success
2794,371,2024-05-27,25.00,success
2795,371,2024-04-27,25.00,success
2796,371,2024-03-27,25.00,success
2797,371,2024-02-27,25.00,success
2798,371,2024-01-27,25.00,success
2799,371,2023-12-27,25.00,success
2800,371,2023-11-27,25.00,success
2801,372,2023-10-13,25.00,success
2802,372,2023-09-13,25.00,success
2803,372,2023-08-13,25.00,success
2804,372,2023-07-13,25.00,success
2805,372,2023-06-13,25.00,success
2806,372,2023-05-13,25.00,success
2807,372,2023-04-13,25.00,success
2808,373,2023-07-28,25.00,failed
2809,373,2023-06-28,25.00,success
2810,373,2023-05-28,25.00,success
2811,373,2023-04-28,25.00,success
2812,373,2023-03-28,25.00,success
2813,373,2023-02-28,25.00,success
2814,374,2023-09-22,10.00,success
2815,374,2023-08-22,10.00,success
2816,374,2023-07-22,10.00,success
2817,374,2023-06-22,10.00,success
2818,374,2023-05-22,10.00,success
2819,375,2023-12-05,10.00,success
2820,375,2023-11-05,10.00,success
2821,375,2023-10-05,10.00,success
2822,375,2023-09-05,10.00,success
2823,375,2023-08-05,10.00,success
2824,376,2023-09-01,25.00,success
2825,376,2023-08-01,25.00,success
2826,376,2023-07-01,25.00,success
2827,377,2023-10-30,10.00,success
2828,377,2023-09-30,10.00,failed
2829,377,2023-08-30,10.00,failed
2830,377,2023-07-30,10.00,success
2831,378,2023-11-23,10.00,success
2832,378,2023-10-23,10.00,success
2833,378,2023-09-23,10.00,success
2834,378,2023-08-23,10.00,success
2835,378,2023-07-23,10.00,success
2836,378,2023-06-23,10.00,success
2837,379,2024-03-01,10.00,success
2838,379,2024-02-01,10.00,success
2839,379,2024-01-01,10.00,success
2840,379,2023-12-01,10.00,success
2841,379,2023-11-01,10.00,success
2842,379,2023-10-01,10.00,success
2843,379,2023-09-01,10.00,success
2844,379,2023-08-01,10.00,success
2845,379,2023-07-01,10.00,success
2846,379,2023-06-01,10.00,success
2847,379,2023-05-01,10.00,success
2848,379,2023-04-01,10.00,success
2849,380,2023-06-30,10.00,success
2850,380,2023-05-31,10.00,success
2851,381,2024-12-13,10.00,success
2852,381,2024-11-13,10.00,success
2853,381,2024-10-13,10.00,failed
2854,381,2024-09-13,10.00,success
2855,381,2024-08-13,10.00,success
2856,381,2024-07-13,10.00,success
2857,382,2023-11-04,25.00,success
2858,382,2023-10-04,25.00,success
2859,382,2023-09-04,25.00,success
2860,382,2023-08-04,25.00,success
2861,383,2024-11-09,25.00,success
2862,383,2024-10-09,25.00,success
2863,383,2024-09-09,25.00,success
2864,383,2024-08-09,25.00,success
2865,383,2024-07-09,25.00,success
2866,383,2024-06-09,25.00,success
2867,383,2024-05-09,25.00,success
2868,383,2024-04-09,25.00,success
2869,384,2023-09-25,25.00,success
2870,384,2023-08-25,25.00,success
2871,384,2023-07-25,25.00,success
2872,384,2023-06-25,25.00,success
2873,384,2023-05-25,25.00,success
2874,384,2023-04-25,25.00,success
2875,385,2024-06-11,10.00,success
2876,385,2024-05-11,10.00,success
2877,385,2024-04-11,10.00,success
2878,385,2024-03-11,10.00,success
2879,385,2024-02-11,10.00,success
2880,385,2024-01-11,10.00,success
2881,385,2023-12-11,10.00,success
2882,385,2023-11-11,10.00,success
2883,386,2024-05-12,10.00,success
2884,386,2024-04-12,10.00,success
2885,386,2024-03-12,10.00,success
2886,386,2024-02-12,10.00,success
2887,386,2024-01-12,10.00,success
2888,386,2023-12-12,10.00,success
2889,386,2023-11-12,10.00,success
2890,386,2023-10-12,10.00,success
2891,386,2023-09-12,10.00,success
2892,386,2023-08-12,10.00,success
2893,386,2023-07-12,10.00,success
2894,387,2024-04-24,10.00,success
2895,387,2024-03-24,10.00,success
2896,387,2024-02-24,10.00,success
2897,387,2024-01-24,10.00,success
2898,387,2023-12-24,10.00,success
2899,387,2023-11-24,10.00,success
2900,387,2023-10-24,10.00,failed
2901,388,2024-07-06,10.00,success
2902,388,2024-06-06,10.00,success
2903,388,2024-05-06,10.00,success
2904,388,2024-04-06,10.00,success
2905,388,2024-03-06,10.00,success
2906,388,2024-02-06,10.00,success
2907,388,2024-01-06,10.00,success
2908,388,2023-12-06,10.00,failed
2909,388,2023-11-06,10.00,success
2910,388,2023-10-06,10.00,success
2911,388,2023-09-06,10.00,success
2912,389,2025-01-20,10.00,success
2913,389,2024-12-20,10.00,success
2914,389,2024-11-20,10.00,success
2915,389,2024-10-20,10.00,success
2916,389,2024-09-20,10.00,success
2917,389,2024-08-20,10.00,success
2918,389,2024-07-20,10.00,success
2919,389,2024-06-20,10.00,success
2920,389,2024-05-20,10.00,success
2921,390,2024-11-10,10.00,success
2922,390,2024-10-10,10.00,success
2923,390,2024-09-10,10.00,success
2924,390,2024-08-10,10.00,success
2925,390,2024-07-10,10.00,success
2926,390,2024-06-10,10.00,success
2927,390,2024-05-10,10.00,success
2928,390,2024-04-10,10.00,success
2929,390,2024-03-10,10.00,success
2930,390,2024-02-10,10.00,success
2931,390,2024-01-10,10.00,success
2932,390,2023-12-10,10.00,success
2933,391,2024-11-04,10.00,success
2934,391,2024-10-04,10.00,success
2935,391,2024-09-04,10.00,success
2936,391,2024-08-04,10.00,success
2937,391,2024-07-04,10.00,success
2938,391,2024-06-04,10.00,success
2939,391,2024-05-04,10.00,success
2940,391,2024-04-04,10.00,failed
2941,392,2024-04-18,25.00,success
2942,392,2024-03-18,25.00,success
2943,392,2024-02-18,25.00,success
2944,392,2024-01-18,25.00,success
2945,392,2023-12-18,25.00,success
2946,392,2023-11-18,25.00,success
2947,392,2023-10-18,25.00,success
2948,392,2023-09-18,25.00,success
2949,392,2023-08-18,25.00,success
2950,392,2023-07-18,25.00,success
2951,392,2023-06-18,25.00,success
2952,392,2023-05-18,25.00,success
2953,393,2024-09-12,10.00,success
2954,393,2024-08-12,10.00,success
2955,393,2024-07-12,10.00,success
2956,393,2024-06-12,10.00,success
2957,393,2024-05-12,10.00,success
2958,393,2024-04-12,10.00,success
2959,393,2024-03-12,10.00,success
2960,393,2024-02-12,10.00,success
2961,393,2024-01-12,10.00,success
2962,393,2023-12-12,10.00,success
2963,393,2023-11-12,10.00,failed
2964,394,2024-03-07,10.00,success
2965,394,2024-02-07,10.00,success
2966,394,2024-01-07,10.00,success
2967,394,2023-12-07,10.00,success
2968,394,2023-11-07,10.00,success
2969,394,2023-10-07,10.00,success
2970,394,2023-09-07,10.00,success
2971,394,2023-08-07,10.00,success
2972,394,2023-07-07,10.00,success
2973,394,2023-06-07,10.00,success
2974,394,2023-05-07,10.00,success
2975,395,2024-11-09,10.00,success
2976,395,2024-10-09,10.00,failed
2977,395,2024-09-09,10.00,success
2978,395,2024-08-09,10.00,success
2979,395,2024-07-09,10.00,success
2980,395,2024-06-09,10.00,success
2981,395,2024-05-09,10.00,success
2982,395,2024-04-09,10.00,success
2983,395,2024-03-09,10.00,success
2984,396,2023-07-17,25.00,failed
2985,396,2023-06-17,25.00,success
2986,396,2023-05-17,25.00,success
2987,396,2023-04-17,25.00,success
2988,396,2023-03-17,25.00,success
2989,397,2023-09-02,25.00,success
2990,397,2023-08-02,25.00,success
2991,397,2023-07-02,25.00,success
2992,397,2023-06-02,25.00,failed
2993,398,2023-09-20,10.00,success
2994,398,2023-08-20,10.00,success
2995,399,2024-03-07,10.00,success
2996,399,2024-02-07,10.00,success
2997,399,2024-01-07,10.00,success
2998,399,2023-12-07,10.00,success
2999,399,2023-11-07,10.00,success
3000,399,2023-10-07,10.00,success
3001,399,2023-09-07,10.00,success
3002,400,2024-07-22,25.00,success
3003,400,2024-06-22,25.00,success
3004,400,2024-05-22,25.00,success
3005,401,2023-11-19,25.00,success
3006,401,2023-10-19,25.00,success
3007,401,2023-09-19,25.00,success
3008,401,2023-08-19,25.00,success
3009,401,2023-07-19,25.00,success
3010,402,2024-08-31,10.00,success
3011,402,2024-07-31,10.00,success
3012,402,2024-06-30,10.00,success
3013,402,2024-05-31,10.00,failed
3014,402,2024-04-30,10.00,success
3015,402,2024-03-31,10.00,success
3016,403,2024-01-06,10.00,success
3017,403,2023-12-06,10.00,success
3018,403,2023-11-06,10.00,success
3019,403,2023-10-06,10.00,success
3020,403,2023-09-06,10.00,success
3021,404,2024-09-01,25.00,success
3022,404,2024-08-01,25.00,success
3023,404,2024-07-01,25.00,success
3024,404,2024-06-01,25.00,success
3025,405,2023-06-05,25.00,success
3026,405,2023-05-05,25.00,success
3027,406,2024-07-08,10.00,success
3028,406,2024-06-08,10.00,success
3029,406,2024-05-08,10.00,success
3030,406,2024-04-08,10.00,success
3031,407,2024-05-01,25.00,success
3032,407,2024-04-01,25.00,success
3033,407,2024-03-01,25.00,success
3034,407,2024-02-01,25.00,success
3035,407,2024-01-01,25.00,failed
3036,408,2023-07-23,25.00,success
3037,408,2023-06-23,25.00,success
3038,409,2023-11-06,10.00,success
3039,409,2023-10-06,10.00,success
3040,409,2023-09-06,10.00,success
3041,409,2023-08-06,10.00,success
3042,409,2023-07-06,10.00,success
3043,409,2023-06-06,10.00,success
3044,409,2023-05-06,10.00,success
3045,409,2023-04-06,10.00,success
3046,410,2024-08-05,10.00,success
3047,410,2024-07-05,10.00,success
3048,410,2024-06-05,10.00,success
3049,410,2024-05-05,10.00,success
3050,410,2024-04-05,10.00,success
3051,410,2024-03-05,10.00,success
3052,410,2024-02-05,10.00,success
3053,410,2024-01-05,10.00,success
3054,410,2023-12-05,10.00,success
3055,410,2023-11-05,10.00,success
3056,410,2023-10-05,10.00,success
3057,410,2023-09-05,10.00,success
3058,411,2024-07-10,10.00,failed
3059,411,2024-06-10,10.00,success
3060,411,2024-05-10,10.00,success
3061,411,2024-04-10,10.00,success
3062,411,2024-03-10,10.00,success
3063,411,2024-02-10,10.00,success
3064,411,2024-01-10,10.00,success
3065,411,2023-12-10,10.00,success
3066,411,2023-11-10,10.00,success
3067,411,2023-10-10,10.00,success
3068,411,2023-09-10,10.00,success
3069,412,2024-05-19,10.00,success
3070,412,2024-04-19,10.00,success
3071,412,2024-03-19,10.00,success
3072,412,2024-02-19,10.00,success
3073,412,2024-01-19,10.00,success
3074,412,2023-12-19,10.00,failed
3075,412,2023-11-19,10.00,failed
3076,412,2023-10-19,10.00,success
3077,413,2023-12-09,10.00,success
3078,413,2023-11-09,10.00,success
3079,413,2023-10-09,10.00,success
3080,413,2023-09-09,10.00,failed
3081,414,2024-02-18,25.00,success
3082,414,2024-01-18,25.00,success
3083,414,2023-12-18,25.00,success
3084,414,2023-11-18,25.00,failed
3085,415,2024-03-30,10.00,success
3086,415,2024-02-29,10.00,success
3087,415,2024-01-30,10.00,success
3088,415,2023-12-30,10.00,success
3089,415,2023-11-30,10.00,success
3090,415,2023-10-30,10.00,success
3091,415,2023-09-30,10.00,success
3092,415,2023-08-30,10.00,success
3093,415,2023-07-30,10.00,success
3094,416,2023-08-20,10.00,success
3095,416,2023-07-20,10.00,success
3096,417,2024-01-03,25.00,success
3097,417,2023-12-03,25.00,success
3098,417,2023-11-03,25.00,success
3099,417,2023-10-03,25.00,success
3100,417,2023-09-03,25.00,success
3101,417,2023-08-03,25.00,success
3102,417,2023-07-03,25.00,success
3103,417,2023-06-03,25.00,success
3104,417,2023-05-03,25.00,failed
3105,417,2023-04-03,25.00,success
3106,417,2023-03-03,25.00,success
3107,417,2023-02-03,25.00,failed
3108,418,2023-03-25,10.00,success
3109,418,2023-02-25,10.00,success
3110,419,2024-07-05,10.00,failed
3111,419,2024-06-05,10.00,success
3112,419,2024-05-05,10.00,success
3113,419,2024-04-05,10.00,failed
3114,419,2024-03-05,10.00,success
3115,419,2024-02-05,10.00,success
3116,419,2024-01-05,10.00,failed
3117,419,2023-12-05,10.00,success
3118,419,2023-11-05,10.00,success
3119,419,2023-10-05,10.00,success
3120,420,2024-12-02,10.00,success
3121,420,2024-11-02,10.00,success
3122,420,2024-10-02,10.00,success
3123,420,2024-09-02,10.00,failed
3124,420,2024-08-02,10.00,success
3125,420,2024-07-02,10.00,success
3126,421,2025-03-22,10.00,success
3127,421,2025-02-22,10.00,success
3128,421,2025-01-22,10.00,failed
3129,421,2024-12-22,10.00,success
3130,421,2024-11-22,10.00,success
3131,421,2024-10-22,10.00,success
3132,421,2024-09-22,10.00,success
3133,421,2024-08-22,10.00,success
3134,421,2024-07-22,10.00,failed
3135,421,2024-06-22,10.00,success
3136,421,2024-05-22,10.00,success
3137,421,2024-04-22,10.00,success
3138,422,2024-01-03,25.00,success
3139,422,2023-12-03,25.00,success
3140,422,2023-11-03,25.00,success
3141,423,2024-01-05,10.00,success
3142,423,2023-12-05,10.00,success
3143,423,2023-11-05,10.00,success
3144,423,2023-10-05,10.00,success
3145,423,2023-09-05,10.00,success
3146,423,2023-08-05,10.00,success
3147,423,2023-07-05,10.00,success
3148,424,2025-02-03,10.00,success
3149,424,2025-01-03,10.00,failed
3150,424,2024-12-03,10.00,success
3151,424,2024-11-03,10.00,success
3152,424,2024-10-03,10.00,success
3153,424,2024-09-03,10.00,success
3154,424,2024-08-03,10.00,success
3155,424,2024-07-03,10.00,success
3156,424,2024-06-03,10.00,success
3157,424,2024-05-03,10.00,success
3158,424,2024-04-03,10.00,success
3159,424,2024-03-03,10.00,success
3160,425,2025-01-12,10.00,success
3161,425,2024-12-12,10.00,success
3162,425,2024-11-12,10.00,success
3163,425,2024-10-12,10.00,success
3164,425,2024-09-12,10.00,success
3165,425,2024-08-12,10.00,success
3166,425,2024-07-12,10.00,success
3167,425,2024-06-12,10.00,success
3168,425,2024-05-12,10.00,success
3169,426,2024-08-13,25.00,success
3170,426,2024-07-13,25.00,success
3171,426,2024-06-13,25.00,success
3172,426,2024-05-13,25.00,success
3173,427,2024-10-11,25.00,success
3174,427,2024-09-11,25.00,success
3175,427,2024-08-11,25.00,failed
3176,427,2024-07-11,25.00,success
3177,427,2024-06-11,25.00,success
3178,427,2024-05-11,25.00,success
3179,428,2024-01-19,10.00,success
3180,428,2023-12-19,10.00,success
3181,429,2024-10-03,25.00,success
3182,429,2024-09-03,25.00,success
3183,429,2024-08-03,25.00,success
3184,429,2024-07-03,25.00,success
3185,429,2024-06-03,25.00,success
3186,430,2024-01-19,10.00,success
3187,430,2023-12-19,10.00,success
3188,430,2023-11-19,10.00,success
3189,430,2023-10-19,10.00,success
3190,431,2023-09-30,25.00,failed
3191,431,2023-08-31,25.00,success
3192,431,2023-07-31,25.00,success
3193,431,2023-06-30,25.00,success
3194,431,2023-05-31,25.00,success
3195,432,2024-09-24,10.00,success
3196,432,2024-08-24,10.00,success
3197,432,2024-07-24,10.00,success
3198,432,2024-06-24,10.00,success
3199,432,2024-05-24,10.00,success
3200,432,2024-04-24,10.00,success
3201,432,2024-03-24,10.00,success
3202,432,2024-02-24,10.00,success
3203,432,2024-01-24,10.00,success
3204,432,2023-12-24,10.00,success
3205,432,2023-11-24,10.00,success
3206,432,2023-10-24,10.00,failed
3207,433,2024-03-03,10.00,success
3208,433,2024-02-03,10.00,success
3209,433,2024-01-03,10.00,success
3210,433,2023-12-03,10.00,success
3211,433,2023-11-03,10.00,success
3212,433,2023-10-03,10.00,success
3213,433,2023-09-03,10.00,success
3214,433,2023-08-03,10.00,success
3215,433,2023-07-03,10.00,success
3216,433,2023-06-03,10.00,success
3217,433,2023-05-03,10.00,success
3218,433,2023-04-03,10.00,success
3219,434,2024-03-02,10.00,success
3220,434,2024-02-02,10.00,success
3221,434,2024-01-02,10.00,success
3222,434,2023-12-02,10.00,success
3223,434,2023-11-02,10.00,success
3224,434,2023-10-02,10.00,success
3225,434,2023-09-02,10.00,success
3226,434,2023-08-02,10.00,success
3227,434,2023-07-02,10.00,success
3228,434,2023-06-02,10.00,success
3229,434,2023-05-02,10.00,success
3230,434,2023-04-02,10.00,success
3231,435,2023-11-09,10.00,success
3232,435,2023-10-09,10.00,success
3233,436,2024-07-02,25.00,success
3234,436,2024-06-02,25.00,success
3235,436,2024-05-02,25.00,success
3236,437,2023-10-29,25.00,success
3237,437,2023-09-29,25.00,success
3238,437,2023-08-29,25.00,success
3239,437,2023-07-29,25.00,success
3240,437,2023-06-29,25.00,success
3241,437,2023-05-29,25.00,failed
3242,438,2023-11-04,10.00,success
3243,438,2023-10-04,10.00,success
3244,438,2023-09-04,10.00,failed
3245,438,2023-08-04,10.00,failed
3246,438,2023-07-04,10.00,success
3247,438,2023-06-04,10.00,success
3248,438,2023-05-04,10.00,success
3249,439,2025-02-15,10.00,success
3250,439,2025-01-15,10.00,success
3251,439,2024-12-15,10.00,success
3252,439,2024-11-15,10.00,success
3253,439,2024-10-15,10.00,success
3254,439,2024-09-15,10.00,success
3255,439,2024-08-15,10.00,success
3256,439,2024-07-15,10.00,success
3257,439,2024-06-15,10.00,success
3258,439,2024-05-15,10.00,success
3259,440,2023-12-13,10.00,success
3260,440,2023-11-13,10.00,success
3261,440,2023-10-13,10.00,success
3262,440,2023-09-13,10.00,success
3263,440,2023-08-13,10.00,success
3264,440,2023-07-13,10.00,success
3265,440,2023-06-13,10.00,success
3266,440,2023-05-13,10.00,success
3267,441,2023-12-20,25.00,success
3268,441,2023-11-20,25.00,success
3269,441,2023-10-20,25.00,failed
3270,441,2023-09-20,25.00,success
3271,441,2023-08-20,25.00,success
3272,441,2023-07-20,25.00,success
3273,441,2023-06-20,25.00,success
3274,441,2023-05-20,25.00,success
3275,441,2023-04-20,25.00,failed
3276,441,2023-03-20,25.00,success
3277,442,2024-03-07,10.00,success
3278,442,2024-02-07,10.00,success
3279,442,2024-01-07,10.00,success
3280,442,2023-12-07,10.00,success
3281,442,2023-11-07,10.00,success
3282,442,2023-10-07,10.00,success
3283,442,2023-09-07,10.00,success
3284,442,2023-08-07,10.00,success
3285,443,2025-01-23,25.00,success
3286,443,2024-12-23,25.00,success
3287,443,2024-11-23,25.00,success
3288,443,2024-10-23,25.00,success
3289,443,2024-09-23,25.00,success
3290,443,2024-08-23,25.00,success
3291,443,2024-07-23,25.00,success
3292,443,2024-06-23,25.00,success
3293,444,2024-05-26,10.00,success
3294,444,2024-04-26,10.00,success
3295,444,2024-03-26,10.00,success
3296,444,2024-02-26,10.00,success
3297,444,2024-01-26,10.00,success
3298,444,2023-12-26,10.00,success
3299,444,2023-11-26,10.00,success
3300,444,2023-10-26,10.00,failed
3301,444,2023-09-26,10.00,success
3302,444,2023-08-26,10.00,success
3303,444,2023-07-26,10.00,success
3304,444,2023-06-26,10.00,success
3305,445,2024-04-06,25.00,success
3306,445,2024-03-06,25.00,success
3307,445,2024-02-06,25.00,success
3308,445,2024-01-06,25.00,success
3309,445,2023-12-06,25.00,success
3310,445,2023-11-06,25.00,success
3311,446,2024-03-07,10.00,success
3312,446,2024-02-07,10.00,success
3313,446,2024-01-07,10.00,success
3314,446,2023-12-07,10.00,success
3315,446,2023-11-07,10.00,success
3316,447,2024-02-05,10.00,success
3317,447,2024-01-05,10.00,success
3318,447,2023-12-05,10.00,success
3319,447,2023-11-05,10.00,success
3320,447,2023-10-05,10.00,success
3321,447,2023-09-05,10.00,success
3322,447,2023-08-05,10.00,success
3323,447,2023-07-05,10.00,success
3324,447,2023-06-05,10.00,success
3325,447,2023-05-05,10.00,success
3326,447,2023-04-05,10.00,success
3327,448,2023-12-16,25.00,success
3328,448,2023-11-16,25.00,success
3329,448,2023-10-16,25.00,success
3330,448,2023-09-16,25.00,success
3331,448,2023-08-16,25.00,success
3332,448,2023-07-16,25.00,failed
3333,448,2023-06-16,25.00,success
3334,448,2023-05-16,25.00,success
3335,449,2023-11-07,10.00,success
3336,449,2023-10-07,10.00,success
3337,449,2023-09-07,10.00,success
3338,449,2023-08-07,10.00,success
3339,449,2023-07-07,10.00,success
3340,449,2023-06-07,10.00,success
3341,449,2023-05-07,10.00,success
3342,449,2023-04-07,10.00,success
3343,449,2023-03-07,10.00,success
3344,450,2023-11-01,10.00,success
3345,450,2023-10-01,10.00,success
3346,450,2023-09-01,10.00,success
3347,450,2023-08-01,10.00,success
3348,450,2023-07-01,10.00,success
3349,450,2023-06-01,10.00,success
3350,450,2023-05-01,10.00,success
3351,450,2023-04-01,10.00,failed
3352,450,2023-03-01,10.00,success
3353,450,2023-02-01,10.00,success
3354,451,2024-07-20,10.00,success
3355,451,2024-06-20,10.00,success
3356,452,2025-05-14,25.00,success
3357,452,2025-04-14,25.00,success
3358,452,2025-03-14,25.00,success
3359,452,2025-02-14,25.00,success
3360,452,2025-01-14,25.00,success
3361,452,2024-12-14,25.00,success
3362,452,2024-11-14,25.00,success
3363,452,2024-10-14,25.00,failed
3364,452,2024-09-14,25.00,success
3365,452,2024-08-14,25.00,success
3366,452,2024-07-14,25.00,success
3367,453,2023-10-06,10.00,success
3368,453,2023-09-06,10.00,success
3369,453,2023-08-06,10.00,success
3370,453,2023-07-06,10.00,success
3371,453,2023-06-06,10.00,success
3372,454,2023-10-23,25.00,success
3373,454,2023-09-23,25.00,success
3374,454,2023-08-23,25.00,success
3375,454,2023-07-23,25.00,success
3376,454,2023-06-23,25.00,success
3377,454,2023-05-23,25.00,success
3378,454,2023-04-23,25.00,success
3379,454,2023-03-23,25.00,success
3380,454,2023-02-23,25.00,success
3381,455,2024-05-17,60.00,success
3382,455,2024-04-17,60.00,success
3383,455,2024-03-17,60.00,success
3384,456,2024-02-06,25.00,success
3385,456,2024-01-06,25.00,success
3386,456,2023-12-06,25.00,success
3387,456,2023-11-06,25.00,success
3388,456,2023-10-06,25.00,success
3389,456,2023-09-06,25.00,success
3390,457,2024-03-14,25.00,success
3391,457,2024-02-14,25.00,success
3392,457,2024-01-14,25.00,success
3393,457,2023-12-14,25.00,success
3394,457,2023-11-14,25.00,success
3395,457,2023-10-14,25.00,success
3396,457,2023-09-14,25.00,success
3397,457,2023-08-14,25.00,success
3398,457,2023-07-14,25.00,success
3399,457,2023-06-14,25.00,success
3400,457,2023-05-14,25.00,success
3401,458,2023-12-18,10.00,success
3402,458,2023-11-18,10.00,success
3403,458,2023-10-18,10.00,success
3404,458,2023-09-18,10.00,success
3405,458,2023-08-18,10.00,success
3406,458,2023-07-18,10.00,success
3407,458,2023-06-18,10.00,success
3408,458,2023-05-18,10.00,success
3409,458,2023-04-18,10.00,success
3410,459,2024-05-01,10.00,success
3411,459,2024-04-01,10.00,success
3412,459,2024-03-01,10.00,success
3413,460,2025-03-06,10.00,success
3414,460,2025-02-06,10.00,success
3415,460,2025-01-06,10.00,success
3416,460,2024-12-06,10.00,success
3417,460,2024-11-06,10.00,success
3418,460,2024-10-06,10.00,success
3419,460,2024-09-06,10.00,success
3420,460,2024-08-06,10.00,success
3421,460,2024-07-06,10.00,success
3422,460,2024-06-06,10.00,success
3423,460,2024-05-06,10.00,success
3424,460,2024-04-06,10.00,success
3425,461,2023-11-20,10.00,success
3426,461,2023-10-20,10.00,success
3427,461,2023-09-20,10.00,success
3428,461,2023-08-20,10.00,success
3429,461,2023-07-20,10.00,success
3430,461,2023-06-20,10.00,success
3431,461,2023-05-20,10.00,success
3432,461,2023-04-20,10.00,success
3433,461,2023-03-20,10.00,success
3434,461,2023-02-20,10.00,success
3435,462,2023-10-01,10.00,success
3436,462,2023-09-01,10.00,success
3437,462,2023-08-01,10.00,success
3438,462,2023-07-01,10.00,success
3439,462,2023-06-01,10.00,success
3440,462,2023-05-01,10.00,success
3441,463,2024-07-11,10.00,success
3442,463,2024-06-11,10.00,success
3443,463,2024-05-11,10.00,success
3444,463,2024-04-11,10.00,success
3445,463,2024-03-11,10.00,success
3446,463,2024-02-11,10.00,success
3447,463,2024-01-11,10.00,success
3448,463,2023-12-11,10.00,success
3449,463,2023-11-11,10.00,success
3450,463,2023-10-11,10.00,success
3451,463,2023-09-11,10.00,success
3452,463,2023-08-11,10.00,success
3453,464,2024-01-24,10.00,success
3454,464,2023-12-24,10.00,success
3455,464,2023-11-24,10.00,success
3456,465,2023-08-19,25.00,success
3457,465,2023-07-19,25.00,success
3458,465,2023-06-19,25.00,success
3459,465,2023-05-19,25.00,success
3460,466,2025-03-24,25.00,success
3461,466,2025-02-24,25.00,failed
3462,466,2025-01-24,25.00,success
3463,466,2024-12-24,25.00,success
3464,466,2024-11-24,25.00,success
3465,466,2024-10-24,25.00,success
3466,466,2024-09-24,25.00,success
3467,466,2024-08-24,25.00,success
3468,466,2024-07-24,25.00,success
3469,466,2024-06-24,25.00,failed
3470,466,2024-05-24,25.00,success
3471,466,2024-04-24,25.00,success
3472,467,2024-08-21,10.00,success
3473,467,2024-07-21,10.00,success
3474,467,2024-06-21,10.00,success
3475,467,2024-05-21,10.00,success
3476,467,2024-04-21,10.00,success
3477,467,2024-03-21,10.00,success
3478,467,2024-02-21,10.00,success
3479,467,2024-01-21,10.00,success
3480,468,2024-09-03,10.00,success
3481,468,2024-08-03,10.00,success
3482,468,2024-07-03,10.00,success
3483,468,2024-06-03,10.00,success
3484,468,2024-05-03,10.00,success
3485,468,2024-04-03,10.00,success
3486,468,2024-03-03,10.00,success
3487,468,2024-02-03,10.00,success
3488,468,2024-01-03,10.00,success
3489,468,2023-12-03,10.00,success
3490,468,2023-11-03,10.00,success
3491,469,2024-02-21,25.00,success
3492,469,2024-01-21,25.00,success
3493,469,2023-12-21,25.00,success
3494,469,2023-11-21,25.00,success
3495,469,2023-10-21,25.00,success
3496,469,2023-09-21,25.00,success
3497,469,2023-08-21,25.00,success
3498,469,2023-07-21,25.00,success
3499,469,2023-06-21,25.00,success
3500,469,2023-05-21,25.00,success
3501,470,2024-01-20,25.00,success
3502,470,2023-12-20,25.00,success
3503,471,2024-03-04,25.00,success
3504,471,2024-02-04,25.00,success
3505,471,2024-01-04,25.00,success
3506,471,2023-12-04,25.00,success
3507,472,2024-01-23,10.00,success
3508,472,2023-12-23,10.00,success
3509,472,2023-11-23,10.00,success
3510,472,2023-10-23,10.00,success
3511,472,2023-09-23,10.00,success
3512,472,2023-08-23,10.00,success
3513,472,2023-07-23,10.00,success
3514,472,2023-06-23,10.00,success
3515,472,2023-05-23,10.00,success
3516,472,2023-04-23,10.00,success
3517,472,2023-03-23,10.00,success
3518,472,2023-02-23,10.00,success
3519,473,2025-01-13,10.00,success
3520,473,2024-12-13,10.00,success
3521,473,2024-11-13,10.00,success
3522,473,2024-10-13,10.00,success
3523,473,2024-09-13,10.00,success
3524,473,2024-08-13,10.00,failed
3525,473,2024-07-13,10.00,success
3526,473,2024-06-13,10.00,success
3527,473,2024-05-13,10.00,success
3528,473,2024-04-13,10.00,success
3529,473,2024-03-13,10.00,success
3530,474,2025-01-01,10.00,success
3531,474,2024-12-01,10.00,success
3532,474,2024-11-01,10.00,success
3533,474,2024-10-01,10.00,success
3534,474,2024-09-01,10.00,failed
3535,474,2024-08-01,10.00,success
3536,474,2024-07-01,10.00,success
3537,474,2024-06-01,10.00,success
3538,475,2023-10-20,10.00,success
3539,475,2023-09-20,10.00,success
3540,475,2023-08-20,10.00,failed
3541,475,2023-07-20,10.00,success
3542,475,2023-06-20,10.00,success
3543,475,2023-05-20,10.00,success
3544,475,2023-04-20,10.00,success
3545,475,2023-03-20,10.00,success
3546,476,2024-02-01,25.00,success
3547,476,2024-01-01,25.00,success
3548,476,2023-12-01,25.00,success
3549,476,2023-11-01,25.00,success
3550,476,2023-10-01,25.00,success
3551,476,2023-09-01,25.00,success
3552,476,2023-08-01,25.00,success
3553,476,2023-07-01,25.00,success
3554,477,2024-01-24,10.00,success
3555,477,2023-12-24,10.00,success
3556,477,2023-11-24,10.00,success
3557,477,2023-10-24,10.00,success
3558,477,2023-09-24,10.00,success
3559,478,2024-04-19,25.00,success
3560,478,2024-03-19,25.00,success
3561,478,2024-02-19,25.00,success
3562,478,2024-01-19,25.00,success
3563,478,2023-12-19,25.00,success
3564,478,2023-11-19,25.00,success
3565,478,2023-10-19,25.00,success
3566,479,2024-05-28,10.00,success
3567,479,2024-04-28,10.00,success
3568,479,2024-03-28,10.00,success
3569,479,2024-02-28,10.00,success
3570,479,2024-01-28,10.00,success
3571,479,2023-12-28,10.00,success
3572,479,2023-11-28,10.00,success
3573,479,2023-10-28,10.00,success
3574,479,2023-09-28,10.00,success
3575,479,2023-08-28,10.00,success
3576,479,2023-07-28,10.00,success
3577,479,2023-06-28,10.00,success
3578,480,2024-09-01,10.00,success
3579,480,2024-08-01,10.00,success
3580,480,2024-07-01,10.00,success
3581,480,2024-06-01,10.00,success
3582,480,2024-05-01,10.00,success
3583,480,2024-04-01,10.00,success
3584,480,2024-03-01,10.00,success
3585,480,2024-02-01,10.00,success
3586,480,2024-01-01,10.00,success
3587,480,2023-12-01,10.00,success
3588,480,2023-11-01,10.00,success
3589,481,2024-02-04,10.00,success
3590,481,2024-01-04,10.00,success
3591,481,2023-12-04,10.00,success
3592,482,2023-12-17,10.00,success
3593,482,2023-11-17,10.00,success
3594,482,2023-10-17,10.00,success
3595,482,2023-09-17,10.00,success
3596,482,2023-08-17,10.00,success
3597,482,2023-07-17,10.00,success
3598,483,2024-12-23,10.00,success
3599,483,2024-11-23,10.00,success
3600,483,2024-10-23,10.00,success
3601,483,2024-09-23,10.00,success
3602,483,2024-08-23,10.00,success
3603,483,2024-07-23,10.00,success
3604,483,2024-06-23,10.00,success
3605,483,2024-05-23,10.00,success
3606,483,2024-04-23,10.00,success
3607,483,2024-03-23,10.00,success
3608,483,2024-02-23,10.00,success
3609,483,2024-01-23,10.00,success
3610,484,2023-12-13,25.00,success
3611,484,2023-11-13,25.00,success
3612,484,2023-10-13,25.00,success
3613,484,2023-09-13,25.00,success
3614,484,2023-08-13,25.00,success
3615,484,2023-07-13,25.00,success
3616,484,2023-06-13,25.00,success
3617,484,2023-05-13,25.00,success
3618,485,2023-06-29,10.00,success
3619,485,2023-05-29,10.00,success
3620,485,2023-04-29,10.00,success
3621,485,2023-03-29,10.00,success
3622,485,2023-02-28,10.00,success
3623,485,2023-01-29,10.00,success
3624,486,2024-08-12,10.00,success
3625,486,2024-07-12,10.00,success
3626,486,2024-06-12,10.00,success
3627,486,2024-05-12,10.00,success
3628,486,2024-04-12,10.00,success
3629,486,2024-03-12,10.00,success
3630,486,2024-02-12,10.00,success
3631,486,2024-01-12,10.00,success
3632,486,2023-12-12,10.00,success
3633,486,2023-11-12,10.00,success
3634,486,2023-10-12,10.00,success
3635,487,2023-04-04,10.00,success
3636,487,2023-03-04,10.00,success
3637,488,2024-05-21,10.00,success
3638,488,2024-04-21,10.00,success
3639,488,2024-03-21,10.00,success
3640,488,2024-02-21,10.00,success
3641,488,2024-01-21,10.00,success
3642,488,2023-12-21,10.00,success
3643,488,2023-11-21,10.00,success
3644,488,2023-10-21,10.00,success
3645,488,2023-09-21,10.00,success
3646,488,2023-08-21,10.00,success
3647,488,2023-07-21,10.00,success
3648,488,2023-06-21,10.00,success
3649,489,2024-01-19,25.00,success
3650,489,2023-12-19,25.00,success
3651,489,2023-11-19,25.00,success
3652,489,2023-10-19,25.00,success
3653,489,2023-09-19,25.00,success
3654,489,2023-08-19,25.00,success
3655,489,2023-07-19,25.00,success
3656,490,2024-09-02,25.00,success
3657,490,2024-08-02,25.00,success
3658,490,2024-07-02,25.00,success
3659,490,2024-06-02,25.00,success
3660,490,2024-05-02,25.00,success
3661,490,2024-04-02,25.00,success
3662,490,2024-03-02,25.00,success
3663,490,2024-02-02,25.00,failed
3664,490,2024-01-02,25.00,success
3665,490,2023-12-02,25.00,success
3666,490,2023-11-02,25.00,success
3667,490,2023-10-02,25.00,success
3668,491,2024-03-10,10.00,success
3669,491,2024-02-10,10.00,success
3670,491,2024-01-10,10.00,success
3671,491,2023-12-10,10.00,success
3672,491,2023-11-10,10.00,success
3673,491,2023-10-10,10.00,success
3674,491,2023-09-10,10.00,success
3675,491,2023-08-10,10.00,success
3676,491,2023-07-10,10.00,success
3677,491,2023-06-10,10.00,success
3678,491,2023-05-10,10.00,success
3679,492,2023-10-09,10.00,success
3680,492,2023-09-09,10.00,failed
3681,492,2023-08-09,10.00,success
3682,492,2023-07-09,10.00,success
3683,492,2023-06-09,10.00,success
3684,492,2023-05-09,10.00,success
3685,492,2023-04-09,10.00,success
3686,492,2023-03-09,10.00,success
3687,493,2024-07-27,10.00,success
3688,493,2024-06-27,10.00,success
3689,493,2024-05-27,10.00,failed
3690,493,2024-04-27,10.00,success
3691,493,2024-03-27,10.00,success
3692,493,2024-02-27,10.00,success
3693,494,2025-03-30,10.00,success
3694,494,2025-02-28,10.00,success
3695,494,2025-01-30,10.00,success
3696,494,2024-12-30,10.00,success
3697,494,2024-11-30,10.00,success
3698,494,2024-10-30,10.00,success
3699,494,2024-09-30,10.00,success
3700,494,2024-08-30,10.00,success
3701,494,2024-07-30,10.00,success
3702,494,2024-06-30,10.00,success
3703,495,2024-04-01,10.00,success
3704,495,2024-03-01,10.00,success
3705,495,2024-02-01,10.00,success
3706,496,2023-12-19,25.00,success
3707,496,2023-11-19,25.00,success
3708,496,2023-10-19,25.00,success
3709,496,2023-09-19,25.00,success
3710,496,2023-08-19,25.00,success
3711,496,2023-07-19,25.00,success
3712,496,2023-06-19,25.00,success
3713,496,2023-05-19,25.00,success
3714,496,2023-04-19,25.00,success
3715,497,2024-11-20,10.00,success
3716,497,2024-10-20,10.00,success
3717,497,2024-09-20,10.00,success
3718,497,2024-08-20,10.00,success
3719,497,2024-07-20,10.00,success
3720,497,2024-06-20,10.00,success
3721,497,2024-05-20,10.00,success
3722,497,2024-04-20,10.00,success
3723,498,2023-07-21,10.00,success
3724,498,2023-06-21,10.00,success
3725,499,2024-08-18,25.00,success
3726,499,2024-07-18,25.00,success
3727,499,2024-06-18,25.00,success
3728,499,2024-05-18,25.00,success
3729,499,2024-04-18,25.00,success
3730,499,2024-03-18,25.00,success
3731,499,2024-02-18,25.00,success
3732,499,2024-01-18,25.00,failed
3733,499,2023-12-18,25.00,success
3734,499,2023-11-18,25.00,success
3735,499,2023-10-18,25.00,success
3736,499,2023-09-18,25.00,success
3737,500,2023-12-10,10.00,success
3738,500,2023-11-10,10.00,success
3739,500,2023-10-10,10.00,failed
3740,500,2023-09-10,10.00,success
3741,500,2023-08-10,10.00,success
3742,501,2024-08-22,25.00,success
3743,501,2024-07-22,25.00,success
3744,501,2024-06-22,25.00,success
3745,501,2024-05-22,25.00,success
3746,501,2024-04-22,25.00,success
3747,501,2024-03-22,25.00,success
3748,501,2024-02-22,25.00,success
3749,501,2024-01-22,25.00,success
3750,501,2023-12-22,25.00,success
3751,501,2023-11-22,25.00,success
3752,501,2023-10-22,25.00,success
3753,502,2024-11-17,25.00,success
3754,502,2024-10-17,25.00,success
3755,502,2024-09-17,25.00,success
3756,502,2024-08-17,25.00,success
3757,502,2024-07-17,25.00,success
3758,502,2024-06-17,25.00,success
3759,502,2024-05-17,25.00,success
3760,502,2024-04-17,25.00,success
3761,502,2024-03-17,25.00,success
3762,502,2024-02-17,25.00,success
3763,502,2024-01-17,25.00,success
3764,502,2023-12-17,25.00,failed
3765,503,2024-03-17,10.00,success
3766,503,2024-02-17,10.00,success
3767,503,2024-01-17,10.00,success
3768,503,2023-12-17,10.00,success
3769,503,2023-11-17,10.00,success
3770,503,2023-10-17,10.00,success
3771,503,2023-09-17,10.00,failed
3772,503,2023-08-17,10.00,success
3773,503,2023-07-17,10.00,success
3774,504,2024-07-05,10.00,success
3775,504,2024-06-05,10.00,success
3776,504,2024-05-05,10.00,success
3777,504,2024-04-05,10.00,success
3778,504,2024-03-05,10.00,success
3779,504,2024-02-05,10.00,success
3780,504,2024-01-05,10.00,success
3781,504,2023-12-05,10.00,success
3782,505,2024-09-28,10.00,success
3783,505,2024-08-28,10.00,success
3784,505,2024-07-28,10.00,success
3785,505,2024-06-28,10.00,success
3786,505,2024-05-28,10.00,success
3787,505,2024-04-28,10.00,success
3788,506,2024-12-20,25.00,success
3789,506,2024-11-20,25.00,success
3790,506,2024-10-20,25.00,success
3791,506,2024-09-20,25.00,success
3792,506,2024-08-20,25.00,success
3793,506,2024-07-20,25.00,failed
3794,506,2024-06-20,25.00,failed
3795,506,2024-05-20,25.00,success
3796,507,2023-09-18,10.00,success
3797,507,2023-08-18,10.00,success
3798,507,2023-07-18,10.00,success
3799,507,2023-06-18,10.00,success
3800,507,2023-05-18,10.00,success
3801,507,2023-04-18,10.00,success
3802,507,2023-03-18,10.00,success
3803,507,2023-02-18,10.00,success
3804,508,2023-12-10,25.00,success
3805,508,2023-11-10,25.00,success
3806,508,2023-10-10,25.00,failed
3807,508,2023-09-10,25.00,success
3808,508,2023-08-10,25.00,success
3809,508,2023-07-10,25.00,success
3810,508,2023-06-10,25.00,success
3811,508,2023-05-10,25.00,success
3812,508,2023-04-10,25.00,success
3813,508,2023-03-10,25.00,success
3814,508,2023-02-10,25.00,success
3815,509,2024-03-03,25.00,success
3816,509,2024-02-03,25.00,success
3817,509,2024-01-03,25.00,success
3818,509,2023-12-03,25.00,success
3819,509,2023-11-03,25.00,success
3820,509,2023-10-03,25.00,success
3821,509,2023-09-03,25.00,success
3822,509,2023-08-03,25.00,success
3823,509,2023-07-03,25.00,success
3824,509,2023-06-03,25.00,success
3825,510,2024-08-12,10.00,success
3826,510,2024-07-12,10.00,success
3827,511,2023-07-23,10.00,success
3828,511,2023-06-23,10.00,success
3829,511,2023-05-23,10.00,success
3830,511,2023-04-23,10.00,success
3831,511,2023-03-23,10.00,success
3832,512,2024-12-02,10.00,success
3833,512,2024-11-02,10.00,success
3834,512,2024-10-02,10.00,success
3835,512,2024-09-02,10.00,success
3836,512,2024-08-02,10.00,success
3837,512,2024-07-02,10.00,success
3838,512,2024-06-02,10.00,success
3839,513,2023-04-24,10.00,success
3840,513,2023-03-24,10.00,success
3841,513,2023-02-24,10.00,failed
3842,513,2023-01-24,10.00,success
3843,514,2024-04-17,10.00,success
3844,514,2024-03-17,10.00,success
3845,514,2024-02-17,10.00,success
3846,514,2024-01-17,10.00,success
3847,514,2023-12-17,10.00,success
3848,514,2023-11-17,10.00,success
3849,514,2023-10-17,10.00,success
3850,514,2023-09-17,10.00,success
3851,515,2024-04-11,25.00,failed
3852,515,2024-03-11,25.00,success
3853,515,2024-02-11,25.00,success
3854,515,2024-01-11,25.00,success
3855,515,2023-12-11,25.00,success
3856,516,2023-11-24,25.00,success
3857,516,2023-10-24,25.00,success
3858,516,2023-09-24,25.00,success
3859,516,2023-08-24,25.00,success
3860,517,2024-12-06,25.00,success
3861,517,2024-11-06,25.00,failed
3862,517,2024-10-06,25.00,success
3863,517,2024-09-06,25.00,success
3864,517,2024-08-06,25.00,success
3865,517,2024-07-06,25.00,success
3866,517,2024-06-06,25.00,success
3867,517,2024-05-06,25.00,success
3868,517,2024-04-06,25.00,success
3869,517,2024-03-06,25.00,success
3870,518,2024-04-05,25.00,success
3871,518,2024-03-05,25.00,success
3872,518,2024-02-05,25.00,success
3873,518,2024-01-05,25.00,success
3874,518,2023-12-05,25.00,success
3875,518,2023-11-05,25.00,success
3876,518,2023-10-05,25.00,success
3877,518,2023-09-05,25.00,success
3878,519,2024-03-01,10.00,success
3879,519,2024-02-01,10.00,success
3880,519,2024-01-01,10.00,success
3881,519,2023-12-01,10.00,success
3882,519,2023-11-01,10.00,success
3883,519,2023-10-01,10.00,success
3884,519,2023-09-01,10.00,success
3885,519,2023-08-01,10.00,failed
3886,519,2023-07-01,10.00,success
3887,519,2023-06-01,10.00,success
3888,519,2023-05-01,10.00,success
3889,519,2023-04-01,10.00,success
3890,520,2024-10-22,10.00,success
3891,520,2024-09-22,10.00,success
3892,520,2024-08-22,10.00,success
3893,520,2024-07-22,10.00,success
3894,520,2024-06-22,10.00,success
3895,520,2024-05-22,10.00,success
3896,520,2024-04-22,10.00,success
3897,520,2024-03-22,10.00,success
3898,520,2024-02-22,10.00,success
3899,520,2024-01-22,10.00,success
3900,520,2023-12-22,10.00,success
3901,520,2023-11-22,10.00,success
3902,521,2024-10-23,25.00,success
3903,521,2024-09-23,25.00,failed
3904,521,2024-08-23,25.00,success
3905,521,2024-07-23,25.00,success
3906,521,2024-06-23,25.00,success
3907,521,2024-05-23,25.00,success
3908,521,2024-04-23,25.00,success
3909,521,2024-03-23,25.00,success
3910,521,2024-02-23,25.00,success
3911,522,2024-03-18,10.00,success
3912,522,2024-02-18,10.00,success
3913,522,2024-01-18,10.00,success
3914,522,2023-12-18,10.00,success
3915,522,2023-11-18,10.00,success
3916,522,2023-10-18,10.00,success
3917,523,2023-06-26,10.00,success
3918,523,2023-05-26,10.00,success
3919,524,2024-03-05,10.00,success
3920,524,2024-02-05,10.00,success
3921,524,2024-01-05,10.00,success
3922,524,2023-12-05,10.00,success
3923,524,2023-11-05,10.00,success
3924,524,2023-10-05,10.00,success
3925,524,2023-09-05,10.00,success
3926,524,2023-08-05,10.00,success
3927,524,2023-07-05,10.00,success
3928,525,2024-02-15,10.00,success
3929,525,2024-01-15,10.00,success
3930,526,2025-06-12,25.00,success
3931,526,2025-05-12,25.00,success
3932,526,2025-04-12,25.00,success
3933,526,2025-03-12,25.00,success
3934,526,2025-02-12,25.00,success
3935,526,2025-01-12,25.00,success
3936,526,2024-12-12,25.00,success
3937,526,2024-11-12,25.00,success
3938,526,2024-10-12,25.00,success
3939,526,2024-09-12,25.00,success
3940,526,2024-08-12,25.00,success
3941,526,2024-07-12,25.00,success
3942,527,2024-01-19,10.00,success
3943,527,2023-12-19,10.00,success
3944,527,2023-11-19,10.00,success
3945,527,2023-10-19,10.00,success
3946,527,2023-09-19,10.00,success
3947,527,2023-08-19,10.00,success
3948,527,2023-07-19,10.00,success
3949,527,2023-06-19,10.00,success
3950,527,2023-05-19,10.00,failed
3951,527,2023-04-19,10.00,failed
3952,527,2023-03-19,10.00,failed
3953,528,2024-03-29,25.00,success
3954,528,2024-02-29,25.00,success
3955,528,2024-01-29,25.00,success
3956,528,2023-12-29,25.00,success
3957,528,2023-11-29,25.00,success
3958,528,2023-10-29,25.00,success
3959,528,2023-09-29,25.00,success
3960,528,2023-08-29,25.00,success
3961,528,2023-07-29,25.00,success
3962,528,2023-06-29,25.00,success
3963,528,2023-05-29,25.00,success
3964,529,2023-06-17,10.00,success
3965,529,2023-05-17,10.00,success
3966,530,2024-05-02,10.00,success
3967,530,2024-04-02,10.00,success
3968,530,2024-03-02,10.00,success
3969,531,2024-10-19,10.00,success
3970,531,2024-09-19,10.00,success
3971,531,2024-08-19,10.00,success
3972,531,2024-07-19,10.00,success
3973,531,2024-06-19,10.00,success
3974,531,2024-05-19,10.00,success
3975,531,2024-04-19,10.00,success
3976,531,2024-03-19,10.00,success
3977,532,2024-03-24,10.00,success
3978,532,2024-02-24,10.00,success
3979,532,2024-01-24,10.00,success
3980,532,2023-12-24,10.00,success
3981,532,2023-11-24,10.00,success
3982,532,2023-10-24,10.00,failed
3983,532,2023-09-24,10.00,success
3984,532,2023-08-24,10.00,success
3985,533,2024-12-29,10.00,success
3986,533,2024-11-29,10.00,success
3987,533,2024-10-29,10.00,success
3988,533,2024-09-29,10.00,success
3989,533,2024-08-29,10.00,success
3990,533,2024-07-29,10.00,success
3991,533,2024-06-29,10.00,success
3992,533,2024-05-29,10.00,success
3993,534,2024-09-10,10.00,success
3994,534,2024-08-10,10.00,success
3995,534,2024-07-10,10.00,success
3996,534,2024-06-10,10.00,success
3997,534,2024-05-10,10.00,success
3998,534,2024-04-10,10.00,success
3999,534,2024-03-10,10.00,success
4000,534,2024-02-10,10.00,success
4001,534,2024-01-10,10.00,failed
4002,534,2023-12-10,10.00,failed
4003,534,2023-11-10,10.00,failed
4004,534,2023-10-10,10.00,success
4005,535,2023-12-07,10.00,success
4006,535,2023-11-07,10.00,success
4007,535,2023-10-07,10.00,success
4008,535,2023-09-07,10.00,success
4009,535,2023-08-07,10.00,failed
4010,535,2023-07-07,10.00,success
4011,536,2024-12-20,10.00,failed
4012,536,2024-11-20,10.00,success
4013,536,2024-10-20,10.00,success
4014,536,2024-09-20,10.00,success
4015,536,2024-08-20,10.00,success
4016,536,2024-07-20,10.00,success
4017,536,2024-06-20,10.00,success
4018,536,2024-05-20,10.00,success
4019,536,2024-04-20,10.00,success
4020,536,2024-03-20,10.00,success
4021,536,2024-02-20,10.00,success
4022,536,2024-01-20,10.00,success
4023,537,2025-01-06,10.00,success
4024,537,2024-12-06,10.00,success
4025,537,2024-11-06,10.00,success
4026,537,2024-10-06,10.00,success
4027,537,2024-09-06,10.00,success
4028,537,2024-08-06,10.00,success
4029,537,2024-07-06,10.00,success
4030,538,2024-11-08,10.00,success
4031,538,2024-10-08,10.00,success
4032,538,2024-09-08,10.00,success
4033,538,2024-08-08,10.00,success
4034,538,2024-07-08,10.00,success
4035,538,2024-06-08,10.00,success
4036,538,2024-05-08,10.00,success
4037,538,2024-04-08,10.00,success
4038,538,2024-03-08,10.00,success
4039,538,2024-02-08,10.00,success
4040,538,2024-01-08,10.00,success
4041,539,2024-01-13,25.00,success
4042,539,2023-12-13,25.00,success
4043,539,2023-11-13,25.00,success
4044,539,2023-10-13,25.00,success
4045,539,2023-09-13,25.00,success
4046,539,2023-08-13,25.00,success
4047,539,2023-07-13,25.00,success
4048,540,2024-08-08,10.00,success
4049,540,2024-07-08,10.00,success
4050,540,2024-06-08,10.00,success
4051,540,2024-05-08,10.00,failed
4052,540,2024-04-08,10.00,success
4053,540,2024-03-08,10.00,success
4054,540,2024-02-08,10.00,failed
4055,540,2024-01-08,10.00,success
4056,540,2023-12-08,10.00,success
4057,540,2023-11-08,10.00,success
4058,540,2023-10-08,10.00,success
4059,540,2023-09-08,10.00,success
4060,541,2024-12-20,10.00,success
4061,541,2024-11-20,10.00,success
4062,541,2024-10-20,10.00,success
4063,541,2024-09-20,10.00,success
4064,541,2024-08-20,10.00,failed
4065,541,2024-07-20,10.00,success
4066,541,2024-06-20,10.00,success
4067,541,2024-05-20,10.00,success
4068,541,2024-04-20,10.00,failed
4069,541,2024-03-20,10.00,success
4070,542,2024-04-26,25.00,success
4071,542,2024-03-26,25.00,success
4072,542,2024-02-26,25.00,failed
4073,542,2024-01-26,25.00,success
4074,542,2023-12-26,25.00,success
4075,542,2023-11-26,25.00,success
4076,542,2023-10-26,25.00,success
4077,543,2024-02-29,10.00,success
4078,543,2024-01-30,10.00,success
4079,543,2023-12-30,10.00,success
4080,543,2023-11-30,10.00,success
4081,543,2023-10-30,10.00,success
4082,543,2023-09-30,10.00,success
4083,543,2023-08-30,10.00,success
4084,543,2023-07-30,10.00,success
4085,543,2023-06-30,10.00,success
4086,543,2023-05-30,10.00,success
4087,544,2024-08-23,10.00,success
4088,544,2024-07-23,10.00,success
4089,544,2024-06-23,10.00,success
4090,544,2024-05-23,10.00,success
4091,544,2024-04-23,10.00,success
4092,544,2024-03-23,10.00,success
4093,544,2024-02-23,10.00,success
4094,544,2024-01-23,10.00,success
4095,544,2023-12-23,10.00,success
4096,544,2023-11-23,10.00,success
4097,544,2023-10-23,10.00,success
4098,545,2024-09-17,10.00,success
4099,545,2024-08-17,10.00,success
4100,545,2024-07-17,10.00,success
4101,545,2024-06-17,10.00,success
4102,545,2024-05-17,10.00,success
4103,545,2024-04-17,10.00,success
4104,545,2024-03-17,10.00,success
4105,545,2024-02-17,10.00,success
4106,545,2024-01-17,10.00,success
4107,545,2023-12-17,10.00,success
4108,545,2023-11-17,10.00,success
4109,545,2023-10-17,10.00,success
4110,546,2024-02-29,25.00,success
4111,546,2024-01-30,25.00,success
4112,546,2023-12-30,25.00,success
4113,547,2024-10-02,10.00,success
4114,547,2024-09-02,10.00,success
4115,547,2024-08-02,10.00,success
4116,547,2024-07-02,10.00,success
4117,547,2024-06-02,10.00,success
4118,547,2024-05-02,10.00,success
4119,547,2024-04-02,10.00,success
4120,547,2024-03-02,10.00,success
4121,547,2024-02-02,10.00,failed
4122,547,2024-01-02,10.00,success
4123,547,2023-12-02,10.00,success
4124,548,2024-08-26,10.00,success
4125,548,2024-07-26,10.00,success
4126,548,2024-06-26,10.00,success
4127,548,2024-05-26,10.00,success
4128,548,2024-04-26,10.00,success
4129,549,2023-08-14,25.00,success
4130,549,2023-07-14,25.00,success
4131,549,2023-06-14,25.00,success
4132,549,2023-05-14,25.00,success
4133,549,2023-04-14,25.00,success
4134,550,2023-06-08,25.00,success
4135,550,2023-05-08,25.00,success
4136,550,2023-04-08,25.00,success
4137,550,2023-03-08,25.00,success
4138,551,2024-09-21,10.00,success
4139,551,2024-08-21,10.00,success
4140,551,2024-07-21,10.00,success
4141,551,2024-06-21,10.00,success
4142,551,2024-05-21,10.00,success
4143,551,2024-04-21,10.00,failed
4144,551,2024-03-21,10.00,success
4145,552,2024-02-23,10.00,success
4146,552,2024-01-23,10.00,success
4147,552,2023-12-23,10.00,success
4148,552,2023-11-23,10.00,success
4149,552,2023-10-23,10.00,success
4150,552,2023-09-23,10.00,success
4151,552,2023-08-23,10.00,success
4152,552,2023-07-23,10.00,success
4153,552,2023-06-23,10.00,success
4154,553,2023-11-18,25.00,success
4155,553,2023-10-18,25.00,success
4156,553,2023-09-18,25.00,success
4157,553,2023-08-18,25.00,success
4158,553,2023-07-18,25.00,success
4159,553,2023-06-18,25.00,success
4160,554,2024-03-08,10.00,success
4161,554,2024-02-08,10.00,success
4162,554,2024-01-08,10.00,success
4163,554,2023-12-08,10.00,success
4164,554,2023-11-08,10.00,success
4165,554,2023-10-08,10.00,success
4166,554,2023-09-08,10.00,success
4167,554,2023-08-08,10.00,success
4168,554,2023-07-08,10.00,success
4169,555,2024-10-26,10.00,success
4170,555,2024-09-26,10.00,success
4171,555,2024-08-26,10.00,success
4172,555,2024-07-26,10.00,success
4173,555,2024-06-26,10.00,success
4174,555,2024-05-26,10.00,success
4175,555,2024-04-26,10.00,success
4176,556,2024-04-29,25.00,success
4177,556,2024-03-29,25.00,success
4178,556,2024-02-29,25.00,failed
4179,556,2024-01-29,25.00,success
4180,556,2023-12-29,25.00,success
4181,557,2024-02-24,10.00,success
4182,557,2024-01-24,10.00,success
4183,557,2023-12-24,10.00,success
4184,558,2024-03-06,25.00,success
4185,558,2024-02-06,25.00,success
4186,558,2024-01-06,25.00,success
4187,558,2023-12-06,25.00,success
4188,558,2023-11-06,25.00,success
4189,558,2023-10-06,25.00,success
4190,558,2023-09-06,25.00,success
4191,558,2023-08-06,25.00,success
4192,558,2023-07-06,25.00,success
4193,559,2024-05-06,10.00,success
4194,559,2024-04-06,10.00,success
4195,559,2024-03-06,10.00,success
4196,559,2024-02-06,10.00,success
4197,559,2024-01-06,10.00,success
4198,559,2023-12-06,10.00,success
4199,560,2024-12-17,60.00,success
4200,560,2024-11-17,60.00,success
4201,560,2024-10-17,60.00,success
4202,560,2024-09-17,60.00,success
4203,560,2024-08-17,60.00,success
4204,560,2024-07-17,60.00,success
4205,560,2024-06-17,60.00,success
4206,560,2024-05-17,60.00,success
4207,560,2024-04-17,60.00,success
4208,560,2024-03-17,60.00,success
4209,560,2024-02-17,60.00,success
4210,560,2024-01-17,60.00,success
4211,561,2023-07-28,25.00,failed
4212,561,2023-06-28,25.00,success
4213,561,2023-05-28,25.00,success
4214,561,2023-04-28,25.00,success
4215,561,2023-03-28,25.00,success
4216,561,2023-02-28,25.00,success
4217,561,2023-01-28,25.00,success
4218,562,2023-11-10,10.00,success
4219,562,2023-10-10,10.00,success
4220,562,2023-09-10,10.00,success
4221,562,2023-08-10,10.00,success
4222,562,2023-07-10,10.00,success
4223,562,2023-06-10,10.00,success
4224,563,2023-08-06,10.00,success
4225,563,2023-07-06,10.00,success
4226,563,2023-06-06,10.00,success
4227,563,2023-05-06,10.00,success
4228,563,2023-04-06,10.00,success
4229,563,2023-03-06,10.00,failed
4230,564,2024-11-07,25.00,success
4231,564,2024-10-07,25.00,success
4232,564,2024-09-07,25.00,success
4233,564,2024-08-07,25.00,success
4234,564,2024-07-07,25.00,success
4235,564,2024-06-07,25.00,success
4236,564,2024-05-07,25.00,success
4237,564,2024-04-07,25.00,success
4238,564,2024-03-07,25.00,failed
4239,565,2024-07-24,10.00,success
4240,565,2024-06-24,10.00,success
4241,565,2024-05-24,10.00,success
4242,565,2024-04-24,10.00,success
4243,565,2024-03-24,10.00,success
4244,565,2024-02-24,10.00,success
4245,565,2024-01-24,10.00,failed
4246,565,2023-12-24,10.00,success
4247,566,2025-04-30,25.00,success
4248,566,2025-03-31,25.00,success
4249,566,2025-02-28,25.00,failed
4250,566,2025-01-31,25.00,success
4251,566,2024-12-31,25.00,success
4252,566,2024-11-30,25.00,success
4253,566,2024-10-31,25.00,success
4254,566,2024-09-30,25.00,success
4255,566,2024-08-31,25.00,success
4256,566,2024-07-31,25.00,success
4257,566,2024-06-30,25.00,failed
4258,566,2024-05-31,25.00,failed
4259,567,2025-04-02,10.00,success
4260,567,2025-03-02,10.00,success
4261,567,2025-02-02,10.00,success
4262,567,2025-01-02,10.00,success
4263,567,2024-12-02,10.00,success
4264,567,2024-11-02,10.00,success
4265,567,2024-10-02,10.00,success
4266,567,2024-09-02,10.00,success
4267,567,2024-08-02,10.00,success
4268,567,2024-07-02,10.00,success
4269,567,2024-06-02,10.00,success
4270,567,2024-05-02,10.00,success
4271,568,2023-11-30,25.00,success
4272,568,2023-10-30,25.00,success
4273,568,2023-09-30,25.00,success
4274,568,2023-08-30,25.00,failed
4275,568,2023-07-30,25.00,success
4276,568,2023-06-30,25.00,success
4277,568,2023-05-30,25.00,success
4278,569,2024-02-21,25.00,success
4279,569,2024-01-21,25.00,success
4280,569,2023-12-21,25.00,success
4281,569,2023-11-21,25.00,failed
4282,569,2023-10-21,25.00,success
4283,569,2023-09-21,25.00,success
4284,569,2023-08-21,25.00,success
4285,569,2023-07-21,25.00,success
4286,569,2023-06-21,25.00,success
4287,569,2023-05-21,25.00,success
4288,569,2023-04-21,25.00,success
4289,569,2023-03-21,25.00,success
4290,570,2024-06-06,10.00,success
4291,570,2024-05-06,10.00,success
4292,570,2024-04-06,10.00,success
4293,570,2024-03-06,10.00,success
4294,570,2024-02-06,10.00,success
4295,570,2024-01-06,10.00,success
4296,570,2023-12-06,10.00,success
4297,570,2023-11-06,10.00,success
4298,570,2023-10-06,10.00,success
4299,570,2023-09-06,10.00,success
4300,570,2023-08-06,10.00,success
4301,570,2023-07-06,10.00,success
4302,571,2024-12-13,10.00,success
4303,571,2024-11-13,10.00,success
4304,571,2024-10-13,10.00,success
4305,571,2024-09-13,10.00,success
4306,571,2024-08-13,10.00,success
4307,571,2024-07-13,10.00,success
4308,571,2024-06-13,10.00,success
4309,571,2024-05-13,10.00,success
4310,571,2024-04-13,10.00,success
4311,571,2024-03-13,10.00,success
4312,571,2024-02-13,10.00,success
4313,571,2024-01-13,10.00,success
4314,572,2024-01-26,10.00,success
4315,572,2023-12-26,10.00,success
4316,572,2023-11-26,10.00,success
4317,572,2023-10-26,10.00,success
4318,572,2023-09-26,10.00,success
4319,572,2023-08-26,10.00,success
4320,572,2023-07-26,10.00,success
4321,572,2023-06-26,10.00,failed
4322,572,2023-05-26,10.00,success
4323,572,2023-04-26,10.00,failed
4324,572,2023-03-26,10.00,success
4325,573,2024-01-04,10.00,success
4326,573,2023-12-04,10.00,success
4327,573,2023-11-04,10.00,success
4328,573,2023-10-04,10.00,success
4329,573,2023-09-04,10.00,success
4330,573,2023-08-04,10.00,success
4331,573,2023-07-04,10.00,failed
4332,573,2023-06-04,10.00,success
4333,573,2023-05-04,10.00,success
4334,573,2023-04-04,10.00,success
4335,573,2023-03-04,10.00,success
4336,573,2023-02-04,10.00,success
4337,574,2024-12-15,10.00,success
4338,574,2024-11-15,10.00,success
4339,574,2024-10-15,10.00,failed
4340,574,2024-09-15,10.00,success
4341,574,2024-08-15,10.00,success
4342,574,2024-07-15,10.00,success
4343,574,2024-06-15,10.00,success
4344,574,2024-05-15,10.00,success
4345,574,2024-04-15,10.00,success
4346,574,2024-03-15,10.00,success
4347,574,2024-02-15,10.00,success
4348,574,2024-01-15,10.00,success
4349,575,2024-08-20,25.00,success
4350,575,2024-07-20,25.00,success
4351,575,2024-06-20,25.00,failed
4352,575,2024-05-20,25.00,success
4353,575,2024-04-20,25.00,success
4354,575,2024-03-20,25.00,success
4355,575,2024-02-20,25.00,success
4356,575,2024-01-20,25.00,success
4357,575,2023-12-20,25.00,success
4358,576,2023-04-12,10.00,success
4359,576,2023-03-12,10.00,success
4360,577,2024-03-19,25.00,success
4361,577,2024-02-19,25.00,success
4362,577,2024-01-19,25.00,success
4363,577,2023-12-19,25.00,failed
4364,578,2023-11-12,10.00,success
4365,578,2023-10-12,10.00,success
4366,578,2023-09-12,10.00,success
4367,579,2024-04-26,10.00,success
4368,579,2024-03-26,10.00,success
4369,579,2024-02-26,10.00,success
4370,579,2024-01-26,10.00,success
4371,579,2023-12-26,10.00,failed
4372,579,2023-11-26,10.00,success
4373,579,2023-10-26,10.00,success
4374,579,2023-09-26,10.00,success
4375,579,2023-08-26,10.00,success
4376,579,2023-07-26,10.00,success
4377,580,2024-06-22,25.00,success
4378,580,2024-05-22,25.00,success
4379,580,2024-04-22,25.00,success
4380,580,2024-03-22,25.00,success
4381,580,2024-02-22,25.00,success
4382,580,2024-01-22,25.00,success
4383,580,2023-12-22,25.00,success
4384,580,2023-11-22,25.00,success
4385,580,2023-10-22,25.00,success
4386,580,2023-09-22,25.00,success
4387,581,2024-02-04,10.00,success
4388,581,2024-01-04,10.00,success
4389,581,2023-12-04,10.00,success
4390,581,2023-11-04,10.00,success
4391,581,2023-10-04,10.00,failed
4392,581,2023-09-04,10.00,success
4393,582,2024-07-12,10.00,success
4394,582,2024-06-12,10.00,success
4395,582,2024-05-12,10.00,success
4396,582,2024-04-12,10.00,success
4397,582,2024-03-12,10.00,success
4398,582,2024-02-12,10.00,success
4399,583,2023-06-21,25.00,success
4400,583,2023-05-21,25.00,success
4401,583,2023-04-21,25.00,success
4402,584,2025-01-02,25.00,success
4403,584,2024-12-02,25.00,success
4404,584,2024-11-02,25.00,success
4405,584,2024-10-02,25.00,success
4406,584,2024-09-02,25.00,success
4407,584,2024-08-02,25.00,success
4408,584,2024-07-02,25.00,success
4409,585,2024-06-21,10.00,success
4410,585,2024-05-21,10.00,failed
4411,585,2024-04-21,10.00,success
4412,585,2024-03-21,10.00,success
4413,585,2024-02-21,10.00,success
4414,585,2024-01-21,10.00,failed
4415,585,2023-12-21,10.00,success
4416,585,2023-11-21,10.00,success
4417,585,2023-10-21,10.00,success
4418,585,2023-09-21,10.00,success
4419,585,2023-08-21,10.00,success
4420,585,2023-07-21,10.00,success
4421,586,2025-02-04,10.00,success
4422,586,2025-01-04,10.00,failed
4423,586,2024-12-04,10.00,success
4424,586,2024-11-04,10.00,success
4425,586,2024-10-04,10.00,success
4426,586,2024-09-04,10.00,failed
4427,586,2024-08-04,10.00,success
4428,586,2024-07-04,10.00,success
4429,586,2024-06-04,10.00,success
4430,587,2024-05-19,10.00,success
4431,587,2024-04-19,10.00,success
4432,587,2024-03-19,10.00,success
4433,587,2024-02-19,10.00,success
4434,587,2024-01-19,10.00,success
4435,587,2023-12-19,10.00,success
4436,587,2023-11-19,10.00,success
4437,587,2023-10-19,10.00,success
4438,587,2023-09-19,10.00,success
4439,587,2023-08-19,10.00,success
4440,588,2025-06-15,25.00,success
4441,588,2025-05-15,25.00,success
4442,588,2025-04-15,25.00,success
4443,588,2025-03-15,25.00,success
4444,588,2025-02-15,25.00,success
4445,588,2025-01-15,25.00,success
4446,588,2024-12-15,25.00,success
4447,588,2024-11-15,25.00,success
4448,588,2024-10-15,25.00,success
4449,588,2024-09-15,25.00,success
4450,588,2024-08-15,25.00,success
4451,588,2024-07-15,25.00,success
4452,589,2023-10-17,25.00,success
4453,589,2023-09-17,25.00,success
4454,589,2023-08-17,25.00,success
4455,589,2023-07-17,25.00,success
4456,589,2023-06-17,25.00,success
4457,590,2024-07-15,10.00,success
4458,590,2024-06-15,10.00,success
4459,590,2024-05-15,10.00,success
4460,590,2024-04-15,10.00,success
4461,590,2024-03-15,10.00,success
4462,590,2024-02-15,10.00,success
4463,590,2024-01-15,10.00,success
4464,590,2023-12-15,10.00,success
4465,590,2023-11-15,10.00,success
4466,590,2023-10-15,10.00,success
4467,590,2023-09-15,10.00,success
4468,590,2023-08-15,10.00,success
4469,591,2024-04-25,25.00,success
4470,591,2024-03-25,25.00,success
4471,592,2024-03-17,10.00,success
4472,592,2024-02-17,10.00,success
4473,592,2024-01-17,10.00,success
4474,592,2023-12-17,10.00,success
4475,592,2023-11-17,10.00,success
4476,592,2023-10-17,10.00,success
4477,593,2025-04-11,10.00,success
4478,593,2025-03-11,10.00,success
4479,593,2025-02-11,10.00,success
4480,593,2025-01-11,10.00,success
4481,593,2024-12-11,10.00,success
4482,593,2024-11-11,10.00,success
4483,593,2024-10-11,10.00,success
4484,593,2024-09-11,10.00,success
4485,593,2024-08-11,10.00,success
4486,593,2024-07-11,10.00,success
4487,593,2024-06-11,10.00,success
4488,593,2024-05-11,10.00,success
4489,594,2025-02-11,10.00,success
4490,594,2025-01-11,10.00,success
4491,594,2024-12-11,10.00,success
4492,594,2024-11-11,10.00,failed
4493,594,2024-10-11,10.00,success
4494,594,2024-09-11,10.00,success
4495,594,2024-08-11,10.00,success
4496,594,2024-07-11,10.00,success
4497,594,2024-06-11,10.00,success
4498,594,2024-05-11,10.00,success
4499,594,2024-04-11,10.00,success
4500,594,2024-03-11,10.00,success
4501,595,2024-08-02,25.00,success
4502,595,2024-07-02,25.00,success
4503,595,2024-06-02,25.00,success
4504,595,2024-05-02,25.00,success
4505,595,2024-04-02,25.00,success
4506,595,2024-03-02,25.00,success
4507,595,2024-02-02,25.00,success
4508,595,2024-01-02,25.00,success
4509,595,2023-12-02,25.00,success
4510,595,2023-11-02,25.00,success
4511,596,2024-01-11,10.00,success
4512,596,2023-12-11,10.00,success
4513,596,2023-11-11,10.00,success
4514,596,2023-10-11,10.00,failed
4515,596,2023-09-11,10.00,success
4516,596,2023-08-11,10.00,success
4517,596,2023-07-11,10.00,success
4518,597,2024-01-05,10.00,success
4519,597,2023-12-05,10.00,failed
4520,597,2023-11-05,10.00,success
4521,598,2025-03-27,25.00,success
4522,598,2025-02-27,25.00,success
4523,598,2025-01-27,25.00,success
4524,598,2024-12-27,25.00,success
4525,598,2024-11-27,25.00,success
4526,598,2024-10-27,25.00,success
4527,598,2024-09-27,25.00,success
4528,598,2024-08-27,25.00,success
4529,598,2024-07-27,25.00,success
4530,598,2024-06-27,25.00,success
4531,599,2023-10-28,10.00,success
4532,599,2023-09-28,10.00,success
4533,599,2023-08-28,10.00,success
4534,599,2023-07-28,10.00,success
4535,599,2023-06-28,10.00,success
4536,600,2023-11-20,10.00,success
4537,600,2023-10-20,10.00,success
4538,600,2023-09-20,10.00,success
4539,600,2023-08-20,10.00,success
4540,600,2023-07-20,10.00,success
4541,601,2023-08-31,10.00,success
4542,601,2023-07-31,10.00,success
4543,601,2023-06-30,10.00,success
4544,601,2023-05-31,10.00,success
4545,601,2023-04-30,10.00,success
4546,601,2023-03-31,10.00,success
4547,601,2023-02-28,10.00,success
4548,601,2023-01-31,10.00,success
4549,602,2023-08-22,10.00,success
4550,602,2023-07-22,10.00,success
4551,602,2023-06-22,10.00,success
4552,602,2023-05-22,10.00,success
4553,602,2023-04-22,10.00,success
4554,602,2023-03-22,10.00,success
4555,603,2024-04-25,10.00,success
4556,603,2024-03-25,10.00,success
4557,603,2024-02-25,10.00,success
4558,604,2024-08-04,25.00,success
4559,604,2024-07-04,25.00,success
4560,604,2024-06-04,25.00,success
4561,604,2024-05-04,25.00,success
4562,604,2024-04-04,25.00,success
4563,604,2024-03-04,25.00,success
4564,604,2024-02-04,25.00,success
4565,604,2024-01-04,25.00,success
4566,605,2023-11-07,10.00,success
4567,605,2023-10-07,10.00,success
4568,605,2023-09-07,10.00,success
4569,605,2023-08-07,10.00,success
4570,605,2023-07-07,10.00,success
4571,605,2023-06-07,10.00,success
4572,605,2023-05-07,10.00,success
4573,605,2023-04-07,10.00,success
4574,605,2023-03-07,10.00,success
4575,605,2023-02-07,10.00,failed
4576,606,2023-12-07,10.00,success
4577,606,2023-11-07,10.00,success
4578,606,2023-10-07,10.00,success
4579,606,2023-09-07,10.00,success
4580,606,2023-08-07,10.00,success
4581,606,2023-07-07,10.00,success
4582,606,2023-06-07,10.00,success
4583,606,2023-05-07,10.00,success
4584,606,2023-04-07,10.00,success
4585,606,2023-03-07,10.00,success
4586,607,2023-08-19,25.00,success
4587,607,2023-07-19,25.00,success
4588,607,2023-06-19,25.00,success
4589,607,2023-05-19,25.00,success
4590,607,2023-04-19,25.00,success
4591,607,2023-03-19,25.00,success
4592,607,2023-02-19,25.00,success
4593,608,2023-08-09,10.00,success
4594,608,2023-07-09,10.00,success
4595,608,2023-06-09,10.00,success
4596,609,2024-05-20,25.00,success
4597,609,2024-04-20,25.00,success
4598,609,2024-03-20,25.00,success
4599,609,2024-02-20,25.00,success
4600,609,2024-01-20,25.00,success
4601,609,2023-12-20,25.00,success
4602,609,2023-11-20,25.00,failed
4603,610,2023-10-20,10.00,success
4604,610,2023-09-20,10.00,success
4605,610,2023-08-20,10.00,success
4606,610,2023-07-20,10.00,success
4607,610,2023-06-20,10.00,success
4608,611,2024-02-03,10.00,success
4609,611,2024-01-03,10.00,success
4610,611,2023-12-03,10.00,success
4611,611,2023-11-03,10.00,success
4612,611,2023-10-03,10.00,success
4613,612,2024-03-21,25.00,success
4614,612,2024-02-21,25.00,success
4615,612,2024-01-21,25.00,success
4616,612,2023-12-21,25.00,success
4617,612,2023-11-21,25.00,success
4618,612,2023-10-21,25.00,failed
4619,613,2025-06-10,10.00,failed
4620,613,2025-05-10,10.00,success
4621,613,2025-04-10,10.00,success
4622,613,2025-03-10,10.00,success
4623,613,2025-02-10,10.00,success
4624,613,2025-01-10,10.00,failed
4625,613,2024-12-10,10.00,success
4626,613,2024-11-10,10.00,success
4627,613,2024-10-10,10.00,success
4628,613,2024-09-10,10.00,success
4629,613,2024-08-10,10.00,success
4630,613,2024-07-10,10.00,success
4631,614,2023-07-20,10.00,success
4632,614,2023-06-20,10.00,success
4633,614,2023-05-20,10.00,success
4634,614,2023-04-20,10.00,success
4635,615,2024-05-18,25.00,success
4636,615,2024-04-18,25.00,success
4637,615,2024-03-18,25.00,success
4638,615,2024-02-18,25.00,success
4639,615,2024-01-18,25.00,success
4640,615,2023-12-18,25.00,success
4641,615,2023-11-18,25.00,success
4642,615,2023-10-18,25.00,success
4643,615,2023-09-18,25.00,success
4644,615,2023-08-18,25.00,success
4645,616,2024-02-21,25.00,success
4646,616,2024-01-21,25.00,success
4647,616,2023-12-21,25.00,success
4648,617,2023-12-13,10.00,success
4649,617,2023-11-13,10.00,success
4650,617,2023-10-13,10.00,success
4651,617,2023-09-13,10.00,success
4652,617,2023-08-13,10.00,success
4653,617,2023-07-13,10.00,success
4654,617,2023-06-13,10.00,success
4655,617,2023-05-13,10.00,success
4656,617,2023-04-13,10.00,success
4657,617,2023-03-13,10.00,success
4658,618,2024-06-21,10.00,success
4659,618,2024-05-21,10.00,failed
4660,618,2024-04-21,10.00,success
4661,618,2024-03-21,10.00,success
4662,618,2024-02-21,10.00,success
4663,618,2024-01-21,10.00,success
4664,618,2023-12-21,10.00,success
4665,618,2023-11-21,10.00,success
4666,618,2023-10-21,10.00,success
4667,618,2023-09-21,10.00,success
4668,618,2023-08-21,10.00,success
4669,618,2023-07-21,10.00,success
4670,619,2024-07-03,10.00,success
4671,619,2024-06-03,10.00,success
4672,619,2024-05-03,10.00,success
4673,619,2024-04-03,10.00,success
4674,619,2024-03-03,10.00,success
4675,619,2024-02-03,10.00,success
4676,619,2024-01-03,10.00,success
4677,619,2023-12-03,10.00,success
4678,619,2023-11-03,10.00,success
4679,619,2023-10-03,10.00,success
4680,620,2023-08-11,25.00,success
4681,620,2023-07-11,25.00,success
4682,620,2023-06-11,25.00,success
4683,620,2023-05-11,25.00,success
4684,620,2023-04-11,25.00,success
4685,621,2023-12-11,25.00,success
4686,621,2023-11-11,25.00,success
4687,621,2023-10-11,25.00,success
4688,621,2023-09-11,25.00,success
4689,621,2023-08-11,25.00,success
4690,621,2023-07-11,25.00,success
4691,621,2023-06-11,25.00,success
4692,621,2023-05-11,25.00,success
4693,621,2023-04-11,25.00,success
4694,622,2025-01-02,10.00,success
4695,622,2024-12-02,10.00,success
4696,622,2024-11-02,10.00,success
4697,622,2024-10-02,10.00,success
4698,622,2024-09-02,10.00,success
4699,622,2024-08-02,10.00,success
4700,622,2024-07-02,10.00,success
4701,622,2024-06-02,10.00,success
4702,622,2024-05-02,10.00,success
4703,622,2024-04-02,10.00,success
4704,622,2024-03-02,10.00,success
4705,623,2024-05-06,10.00,success
4706,623,2024-04-06,10.00,success
4707,623,2024-03-06,10.00,success
4708,623,2024-02-06,10.00,success
4709,624,2024-10-28,25.00,success
4710,624,2024-09-28,25.00,success
4711,624,2024-08-28,25.00,success
4712,624,2024-07-28,25.00,success
4713,624,2024-06-28,25.00,success
4714,625,2023-11-10,10.00,success
4715,625,2023-10-10,10.00,success
4716,626,2025-03-21,25.00,success
4717,626,2025-02-21,25.00,success
4718,626,2025-01-21,25.00,success
4719,626,2024-12-21,25.00,success
4720,626,2024-11-21,25.00,success
4721,626,2024-10-21,25.00,success
4722,626,2024-09-21,25.00,success
4723,626,2024-08-21,25.00,success
4724,626,2024-07-21,25.00,success
4725,627,2024-12-22,10.00,success
4726,627,2024-11-22,10.00,success
4727,627,2024-10-22,10.00,success
4728,627,2024-09-22,10.00,success
4729,627,2024-08-22,10.00,success
4730,627,2024-07-22,10.00,success
4731,627,2024-06-22,10.00,success
4732,627,2024-05-22,10.00,success
4733,627,2024-04-22,10.00,success
4734,627,2024-03-22,10.00,success
4735,627,2024-02-22,10.00,success
4736,627,2024-01-22,10.00,success
4737,628,2024-02-29,10.00,success
4738,628,2024-01-31,10.00,success
4739,628,2023-12-31,10.00,success
4740,629,2024-05-21,10.00,success
4741,629,2024-04-21,10.00,success
4742,629,2024-03-21,10.00,success
4743,629,2024-02-21,10.00,success
4744,629,2024-01-21,10.00,success
4745,630,2024-06-02,10.00,failed
4746,630,2024-05-02,10.00,success
4747,631,2024-08-21,10.00,success
4748,631,2024-07-21,10.00,success
4749,631,2024-06-21,10.00,success
4750,631,2024-05-21,10.00,success
4751,631,2024-04-21,10.00,success
4752,631,2024-03-21,10.00,success
4753,631,2024-02-21,10.00,success
4754,632,2024-10-02,25.00,success
4755,632,2024-09-02,25.00,success
4756,632,2024-08-02,25.00,success
4757,632,2024-07-02,25.00,success
4758,632,2024-06-02,25.00,success
4759,632,2024-05-02,25.00,success
4760,632,2024-04-02,25.00,success
4761,632,2024-03-02,25.00,success
4762,632,2024-02-02,25.00,success
4763,632,2024-01-02,25.00,success
4764,632,2023-12-02,25.00,success
4765,633,2025-03-11,10.00,success
4766,633,2025-02-11,10.00,success
4767,633,2025-01-11,10.00,success
4768,633,2024-12-11,10.00,success
4769,633,2024-11-11,10.00,success
4770,633,2024-10-11,10.00,success
4771,633,2024-09-11,10.00,success
4772,633,2024-08-11,10.00,success
4773,633,2024-07-11,10.00,success
4774,633,2024-06-11,10.00,success
4775,633,2024-05-11,10.00,success
4776,634,2023-05-24,25.00,success
4777,634,2023-04-24,25.00,success
4778,635,2023-08-05,10.00,success
4779,635,2023-07-05,10.00,success
4780,635,2023-06-05,10.00,success
4781,635,2023-05-05,10.00,success
4782,635,2023-04-05,10.00,success
4783,635,2023-03-05,10.00,success
4784,636,2025-01-11,10.00,success
4785,636,2024-12-11,10.00,success
4786,636,2024-11-11,10.00,success
4787,636,2024-10-11,10.00,success
4788,636,2024-09-11,10.00,success
4789,636,2024-08-11,10.00,success
4790,636,2024-07-11,10.00,success
4791,636,2024-06-11,10.00,success
4792,636,2024-05-11,10.00,success
4793,637,2024-10-30,10.00,success
4794,637,2024-09-30,10.00,success
4795,637,2024-08-30,10.00,success
4796,637,2024-07-30,10.00,success
4797,637,2024-06-30,10.00,success
4798,637,2024-05-30,10.00,success
4799,638,2023-02-23,25.00,success
4800,638,2023-01-23,25.00,success
4801,639,2025-01-08,25.00,success
4802,639,2024-12-08,25.00,success
4803,639,2024-11-08,25.00,success
4804,639,2024-10-08,25.00,success
4805,639,2024-09-08,25.00,success
4806,639,2024-08-08,25.00,success
4807,639,2024-07-08,25.00,success
4808,639,2024-06-08,25.00,success
4809,639,2024-05-08,25.00,failed
4810,639,2024-04-08,25.00,success
4811,639,2024-03-08,25.00,success
4812,639,2024-02-08,25.00,success
4813,640,2023-10-15,10.00,success
4814,640,2023-09-15,10.00,success
4815,641,2025-06-01,25.00,success
4816,641,2025-05-01,25.00,success
4817,641,2025-04-01,25.00,success
4818,641,2025-03-01,25.00,success
4819,641,2025-02-01,25.00,success
4820,641,2025-01-01,25.00,success
4821,641,2024-12-01,25.00,success
4822,641,2024-11-01,25.00,success
4823,641,2024-10-01,25.00,success
4824,641,2024-09-01,25.00,success
4825,641,2024-08-01,25.00,success
4826,641,2024-07-01,25.00,success
4827,642,2024-04-05,10.00,success
4828,642,2024-03-05,10.00,success
4829,642,2024-02-05,10.00,success
4830,642,2024-01-05,10.00,success
4831,642,2023-12-05,10.00,success
4832,642,2023-11-05,10.00,success
4833,642,2023-10-05,10.00,success
4834,642,2023-09-05,10.00,success
4835,642,2023-08-05,10.00,success
4836,643,2023-11-26,10.00,success
4837,643,2023-10-26,10.00,success
4838,643,2023-09-26,10.00,success
4839,643,2023-08-26,10.00,success
4840,643,2023-07-26,10.00,success
4841,643,2023-06-26,10.00,success
4842,643,2023-05-26,10.00,success
4843,643,2023-04-26,10.00,success
4844,643,2023-03-26,10.00,success
4845,644,2024-10-21,10.00,success
4846,644,2024-09-21,10.00,success
4847,644,2024-08-21,10.00,success
4848,644,2024-07-21,10.00,success
4849,644,2024-06-21,10.00,success
4850,645,2023-11-07,10.00,success
4851,645,2023-10-07,10.00,success
4852,645,2023-09-07,10.00,success
4853,645,2023-08-07,10.00,success
4854,645,2023-07-07,10.00,failed
4855,645,2023-06-07,10.00,success
4856,645,2023-05-07,10.00,success
4857,645,2023-04-07,10.00,success
4858,646,2024-09-11,10.00,success
4859,646,2024-08-11,10.00,success
4860,646,2024-07-11,10.00,success
4861,646,2024-06-11,10.00,success
4862,646,2024-05-11,10.00,success
4863,646,2024-04-11,10.00,success
4864,646,2024-03-11,10.00,success
4865,646,2024-02-11,10.00,success
4866,646,2024-01-11,10.00,success
4867,646,2023-12-11,10.00,success
4868,646,2023-11-11,10.00,success
4869,647,2024-07-31,10.00,success
4870,647,2024-06-30,10.00,success
4871,647,2024-05-31,10.00,success
4872,648,2024-06-05,25.00,failed
4873,648,2024-05-05,25.00,success
4874,648,2024-04-05,25.00,success
4875,648,2024-03-05,25.00,failed
4876,648,2024-02-05,25.00,success
4877,648,2024-01-05,25.00,success
4878,649,2024-06-15,10.00,success
4879,649,2024-05-15,10.00,success
4880,649,2024-04-15,10.00,success
4881,649,2024-03-15,10.00,success
4882,649,2024-02-15,10.00,success
4883,649,2024-01-15,10.00,success
4884,650,2024-03-14,10.00,success
4885,650,2024-02-14,10.00,success
4886,650,2024-01-14,10.00,success
4887,650,2023-12-14,10.00,success
4888,650,2023-11-14,10.00,success
4889,650,2023-10-14,10.00,success
4890,650,2023-09-14,10.00,success
4891,650,2023-08-14,10.00,success
4892,650,2023-07-14,10.00,success
4893,650,2023-06-14,10.00,success
4894,650,2023-05-14,10.00,success
4895,650,2023-04-14,10.00,success
4896,651,2025-05-22,10.00,success
4897,651,2025-04-22,10.00,success
4898,651,2025-03-22,10.00,failed
4899,651,2025-02-22,10.00,success
4900,651,2025-01-22,10.00,success
4901,651,2024-12-22,10.00,success
4902,651,2024-11-22,10.00,success
4903,651,2024-10-22,10.00,success
4904,651,2024-09-22,10.00,success
4905,651,2024-08-22,10.00,success
4906,651,2024-07-22,10.00,success
4907,651,2024-06-22,10.00,success
4908,652,2023-12-04,10.00,success
4909,652,2023-11-04,10.00,success
4910,652,2023-10-04,10.00,success
4911,652,2023-09-04,10.00,success
4912,652,2023-08-04,10.00,success
4913,652,2023-07-04,10.00,success
4914,653,2025-05-10,25.00,success
4915,653,2025-04-10,25.00,success
4916,653,2025-03-10,25.00,success
4917,653,2025-02-10,25.00,success
4918,653,2025-01-10,25.00,success
4919,653,2024-12-10,25.00,success
4920,653,2024-11-10,25.00,success
4921,653,2024-10-10,25.00,success
4922,653,2024-09-10,25.00,success
4923,653,2024-08-10,25.00,success
4924,653,2024-07-10,25.00,success
4925,653,2024-06-10,25.00,success
4926,654,2024-07-19,10.00,success
4927,654,2024-06-19,10.00,success
4928,654,2024-05-19,10.00,success
4929,654,2024-04-19,10.00,success
4930,654,2024-03-19,10.00,success
4931,654,2024-02-19,10.00,success
4932,655,2023-05-29,25.00,success
4933,655,2023-04-29,25.00,failed
4934,655,2023-03-29,25.00,success
4935,656,2024-09-15,10.00,failed
4936,656,2024-08-15,10.00,success
4937,656,2024-07-15,10.00,success
4938,656,2024-06-15,10.00,success
4939,656,2024-05-15,10.00,success
4940,656,2024-04-15,10.00,success
4941,656,2024-03-15,10.00,success
4942,656,2024-02-15,10.00,success
4943,656,2024-01-15,10.00,success
4944,657,2024-04-25,10.00,success
4945,657,2024-03-25,10.00,success
4946,657,2024-02-25,10.00,success
4947,657,2024-01-25,10.00,success
4948,657,2023-12-25,10.00,success
4949,657,2023-11-25,10.00,success
4950,657,2023-10-25,10.00,success
4951,657,2023-09-25,10.00,success
4952,657,2023-08-25,10.00,success
4953,657,2023-07-25,10.00,success
4954,657,2023-06-25,10.00,success
4955,657,2023-05-25,10.00,success
4956,658,2024-01-07,10.00,success
4957,658,2023-12-07,10.00,success
4958,658,2023-11-07,10.00,success
4959,658,2023-10-07,10.00,success
4960,658,2023-09-07,10.00,success
4961,658,2023-08-07,10.00,success
4962,658,2023-07-07,10.00,success
4963,658,2023-06-07,10.00,success
4964,659,2024-03-07,10.00,success
4965,659,2024-02-07,10.00,success
4966,659,2024-01-07,10.00,success
4967,659,2023-12-07,10.00,success
4968,659,2023-11-07,10.00,success
4969,659,2023-10-07,10.00,success
4970,659,2023-09-07,10.00,success
4971,659,2023-08-07,10.00,success
4972,659,2023-07-07,10.00,success
4973,659,2023-06-07,10.00,success
4974,659,2023-05-07,10.00,success
4975,659,2023-04-07,10.00,success
4976,660,2024-02-29,10.00,success
4977,660,2024-01-29,10.00,success
4978,660,2023-12-29,10.00,failed
4979,660,2023-11-29,10.00,success
4980,660,2023-10-29,10.00,success
4981,660,2023-09-29,10.00,success
4982,660,2023-08-29,10.00,success
4983,660,2023-07-29,10.00,success
4984,660,2023-06-29,10.00,success
4985,661,2023-10-22,25.00,success
4986,661,2023-09-22,25.00,success
4987,661,2023-08-22,25.00,success
4988,661,2023-07-22,25.00,success
4989,661,2023-06-22,25.00,success
4990,661,2023-05-22,25.00,failed
4991,662,2024-08-21,10.00,success
4992,662,2024-07-21,10.00,success
4993,663,2024-11-29,10.00,success
4994,663,2024-10-29,10.00,success
4995,663,2024-09-29,10.00,success
4996,663,2024-08-29,10.00,success
4997,663,2024-07-29,10.00,success
4998,663,2024-06-29,10.00,success
4999,663,2024-05-29,10.00,success
5000,663,2024-04-29,10.00,success
5001,663,2024-03-29,10.00,success
5002,664,2024-10-10,25.00,success
5003,664,2024-09-10,25.00,success
5004,664,2024-08-10,25.00,success
5005,664,2024-07-10,25.00,success
5006,664,2024-06-10,25.00,success
5007,664,2024-05-10,25.00,success
5008,664,2024-04-10,25.00,success
5009,664,2024-03-10,25.00,success
5010,665,2024-06-30,25.00,success
5011,665,2024-05-30,25.00,success
5012,665,2024-04-30,25.00,success
5013,666,2024-04-05,25.00,success
5014,666,2024-03-05,25.00,success
5015,666,2024-02-05,25.00,success
5016,666,2024-01-05,25.00,success
5017,666,2023-12-05,25.00,success
5018,667,2023-08-12,10.00,success
5019,667,2023-07-12,10.00,success
5020,668,2024-07-21,25.00,failed
5021,668,2024-06-21,25.00,success
5022,668,2024-05-21,25.00,success
5023,668,2024-04-21,25.00,failed
5024,668,2024-03-21,25.00,success
5025,668,2024-02-21,25.00,success
5026,668,2024-01-21,25.00,success
5027,668,2023-12-21,25.00,success
5028,668,2023-11-21,25.00,success
5029,669,2024-05-17,10.00,success
5030,669,2024-04-17,10.00,success
5031,669,2024-03-17,10.00,success
5032,669,2024-02-17,10.00,success
5033,670,2024-04-18,10.00,success
5034,670,2024-03-18,10.00,success
5035,670,2024-02-18,10.00,success
5036,671,2025-01-08,25.00,success
5037,671,2024-12-08,25.00,success
5038,671,2024-11-08,25.00,success
5039,671,2024-10-08,25.00,success
5040,671,2024-09-08,25.00,success
5041,671,2024-08-08,25.00,success
5042,671,2024-07-08,25.00,success
5043,671,2024-06-08,25.00,success
5044,671,2024-05-08,25.00,success
5045,671,2024-04-08,25.00,success
5046,671,2024-03-08,25.00,success
5047,672,2024-10-04,10.00,success
5048,672,2024-09-04,10.00,success
5049,672,2024-08-04,10.00,success
5050,672,2024-07-04,10.00,success
5051,672,2024-06-04,10.00,success
5052,673,2024-05-12,25.00,success
5053,673,2024-04-12,25.00,success
5054,673,2024-03-12,25.00,success
5055,673,2024-02-12,25.00,success
5056,673,2024-01-12,25.00,success
5057,673,2023-12-12,25.00,success
5058,674,2024-05-18,25.00,success
5059,674,2024-04-18,25.00,success
5060,674,2024-03-18,25.00,success
5061,674,2024-02-18,25.00,success
5062,675,2024-07-08,25.00,success
5063,675,2024-06-08,25.00,success
5064,675,2024-05-08,25.00,success
5065,675,2024-04-08,25.00,success
5066,675,2024-03-08,25.00,success
5067,676,2024-02-28,25.00,success
5068,676,2024-01-28,25.00,success
5069,677,2023-12-04,10.00,success
5070,677,2023-11-04,10.00,success
5071,677,2023-10-04,10.00,success
5072,677,2023-09-04,10.00,success
5073,677,2023-08-04,10.00,success
5074,677,2023-07-04,10.00,success
5075,677,2023-06-04,10.00,success
5076,678,2025-03-12,10.00,success
5077,678,2025-02-12,10.00,success
5078,678,2025-01-12,10.00,success
5079,678,2024-12-12,10.00,success
5080,678,2024-11-12,10.00,success
5081,678,2024-10-12,10.00,success
5082,678,2024-09-12,10.00,success
5083,678,2024-08-12,10.00,success
5084,678,2024-07-12,10.00,success
5085,678,2024-06-12,10.00,success
5086,678,2024-05-12,10.00,success
5087,678,2024-04-12,10.00,success
5088,679,2024-10-11,25.00,success
5089,679,2024-09-11,25.00,success
5090,679,2024-08-11,25.00,success
5091,679,2024-07-11,25.00,success
5092,679,2024-06-11,25.00,success
5093,679,2024-05-11,25.00,success
5094,679,2024-04-11,25.00,success
5095,679,2024-03-11,25.00,success
5096,679,2024-02-11,25.00,success
5097,679,2024-01-11,25.00,success
5098,679,2023-12-11,25.00,success
5099,680,2024-10-24,10.00,success
5100,680,2024-09-24,10.00,success
5101,680,2024-08-24,10.00,success
5102,680,2024-07-24,10.00,success
5103,680,2024-06-24,10.00,success
5104,680,2024-05-24,10.00,success
5105,680,2024-04-24,10.00,success
5106,680,2024-03-24,10.00,success
5107,680,2024-02-24,10.00,success
5108,680,2024-01-24,10.00,success
5109,680,2023-12-24,10.00,success
5110,680,2023-11-24,10.00,success
5111,681,2024-09-28,10.00,success
5112,681,2024-08-28,10.00,success
5113,681,2024-07-28,10.00,success
5114,681,2024-06-28,10.00,success
5115,681,2024-05-28,10.00,success
5116,681,2024-04-28,10.00,success
5117,681,2024-03-28,10.00,success
5118,681,2024-02-28,10.00,success
5119,682,2024-06-04,25.00,success
5120,682,2024-05-04,25.00,success
5121,682,2024-04-04,25.00,success
5122,682,2024-03-04,25.00,success
5123,682,2024-02-04,25.00,success
5124,682,2024-01-04,25.00,success
5125,683,2024-04-27,10.00,success
5126,683,2024-03-27,10.00,success
5127,683,2024-02-27,10.00,success
5128,683,2024-01-27,10.00,success
5129,683,2023-12-27,10.00,success
5130,683,2023-11-27,10.00,failed
5131,684,2023-11-03,10.00,success
5132,684,2023-10-03,10.00,success
5133,684,2023-09-03,10.00,success
5134,684,2023-08-03,10.00,success
5135,685,2024-06-14,10.00,failed
5136,685,2024-05-14,10.00,success
5137,685,2024-04-14,10.00,success
5138,685,2024-03-14,10.00,failed
5139,685,2024-02-14,10.00,success
5140,685,2024-01-14,10.00,success
5141,686,2024-07-18,10.00,success
5142,686,2024-06-18,10.00,success
5143,686,2024-05-18,10.00,failed
5144,686,2024-04-18,10.00,success
5145,687,2024-02-17,10.00,success
5146,687,2024-01-17,10.00,success
5147,688,2024-09-23,25.00,success
5148,688,2024-08-23,25.00,success
5149,688,2024-07-23,25.00,success
5150,688,2024-06-23,25.00,success
5151,689,2023-05-16,25.00,success
5152,689,2023-04-16,25.00,success
5153,689,2023-03-16,25.00,failed
5154,690,2023-11-28,25.00,success
5155,690,2023-10-28,25.00,success
5156,690,2023-09-28,25.00,success
5157,690,2023-08-28,25.00,success
5158,690,2023-07-28,25.00,success
5159,690,2023-06-28,25.00,success
5160,690,2023-05-28,25.00,success
5161,690,2023-04-28,25.00,success
5162,690,2023-03-28,25.00,success
5163,691,2023-10-17,25.00,success
5164,691,2023-09-17,25.00,success
5165,691,2023-08-17,25.00,success
5166,691,2023-07-17,25.00,success
5167,691,2023-06-17,25.00,success
5168,691,2023-05-17,25.00,success
5169,691,2023-04-17,25.00,success
5170,691,2023-03-17,25.00,success
5171,691,2023-02-17,25.00,success
5172,692,2024-08-11,25.00,success
5173,692,2024-07-11,25.00,success
5174,692,2024-06-11,25.00,failed
5175,692,2024-05-11,25.00,success
5176,692,2024-04-11,25.00,success
5177,692,2024-03-11,25.00,success
5178,692,2024-02-11,25.00,failed
5179,692,2024-01-11,25.00,success
5180,692,2023-12-11,25.00,success
5181,692,2023-11-11,25.00,success
5182,692,2023-10-11,25.00,success
5183,692,2023-09-11,25.00,success
5184,693,2023-12-21,25.00,success
5185,693,2023-11-21,25.00,success
5186,693,2023-10-21,25.00,success
5187,693,2023-09-21,25.00,success
5188,693,2023-08-21,25.00,success
5189,693,2023-07-21,25.00,success
5190,693,2023-06-21,25.00,success
5191,693,2023-05-21,25.00,success
5192,693,2023-04-21,25.00,success
5193,693,2023-03-21,25.00,success
5194,693,2023-02-21,25.00,success
5195,693,2023-01-21,25.00,failed
5196,694,2023-12-05,25.00,success
5197,694,2023-11-05,25.00,success
5198,694,2023-10-05,25.00,success
5199,694,2023-09-05,25.00,success
5200,695,2024-04-05,10.00,success
5201,695,2024-03-05,10.00,success
5202,695,2024-02-05,10.00,success
5203,695,2024-01-05,10.00,success
5204,695,2023-12-05,10.00,success
5205,695,2023-11-05,10.00,success
5206,696,2024-02-19,10.00,success
5207,696,2024-01-19,10.00,success
5208,696,2023-12-19,10.00,success
5209,697,2024-12-28,10.00,success
5210,697,2024-11-28,10.00,success
5211,697,2024-10-28,10.00,success
5212,697,2024-09-28,10.00,failed
5213,697,2024-08-28,10.00,success
5214,697,2024-07-28,10.00,success
5215,698,2024-01-07,10.00,success
5216,698,2023-12-07,10.00,success
5217,698,2023-11-07,10.00,success
5218,698,2023-10-07,10.00,success
5219,698,2023-09-07,10.00,success
5220,698,2023-08-07,10.00,success
5221,698,2023-07-07,10.00,success
5222,698,2023-06-07,10.00,success
5223,698,2023-05-07,10.00,success
5224,698,2023-04-07,10.00,success
5225,699,2024-07-10,10.00,success
5226,699,2024-06-10,10.00,success
5227,699,2024-05-10,10.00,success
5228,699,2024-04-10,10.00,success
5229,699,2024-03-10,10.00,success
5230,699,2024-02-10,10.00,success
5231,699,2024-01-10,10.00,success
5232,700,2024-06-09,10.00,success
5233,700,2024-05-09,10.00,success
5234,700,2024-04-09,10.00,success
5235,700,2024-03-09,10.00,success
5236,700,2024-02-09,10.00,success
5237,700,2024-01-09,10.00,success
5238,700,2023-12-09,10.00,success
5239,701,2024-04-30,25.00,success
5240,701,2024-03-30,25.00,success
5241,702,2024-07-07,25.00,success
5242,702,2024-06-07,25.00,success
5243,702,2024-05-07,25.00,success
5244,702,2024-04-07,25.00,success
5245,702,2024-03-07,25.00,success
5246,702,2024-02-07,25.00,success
5247,702,2024-01-07,25.00,success
5248,702,2023-12-07,25.00,success
5249,703,2024-08-21,10.00,success
5250,703,2024-07-21,10.00,success
5251,703,2024-06-21,10.00,success
5252,703,2024-05-21,10.00,success
5253,703,2024-04-21,10.00,failed
5254,703,2024-03-21,10.00,success
5255,703,2024-02-21,10.00,success
5256,703,2024-01-21,10.00,success
5257,703,2023-12-21,10.00,success
5258,703,2023-11-21,10.00,success
5259,704,2023-04-12,25.00,success
5260,704,2023-03-12,25.00,success
5261,705,2024-10-09,25.00,success
5262,705,2024-09-09,25.00,success
5263,705,2024-08-09,25.00,success
5264,705,2024-07-09,25.00,success
5265,705,2024-06-09,25.00,success
5266,705,2024-05-09,25.00,success
5267,705,2024-04-09,25.00,success
5268,705,2024-03-09,25.00,success
5269,706,2025-03-06,10.00,success
5270,706,2025-02-06,10.00,success
5271,706,2025-01-06,10.00,success
5272,706,2024-12-06,10.00,success
5273,706,2024-11-06,10.00,success
5274,706,2024-10-06,10.00,success
5275,706,2024-09-06,10.00,success
5276,706,2024-08-06,10.00,success
5277,706,2024-07-06,10.00,success
5278,706,2024-06-06,10.00,success
5279,706,2024-05-06,10.00,success
5280,706,2024-04-06,10.00,success
5281,707,2023-09-20,10.00,success
5282,707,2023-08-20,10.00,success
5283,707,2023-07-20,10.00,success
5284,707,2023-06-20,10.00,success
5285,707,2023-05-20,10.00,success
5286,707,2023-04-20,10.00,success
5287,707,2023-03-20,10.00,success
5288,708,2025-03-01,25.00,success
5289,708,2025-02-01,25.00,success
5290,708,2025-01-01,25.00,success
5291,708,2024-12-01,25.00,success
5292,708,2024-11-01,25.00,success
5293,708,2024-10-01,25.00,success
5294,708,2024-09-01,25.00,success
5295,708,2024-08-01,25.00,success
5296,708,2024-07-01,25.00,success
5297,708,2024-06-01,25.00,success
5298,708,2024-05-01,25.00,success
5299,709,2024-05-02,10.00,success
5300,709,2024-04-02,10.00,success
5301,709,2024-03-02,10.00,success
5302,709,2024-02-02,10.00,success
5303,709,2024-01-02,10.00,success
5304,709,2023-12-02,10.00,success
5305,709,2023-11-02,10.00,success
5306,709,2023-10-02,10.00,success
5307,709,2023-09-02,10.00,success
5308,709,2023-08-02,10.00,success
5309,709,2023-07-02,10.00,success
5310,710,2024-02-22,10.00,success
5311,710,2024-01-22,10.00,success
5312,710,2023-12-22,10.00,success
5313,711,2025-02-07,10.00,success
5314,711,2025-01-07,10.00,success
5315,711,2024-12-07,10.00,failed
5316,711,2024-11-07,10.00,success
5317,711,2024-10-07,10.00,success
5318,711,2024-09-07,10.00,success
5319,711,2024-08-07,10.00,success
5320,711,2024-07-07,10.00,success
5321,711,2024-06-07,10.00,failed
5322,711,2024-05-07,10.00,success
5323,711,2024-04-07,10.00,success
5324,711,2024-03-07,10.00,success
5325,712,2024-08-14,25.00,success
5326,712,2024-07-14,25.00,success
5327,712,2024-06-14,25.00,success
5328,712,2024-05-14,25.00,success
5329,712,2024-04-14,25.00,success
5330,712,2024-03-14,25.00,success
5331,712,2024-02-14,25.00,success
5332,712,2024-01-14,25.00,success
5333,712,2023-12-14,25.00,success
5334,712,2023-11-14,25.00,success
5335,712,2023-10-14,25.00,success
5336,713,2025-05-15,25.00,success
5337,713,2025-04-15,25.00,success
5338,713,2025-03-15,25.00,success
5339,713,2025-02-15,25.00,success
5340,713,2025-01-15,25.00,success
5341,713,2024-12-15,25.00,success
5342,713,2024-11-15,25.00,success
5343,713,2024-10-15,25.00,success
5344,713,2024-09-15,25.00,success
5345,713,2024-08-15,25.00,success
5346,713,2024-07-15,25.00,success
5347,713,2024-06-15,25.00,success
5348,714,2024-09-30,10.00,success
5349,714,2024-08-31,10.00,success
5350,714,2024-07-31,10.00,success
5351,714,2024-06-30,10.00,success
5352,714,2024-05-31,10.00,success
5353,714,2024-04-30,10.00,success
5354,714,2024-03-31,10.00,success
5355,714,2024-02-29,10.00,success
5356,714,2024-01-31,10.00,success
5357,715,2023-12-10,10.00,success
5358,715,2023-11-10,10.00,success
5359,715,2023-10-10,10.00,success
5360,715,2023-09-10,10.00,success
5361,715,2023-08-10,10.00,success
5362,715,2023-07-10,10.00,success
5363,715,2023-06-10,10.00,success
5364,715,2023-05-10,10.00,success
5365,715,2023-04-10,10.00,success
5366,716,2024-06-06,25.00,success
5367,716,2024-05-06,25.00,success
5368,716,2024-04-06,25.00,success
5369,716,2024-03-06,25.00,success
5370,716,2024-02-06,25.00,failed
5371,716,2024-01-06,25.00,success
5372,716,2023-12-06,25.00,success
5373,716,2023-11-06,25.00,success
5374,716,2023-10-06,25.00,success
5375,716,2023-09-06,25.00,failed
5376,717,2024-11-06,10.00,success
5377,717,2024-10-06,10.00,success
5378,717,2024-09-06,10.00,success
5379,717,2024-08-06,10.00,success
5380,717,2024-07-06,10.00,failed
5381,717,2024-06-06,10.00,success
5382,717,2024-05-06,10.00,success
5383,717,2024-04-06,10.00,success
5384,717,2024-03-06,10.00,success
5385,717,2024-02-06,10.00,success
5386,718,2025-03-14,25.00,failed
5387,718,2025-02-14,25.00,success
5388,718,2025-01-14,25.00,success
5389,718,2024-12-14,25.00,success
5390,718,2024-11-14,25.00,success
5391,718,2024-10-14,25.00,success
5392,718,2024-09-14,25.00,success
5393,718,2024-08-14,25.00,success
5394,718,2024-07-14,25.00,success
5395,718,2024-06-14,25.00,failed
5396,719,2024-02-14,10.00,success
5397,719,2024-01-14,10.00,success
5398,719,2023-12-14,10.00,success
5399,720,2025-04-19,25.00,success
5400,720,2025-03-19,25.00,success
5401,720,2025-02-19,25.00,success
5402,720,2025-01-19,25.00,success
5403,720,2024-12-19,25.00,success
5404,720,2024-11-19,25.00,success
5405,720,2024-10-19,25.00,success
5406,720,2024-09-19,25.00,success
5407,720,2024-08-19,25.00,success
5408,720,2024-07-19,25.00,success
5409,720,2024-06-19,25.00,success
5410,721,2025-03-10,10.00,success
5411,721,2025-02-10,10.00,success
5412,721,2025-01-10,10.00,success
5413,721,2024-12-10,10.00,success
5414,721,2024-11-10,10.00,success
5415,721,2024-10-10,10.00,success
5416,721,2024-09-10,10.00,success
5417,721,2024-08-10,10.00,success
5418,721,2024-07-10,10.00,success
5419,721,2024-06-10,10.00,success
5420,721,2024-05-10,10.00,success
5421,722,2023-10-29,25.00,success
5422,722,2023-09-29,25.00,success
5423,722,2023-08-29,25.00,success
5424,722,2023-07-29,25.00,success
5425,722,2023-06-29,25.00,success
5426,722,2023-05-29,25.00,success
5427,722,2023-04-29,25.00,success
5428,722,2023-03-29,25.00,success
5429,723,2025-03-22,10.00,success
5430,723,2025-02-22,10.00,success
5431,723,2025-01-22,10.00,success
5432,723,2024-12-22,10.00,success
5433,723,2024-11-22,10.00,success
5434,723,2024-10-22,10.00,success
5435,723,2024-09-22,10.00,success
5436,723,2024-08-22,10.00,success
5437,723,2024-07-22,10.00,success
5438,723,2024-06-22,10.00,success
5439,723,2024-05-22,10.00,success
5440,723,2024-04-22,10.00,success
5441,724,2024-10-20,25.00,failed
5442,724,2024-09-20,25.00,success
5443,724,2024-08-20,25.00,success
5444,724,2024-07-20,25.00,success
5445,724,2024-06-20,25.00,success
5446,725,2024-06-03,10.00,success
5447,725,2024-05-03,10.00,success
5448,725,2024-04-03,10.00,success
5449,726,2024-12-14,25.00,success
5450,726,2024-11-14,25.00,success
5451,726,2024-10-14,25.00,success
5452,726,2024-09-14,25.00,failed
5453,726,2024-08-14,25.00,success
5454,726,2024-07-14,25.00,success
5455,726,2024-06-14,25.00,success
5456,726,2024-05-14,25.00,success
5457,726,2024-04-14,25.00,success
5458,726,2024-03-14,25.00,success
5459,726,2024-02-14,25.00,success
5460,726,2024-01-14,25.00,success
5461,727,2024-05-15,10.00,failed
5462,727,2024-04-15,10.00,success
5463,727,2024-03-15,10.00,failed
5464,727,2024-02-15,10.00,success
5465,727,2024-01-15,10.00,success
5466,727,2023-12-15,10.00,failed
5467,728,2023-08-27,10.00,success
5468,728,2023-07-27,10.00,success
5469,728,2023-06-27,10.00,success
5470,728,2023-05-27,10.00,success
5471,728,2023-04-27,10.00,success
5472,728,2023-03-27,10.00,success
5473,729,2024-03-14,10.00,success
5474,729,2024-02-14,10.00,success
5475,729,2024-01-14,10.00,success
5476,729,2023-12-14,10.00,success
5477,729,2023-11-14,10.00,success
5478,729,2023-10-14,10.00,success
5479,729,2023-09-14,10.00,success
5480,729,2023-08-14,10.00,success
5481,729,2023-07-14,10.00,success
5482,729,2023-06-14,10.00,success
5483,730,2024-06-20,25.00,success
5484,730,2024-05-20,25.00,success
5485,731,2025-01-14,10.00,success
5486,731,2024-12-14,10.00,success
5487,731,2024-11-14,10.00,success
5488,731,2024-10-14,10.00,success
5489,731,2024-09-14,10.00,success
5490,731,2024-08-14,10.00,success
5491,731,2024-07-14,10.00,success
5492,731,2024-06-14,10.00,success
5493,731,2024-05-14,10.00,success
5494,731,2024-04-14,10.00,success
5495,731,2024-03-14,10.00,success
5496,731,2024-02-14,10.00,success
5497,732,2024-04-27,25.00,success
5498,732,2024-03-27,25.00,success
5499,732,2024-02-27,25.00,success
5500,732,2024-01-27,25.00,success
5501,732,2023-12-27,25.00,success
5502,732,2023-11-27,25.00,success
5503,732,2023-10-27,25.00,success
5504,732,2023-09-27,25.00,success
5505,732,2023-08-27,25.00,success
5506,733,2025-04-17,10.00,success
5507,733,2025-03-17,10.00,success
5508,733,2025-02-17,10.00,success
5509,733,2025-01-17,10.00,success
5510,733,2024-12-17,10.00,success
5511,733,2024-11-17,10.00,success
5512,733,2024-10-17,10.00,success
5513,733,2024-09-17,10.00,success
5514,733,2024-08-17,10.00,success
5515,733,2024-07-17,10.00,success
5516,733,2024-06-17,10.00,success
5517,733,2024-05-17,10.00,success
5518,734,2024-09-20,25.00,success
5519,734,2024-08-20,25.00,success
5520,734,2024-07-20,25.00,success
5521,734,2024-06-20,25.00,success
5522,734,2024-05-20,25.00,success
5523,734,2024-04-20,25.00,success
5524,734,2024-03-20,25.00,success
5525,734,2024-02-20,25.00,success
5526,734,2024-01-20,25.00,success
5527,735,2025-02-28,10.00,success
5528,735,2025-01-31,10.00,success
5529,735,2024-12-31,10.00,failed
5530,735,2024-11-30,10.00,success
5531,735,2024-10-31,10.00,success
5532,735,2024-09-30,10.00,success
5533,735,2024-08-31,10.00,success
5534,735,2024-07-31,10.00,success
5535,735,2024-06-30,10.00,success
5536,735,2024-05-31,10.00,failed
5537,735,2024-04-30,10.00,success
5538,735,2024-03-31,10.00,success
5539,736,2024-07-05,25.00,success
5540,736,2024-06-05,25.00,success
5541,736,2024-05-05,25.00,success
5542,736,2024-04-05,25.00,success
5543,737,2024-05-06,10.00,success
5544,737,2024-04-06,10.00,success
5545,737,2024-03-06,10.00,failed
5546,737,2024-02-06,10.00,success
5547,737,2024-01-06,10.00,success
5548,738,2024-02-17,10.00,success
5549,738,2024-01-17,10.00,success
5550,738,2023-12-17,10.00,success
5551,739,2024-04-03,25.00,success
5552,739,2024-03-03,25.00,success
5553,739,2024-02-03,25.00,success
5554,740,2024-03-14,10.00,success
5555,740,2024-02-14,10.00,success
5556,740,2024-01-14,10.00,success
5557,740,2023-12-14,10.00,success
5558,740,2023-11-14,10.00,success
5559,740,2023-10-14,10.00,failed
5560,741,2023-04-17,10.00,success
5561,741,2023-03-17,10.00,success
5562,741,2023-02-17,10.00,success
5563,742,2025-01-20,10.00,success
5564,742,2024-12-20,10.00,success
5565,742,2024-11-20,10.00,success
5566,742,2024-10-20,10.00,success
5567,742,2024-09-20,10.00,success
5568,742,2024-08-20,10.00,success
5569,742,2024-07-20,10.00,success
5570,742,2024-06-20,10.00,success
5571,742,2024-05-20,10.00,success
5572,742,2024-04-20,10.00,success
5573,743,2024-09-06,10.00,success
5574,743,2024-08-06,10.00,success
5575,743,2024-07-06,10.00,success
5576,743,2024-06-06,10.00,success
5577,743,2024-05-06,10.00,success
5578,743,2024-04-06,10.00,success
5579,743,2024-03-06,10.00,success
5580,743,2024-02-06,10.00,success
5581,743,2024-01-06,10.00,success
5582,744,2024-05-25,25.00,success
5583,744,2024-04-25,25.00,success
5584,744,2024-03-25,25.00,success
5585,744,2024-02-25,25.00,success
5586,744,2024-01-25,25.00,success
5587,744,2023-12-25,25.00,success
5588,744,2023-11-25,25.00,success
5589,744,2023-10-25,25.00,success
5590,744,2023-09-25,25.00,success
5591,745,2024-05-04,10.00,success
5592,745,2024-04-04,10.00,success
5593,745,2024-03-04,10.00,success
5594,745,2024-02-04,10.00,success
5595,745,2024-01-04,10.00,success
5596,745,2023-12-04,10.00,success
5597,745,2023-11-04,10.00,success
5598,745,2023-10-04,10.00,success
5599,745,2023-09-04,10.00,success
5600,745,2023-08-04,10.00,failed
5601,745,2023-07-04,10.00,success
5602,745,2023-06-04,10.00,success
5603,746,2024-05-08,25.00,success
5604,746,2024-04-08,25.00,success
5605,746,2024-03-08,25.00,failed
5606,746,2024-02-08,25.00,success
5607,746,2024-01-08,25.00,success
5608,746,2023-12-08,25.00,success
5609,746,2023-11-08,25.00,success
5610,746,2023-10-08,25.00,success
5611,746,2023-09-08,25.00,success
5612,746,2023-08-08,25.00,success
5613,746,2023-07-08,25.00,success
5614,746,2023-06-08,25.00,success
5615,747,2025-02-03,10.00,success
5616,747,2025-01-03,10.00,success
5617,747,2024-12-03,10.00,success
5618,747,2024-11-03,10.00,success
5619,747,2024-10-03,10.00,success
5620,747,2024-09-03,10.00,success
5621,747,2024-08-03,10.00,success
5622,747,2024-07-03,10.00,success
5623,747,2024-06-03,10.00,success
5624,747,2024-05-03,10.00,success
5625,748,2024-07-29,10.00,success
5626,748,2024-06-29,10.00,success
5627,748,2024-05-29,10.00,success
5628,749,2023-08-04,10.00,success
5629,749,2023-07-04,10.00,success
5630,749,2023-06-04,10.00,success
5631,749,2023-05-04,10.00,success
5632,750,2024-06-04,10.00,success
5633,750,2024-05-04,10.00,success
5634,750,2024-04-04,10.00,success
5635,750,2024-03-04,10.00,success
5636,750,2024-02-04,10.00,success
5637,750,2024-01-04,10.00,success
5638,750,2023-12-04,10.00,failed
5639,750,2023-11-04,10.00,success
5640,750,2023-10-04,10.00,success
5641,751,2024-06-22,10.00,success
5642,751,2024-05-22,10.00,success
5643,751,2024-04-22,10.00,success
5644,751,2024-03-22,10.00,success
5645,751,2024-02-22,10.00,success
5646,751,2024-01-22,10.00,success
5647,752,2023-12-14,25.00,success
5648,752,2023-11-14,25.00,success
5649,753,2024-12-31,10.00,success
5650,753,2024-11-30,10.00,success
5651,753,2024-10-31,10.00,success
5652,753,2024-09-30,10.00,success
5653,753,2024-08-31,10.00,success
5654,753,2024-07-31,10.00,success
5655,753,2024-06-30,10.00,success
5656,753,2024-05-31,10.00,success
5657,754,2023-11-10,10.00,success
5658,754,2023-10-10,10.00,success
5659,754,2023-09-10,10.00,success
5660,755,2024-03-30,10.00,success
5661,755,2024-02-29,10.00,success
5662,755,2024-01-30,10.00,success
5663,755,2023-12-30,10.00,success
5664,755,2023-11-30,10.00,success
5665,755,2023-10-30,10.00,success
5666,755,2023-09-30,10.00,success
5667,755,2023-08-30,10.00,success
5668,756,2024-10-08,10.00,success
5669,756,2024-09-08,10.00,success
5670,756,2024-08-08,10.00,success
5671,756,2024-07-08,10.00,success
5672,756,2024-06-08,10.00,success
5673,756,2024-05-08,10.00,success
5674,756,2024-04-08,10.00,success
5675,756,2024-03-08,10.00,success
5676,757,2024-11-26,10.00,success
5677,757,2024-10-26,10.00,success
5678,757,2024-09-26,10.00,success
5679,757,2024-08-26,10.00,success
5680,757,2024-07-26,10.00,success
5681,757,2024-06-26,10.00,failed
5682,757,2024-05-26,10.00,success
5683,757,2024-04-26,10.00,success
5684,758,2024-02-09,10.00,failed
5685,758,2024-01-09,10.00,success
5686,758,2023-12-09,10.00,success
5687,758,2023-11-09,10.00,success
5688,759,2024-07-07,10.00,success
5689,759,2024-06-07,10.00,success
5690,759,2024-05-07,10.00,success
5691,759,2024-04-07,10.00,success
5692,759,2024-03-07,10.00,success
5693,759,2024-02-07,10.00,success
5694,759,2024-01-07,10.00,success
5695,759,2023-12-07,10.00,success
5696,759,2023-11-07,10.00,success
5697,759,2023-10-07,10.00,success
5698,760,2024-07-01,10.00,success
5699,760,2024-06-01,10.00,success
5700,760,2024-05-01,10.00,success
5701,761,2025-01-08,25.00,failed
5702,761,2024-12-08,25.00,success
5703,761,2024-11-08,25.00,success
5704,761,2024-10-08,25.00,success
5705,761,2024-09-08,25.00,success
5706,761,2024-08-08,25.00,failed
5707,761,2024-07-08,25.00,success
5708,762,2023-08-25,10.00,success
5709,762,2023-07-25,10.00,success
5710,762,2023-06-25,10.00,success
5711,762,2023-05-25,10.00,success
5712,762,2023-04-25,10.00,success
5713,763,2024-01-20,10.00,success
5714,763,2023-12-20,10.00,success
5715,763,2023-11-20,10.00,success
5716,763,2023-10-20,10.00,success
5717,763,2023-09-20,10.00,success
5718,763,2023-08-20,10.00,success
5719,763,2023-07-20,10.00,success
5720,764,2024-11-11,25.00,success
5721,764,2024-10-11,25.00,success
5722,764,2024-09-11,25.00,success
5723,764,2024-08-11,25.00,success
5724,764,2024-07-11,25.00,success
5725,764,2024-06-11,25.00,success
5726,764,2024-05-11,25.00,success
5727,764,2024-04-11,25.00,success
5728,764,2024-03-11,25.00,success
5729,764,2024-02-11,25.00,success
5730,764,2024-01-11,25.00,success
5731,764,2023-12-11,25.00,success
5732,765,2024-05-10,25.00,success
5733,765,2024-04-10,25.00,success
5734,765,2024-03-10,25.00,success
5735,765,2024-02-10,25.00,success
5736,765,2024-01-10,25.00,success
5737,765,2023-12-10,25.00,success
5738,765,2023-11-10,25.00,success
5739,765,2023-10-10,25.00,failed
5740,765,2023-09-10,25.00,success
5741,765,2023-08-10,25.00,success
5742,765,2023-07-10,25.00,success
5743,766,2023-11-07,25.00,success
5744,766,2023-10-07,25.00,success
5745,766,2023-09-07,25.00,failed
5746,767,2023-08-17,10.00,success
5747,767,2023-07-17,10.00,success
5748,767,2023-06-17,10.00,success
5749,767,2023-05-17,10.00,success
5750,768,2023-12-22,25.00,success
5751,768,2023-11-22,25.00,success
5752,768,2023-10-22,25.00,success
5753,768,2023-09-22,25.00,success
5754,768,2023-08-22,25.00,success
5755,768,2023-07-22,25.00,success
5756,768,2023-06-22,25.00,success
5757,768,2023-05-22,25.00,success
5758,768,2023-04-22,25.00,success
5759,768,2023-03-22,25.00,success
5760,769,2024-05-04,10.00,success
5761,769,2024-04-04,10.00,success
5762,770,2024-04-30,10.00,success
5763,770,2024-03-30,10.00,success
5764,770,2024-02-29,10.00,success
5765,770,2024-01-30,10.00,success
5766,771,2023-04-24,10.00,success
5767,771,2023-03-24,10.00,success
5768,771,2023-02-24,10.00,success
5769,772,2023-06-19,10.00,success
5770,772,2023-05-19,10.00,success
5771,772,2023-04-19,10.00,success
5772,773,2024-06-16,25.00,success
5773,773,2024-05-16,25.00,success
5774,773,2024-04-16,25.00,success
5775,774,2024-03-24,25.00,success
5776,774,2024-02-24,25.00,success
5777,774,2024-01-24,25.00,success
5778,774,2023-12-24,25.00,success
5779,774,2023-11-24,25.00,success
5780,774,2023-10-24,25.00,success
5781,774,2023-09-24,25.00,success
5782,774,2023-08-24,25.00,success
5783,774,2023-07-24,25.00,success
5784,774,2023-06-24,25.00,success
5785,774,2023-05-24,25.00,success
5786,774,2023-04-24,25.00,success
5787,775,2023-12-26,10.00,success
5788,775,2023-11-26,10.00,success
5789,775,2023-10-26,10.00,success
5790,775,2023-09-26,10.00,success
5791,775,2023-08-26,10.00,success
5792,775,2023-07-26,10.00,success
5793,775,2023-06-26,10.00,success
5794,775,2023-05-26,10.00,success
5795,775,2023-04-26,10.00,success
5796,776,2025-02-15,10.00,success
5797,776,2025-01-15,10.00,success
5798,776,2024-12-15,10.00,success
5799,776,2024-11-15,10.00,success
5800,776,2024-10-15,10.00,success
5801,776,2024-09-15,10.00,success
5802,776,2024-08-15,10.00,success
5803,776,2024-07-15,10.00,success
5804,776,2024-06-15,10.00,success
5805,776,2024-05-15,10.00,success
5806,776,2024-04-15,10.00,success
5807,777,2024-11-25,10.00,success
5808,777,2024-10-25,10.00,failed
5809,777,2024-09-25,10.00,success
5810,777,2024-08-25,10.00,success
5811,777,2024-07-25,10.00,success
5812,777,2024-06-25,10.00,success
5813,777,2024-05-25,10.00,success
5814,777,2024-04-25,10.00,success
5815,777,2024-03-25,10.00,success
5816,778,2025-03-29,10.00,success
5817,778,2025-02-28,10.00,success
5818,778,2025-01-29,10.00,success
5819,778,2024-12-29,10.00,success
5820,778,2024-11-29,10.00,success
5821,778,2024-10-29,10.00,success
5822,778,2024-09-29,10.00,success
5823,778,2024-08-29,10.00,success
5824,778,2024-07-29,10.00,success
5825,778,2024-06-29,10.00,success
5826,779,2024-12-07,10.00,success
5827,779,2024-11-07,10.00,success
5828,779,2024-10-07,10.00,success
5829,779,2024-09-07,10.00,success
5830,779,2024-08-07,10.00,success
5831,779,2024-07-07,10.00,success
5832,779,2024-06-07,10.00,success
5833,779,2024-05-07,10.00,success
5834,780,2024-08-30,10.00,success
5835,780,2024-07-30,10.00,success
5836,780,2024-06-30,10.00,success
5837,780,2024-05-30,10.00,success
5838,780,2024-04-30,10.00,success
5839,780,2024-03-30,10.00,success
5840,781,2023-10-15,10.00,success
5841,781,2023-09-15,10.00,success
5842,781,2023-08-15,10.00,success
5843,781,2023-07-15,10.00,success
5844,781,2023-06-15,10.00,success
5845,782,2023-05-06,10.00,failed
5846,782,2023-04-06,10.00,success
5847,782,2023-03-06,10.00,success
5848,782,2023-02-06,10.00,success
5849,783,2025-04-05,10.00,success
5850,783,2025-03-05,10.00,success
5851,783,2025-02-05,10.00,success
5852,783,2025-01-05,10.00,success
5853,783,2024-12-05,10.00,success
5854,783,2024-11-05,10.00,success
5855,783,2024-10-05,10.00,success
5856,783,2024-09-05,10.00,success
5857,783,2024-08-05,10.00,failed
5858,783,2024-07-05,10.00,success
5859,783,2024-06-05,10.00,failed
5860,783,2024-05-05,10.00,success
5861,784,2024-09-28,10.00,success
5862,784,2024-08-28,10.00,success
5863,784,2024-07-28,10.00,success
5864,784,2024-06-28,10.00,success
5865,784,2024-05-28,10.00,success
5866,784,2024-04-28,10.00,success
5867,784,2024-03-28,10.00,success
5868,784,2024-02-28,10.00,success
5869,784,2024-01-28,10.00,success
5870,784,2023-12-28,10.00,success
5871,784,2023-11-28,10.00,success
5872,785,2024-02-18,25.00,success
5873,785,2024-01-18,25.00,success
5874,785,2023-12-18,25.00,success
5875,785,2023-11-18,25.00,success
5876,785,2023-10-18,25.00,success
5877,785,2023-09-18,25.00,success
5878,785,2023-08-18,25.00,success
5879,785,2023-07-18,25.00,success
5880,785,2023-06-18,25.00,success
5881,785,2023-05-18,25.00,success
5882,785,2023-04-18,25.00,success
5883,785,2023-03-18,25.00,success
5884,786,2024-03-30,25.00,success
5885,786,2024-02-29,25.00,success
5886,786,2024-01-30,25.00,success
5887,786,2023-12-30,25.00,success
5888,786,2023-11-30,25.00,success
5889,786,2023-10-30,25.00,success
5890,786,2023-09-30,25.00,success
5891,786,2023-08-30,25.00,failed
5892,786,2023-07-30,25.00,success
5893,787,2024-07-15,25.00,success
5894,787,2024-06-15,25.00,success
5895,787,2024-05-15,25.00,success
5896,787,2024-04-15,25.00,success
5897,787,2024-03-15,25.00,success
5898,787,2024-02-15,25.00,success
5899,787,2024-01-15,25.00,success
5900,787,2023-12-15,25.00,success
5901,787,2023-11-15,25.00,success
5902,788,2025-04-16,10.00,success
5903,788,2025-03-16,10.00,success
5904,788,2025-02-16,10.00,success
5905,788,2025-01-16,10.00,success
5906,788,2024-12-16,10.00,success
5907,788,2024-11-16,10.00,success
5908,788,2024-10-16,10.00,success
5909,788,2024-09-16,10.00,success
5910,788,2024-08-16,10.00,success
5911,788,2024-07-16,10.00,failed
5912,788,2024-06-16,10.00,success
5913,789,2024-07-02,10.00,success
5914,789,2024-06-02,10.00,success
5915,789,2024-05-02,10.00,success
5916,789,2024-04-02,10.00,success
5917,790,2024-02-19,25.00,success
5918,790,2024-01-19,25.00,success
5919,790,2023-12-19,25.00,success
5920,790,2023-11-19,25.00,success
5921,791,2025-02-17,10.00,success
5922,791,2025-01-17,10.00,success
5923,791,2024-12-17,10.00,success
5924,791,2024-11-17,10.00,success
5925,791,2024-10-17,10.00,success
5926,791,2024-09-17,10.00,success
5927,791,2024-08-17,10.00,success
5928,791,2024-07-17,10.00,success
5929,791,2024-06-17,10.00,success
5930,791,2024-05-17,10.00,success
5931,791,2024-04-17,10.00,success
5932,791,2024-03-17,10.00,success
5933,792,2024-07-26,10.00,success
5934,792,2024-06-26,10.00,success
5935,792,2024-05-26,10.00,success
5936,792,2024-04-26,10.00,success
5937,792,2024-03-26,10.00,success
5938,793,2024-03-14,10.00,success
5939,793,2024-02-14,10.00,success
5940,793,2024-01-14,10.00,success
5941,794,2024-06-21,25.00,success
5942,794,2024-05-21,25.00,success
5943,794,2024-04-21,25.00,success
5944,794,2024-03-21,25.00,success
5945,794,2024-02-21,25.00,failed
5946,794,2024-01-21,25.00,failed
5947,794,2023-12-21,25.00,success
5948,794,2023-11-21,25.00,success
5949,794,2023-10-21,25.00,success
5950,794,2023-09-21,25.00,success
5951,794,2023-08-21,25.00,success
5952,794,2023-07-21,25.00,failed
5953,795,2024-06-03,10.00,success
5954,795,2024-05-03,10.00,success
5955,795,2024-04-03,10.00,success
5956,795,2024-03-03,10.00,success
5957,795,2024-02-03,10.00,success
5958,795,2024-01-03,10.00,success
5959,795,2023-12-03,10.00,success
5960,795,2023-11-03,10.00,success
5961,795,2023-10-03,10.00,failed
5962,795,2023-09-03,10.00,success
5963,795,2023-08-03,10.00,success
5964,795,2023-07-03,10.00,success
5965,796,2024-05-03,25.00,success
5966,796,2024-04-03,25.00,success
5967,796,2024-03-03,25.00,success
5968,796,2024-02-03,25.00,success
5969,796,2024-01-03,25.00,success
5970,796,2023-12-03,25.00,success
5971,796,2023-11-03,25.00,success
5972,796,2023-10-03,25.00,success
5973,796,2023-09-03,25.00,success
5974,797,2024-07-04,10.00,success
5975,797,2024-06-04,10.00,success
5976,797,2024-05-04,10.00,success
5977,797,2024-04-04,10.00,success
5978,797,2024-03-04,10.00,failed
5979,798,2024-12-11,10.00,success
5980,798,2024-11-11,10.00,success
5981,798,2024-10-11,10.00,success
5982,798,2024-09-11,10.00,success
5983,798,2024-08-11,10.00,success
5984,798,2024-07-11,10.00,success
5985,798,2024-06-11,10.00,success
5986,798,2024-05-11,10.00,success
5987,798,2024-04-11,10.00,success
5988,798,2024-03-11,10.00,success
5989,798,2024-02-11,10.00,success
5990,798,2024-01-11,10.00,success
5991,799,2024-03-05,10.00,success
5992,799,2024-02-05,10.00,success
5993,799,2024-01-05,10.00,success
5994,799,2023-12-05,10.00,success
5995,799,2023-11-05,10.00,success
5996,799,2023-10-05,10.00,success
5997,799,2023-09-05,10.00,success
5998,800,2024-02-04,10.00,success
5999,800,2024-01-04,10.00,success
6000,800,2023-12-04,10.00,failed
6001,800,2023-11-04,10.00,success
6002,800,2023-10-04,10.00,success
6003,800,2023-09-04,10.00,success
6004,800,2023-08-04,10.00,success
6005,801,2024-04-12,25.00,success
6006,801,2024-03-12,25.00,success
6007,801,2024-02-12,25.00,success
6008,801,2024-01-12,25.00,success
6009,801,2023-12-12,25.00,success
6010,802,2023-12-13,25.00,success
6011,802,2023-11-13,25.00,success
6012,802,2023-10-13,25.00,success
6013,802,2023-09-13,25.00,success
6014,802,2023-08-13,25.00,success
6015,802,2023-07-13,25.00,success
6016,802,2023-06-13,25.00,success
6017,802,2023-05-13,25.00,failed
6018,802,2023-04-13,25.00,success
6019,803,2023-08-13,25.00,success
6020,803,2023-07-13,25.00,success
6021,803,2023-06-13,25.00,success
6022,803,2023-05-13,25.00,success
6023,803,2023-04-13,25.00,success
6024,803,2023-03-13,25.00,success
6025,803,2023-02-13,25.00,success
6026,804,2025-03-26,10.00,success
6027,804,2025-02-26,10.00,success
6028,804,2025-01-26,10.00,success
6029,804,2024-12-26,10.00,success
6030,804,2024-11-26,10.00,failed
6031,804,2024-10-26,10.00,success
6032,804,2024-09-26,10.00,success
6033,804,2024-08-26,10.00,success
6034,804,2024-07-26,10.00,success
6035,804,2024-06-26,10.00,success
6036,805,2024-01-02,25.00,success
6037,805,2023-12-02,25.00,success
6038,805,2023-11-02,25.00,failed
6039,805,2023-10-02,25.00,success
6040,805,2023-09-02,25.00,success
6041,805,2023-08-02,25.00,success
6042,806,2024-03-15,10.00,success
6043,806,2024-02-15,10.00,success
6044,806,2024-01-15,10.00,success
6045,806,2023-12-15,10.00,success
6046,806,2023-11-15,10.00,success
6047,807,2023-12-26,25.00,success
6048,807,2023-11-26,25.00,success
6049,807,2023-10-26,25.00,success
6050,808,2023-05-08,10.00,success
6051,808,2023-04-08,10.00,success
6052,808,2023-03-08,10.00,failed
6053,808,2023-02-08,10.00,success
6054,809,2024-06-28,25.00,success
6055,809,2024-05-28,25.00,success
6056,809,2024-04-28,25.00,success
6057,809,2024-03-28,25.00,success
6058,809,2024-02-28,25.00,success
6059,809,2024-01-28,25.00,success
6060,809,2023-12-28,25.00,success
6061,809,2023-11-28,25.00,success
6062,809,2023-10-28,25.00,success
6063,809,2023-09-28,25.00,success
6064,809,2023-08-28,25.00,success
6065,809,2023-07-28,25.00,success
6066,810,2024-02-27,10.00,success
6067,810,2024-01-27,10.00,success
6068,810,2023-12-27,10.00,success
6069,810,2023-11-27,10.00,success
6070,810,2023-10-27,10.00,success
6071,811,2024-07-29,10.00,success
6072,811,2024-06-29,10.00,success
6073,811,2024-05-29,10.00,success
6074,811,2024-04-29,10.00,success
6075,811,2024-03-29,10.00,success
6076,811,2024-02-29,10.00,success
6077,811,2024-01-29,10.00,failed
6078,811,2023-12-29,10.00,success
6079,811,2023-11-29,10.00,success
6080,811,2023-10-29,10.00,success
6081,811,2023-09-29,10.00,success
6082,812,2023-05-13,25.00,success
6083,812,2023-04-13,25.00,success
6084,813,2024-04-24,10.00,success
6085,813,2024-03-24,10.00,success
6086,813,2024-02-24,10.00,success
6087,813,2024-01-24,10.00,success
6088,813,2023-12-24,10.00,failed
6089,813,2023-11-24,10.00,success
6090,813,2023-10-24,10.00,success
6091,813,2023-09-24,10.00,success
6092,813,2023-08-24,10.00,success
6093,813,2023-07-24,10.00,success
6094,814,2023-06-28,10.00,failed
6095,814,2023-05-28,10.00,success
6096,814,2023-04-28,10.00,success
6097,814,2023-03-28,10.00,success
6098,814,2023-02-28,10.00,success
6099,815,2024-03-06,25.00,success
6100,815,2024-02-06,25.00,success
6101,815,2024-01-06,25.00,success
6102,815,2023-12-06,25.00,success
6103,815,2023-11-06,25.00,success
6104,816,2023-05-05,10.00,success
6105,816,2023-04-05,10.00,success
6106,817,2025-01-23,10.00,success
6107,817,2024-12-23,10.00,success
6108,817,2024-11-23,10.00,success
6109,817,2024-10-23,10.00,success
6110,817,2024-09-23,10.00,success
6111,817,2024-08-23,10.00,success
6112,817,2024-07-23,10.00,success
6113,817,2024-06-23,10.00,success
6114,817,2024-05-23,10.00,success
6115,818,2024-03-10,10.00,failed
6116,818,2024-02-10,10.00,failed
6117,818,2024-01-10,10.00,success
6118,819,2025-02-28,10.00,success
6119,819,2025-01-31,10.00,success
6120,819,2024-12-31,10.00,success
6121,819,2024-11-30,10.00,success
6122,819,2024-10-31,10.00,success
6123,819,2024-09-30,10.00,success
6124,819,2024-08-31,10.00,success
6125,819,2024-07-31,10.00,success
6126,819,2024-06-30,10.00,success
6127,819,2024-05-31,10.00,success
6128,819,2024-04-30,10.00,success
6129,819,2024-03-31,10.00,failed
6130,820,2024-01-25,10.00,success
6131,820,2023-12-25,10.00,success
6132,821,2023-11-26,25.00,success
6133,821,2023-10-26,25.00,success
6134,821,2023-09-26,25.00,success
6135,821,2023-08-26,25.00,success
6136,821,2023-07-26,25.00,success
6137,821,2023-06-26,25.00,success
6138,821,2023-05-26,25.00,success
6139,821,2023-04-26,25.00,success
6140,822,2024-10-17,10.00,success
6141,822,2024-09-17,10.00,success
6142,822,2024-08-17,10.00,failed
6143,822,2024-07-17,10.00,success
6144,822,2024-06-17,10.00,success
6145,822,2024-05-17,10.00,success
6146,823,2023-05-02,10.00,success
6147,823,2023-04-02,10.00,success
6148,823,2023-03-02,10.00,success
6149,823,2023-02-02,10.00,success
6150,824,2024-09-07,25.00,success
6151,824,2024-08-07,25.00,success
6152,824,2024-07-07,25.00,success
6153,824,2024-06-07,25.00,success
6154,824,2024-05-07,25.00,success
6155,824,2024-04-07,25.00,success
6156,824,2024-03-07,25.00,success
6157,824,2024-02-07,25.00,success
6158,825,2023-08-16,10.00,success
6159,825,2023-07-16,10.00,success
6160,826,2023-12-21,60.00,success
6161,826,2023-11-21,60.00,success
6162,827,2023-10-07,10.00,success
6163,827,2023-09-07,10.00,success
6164,827,2023-08-07,10.00,success
6165,827,2023-07-07,10.00,success
6166,827,2023-06-07,10.00,success
6167,827,2023-05-07,10.00,success
6168,827,2023-04-07,10.00,success
6169,827,2023-03-07,10.00,success
6170,828,2024-04-30,10.00,success
6171,828,2024-03-31,10.00,success
6172,828,2024-02-29,10.00,success
6173,828,2024-01-31,10.00,success
6174,828,2023-12-31,10.00,success
6175,828,2023-11-30,10.00,success
6176,828,2023-10-31,10.00,success
6177,828,2023-09-30,10.00,success
6178,828,2023-08-31,10.00,failed
6179,828,2023-07-31,10.00,success
6180,829,2024-10-28,25.00,success
6181,829,2024-09-28,25.00,success
6182,829,2024-08-28,25.00,success
6183,829,2024-07-28,25.00,success
6184,829,2024-06-28,25.00,success
6185,829,2024-05-28,25.00,success
6186,830,2024-07-12,25.00,success
6187,830,2024-06-12,25.00,success
6188,830,2024-05-12,25.00,success
6189,830,2024-04-12,25.00,success
6190,830,2024-03-12,25.00,failed
6191,830,2024-02-12,25.00,success
6192,831,2023-10-27,10.00,success
6193,831,2023-09-27,10.00,success
6194,831,2023-08-27,10.00,success
6195,831,2023-07-27,10.00,failed
6196,832,2024-08-01,10.00,success
6197,832,2024-07-01,10.00,success
6198,832,2024-06-01,10.00,success
6199,832,2024-05-01,10.00,success
6200,832,2024-04-01,10.00,failed
6201,832,2024-03-01,10.00,failed
6202,833,2024-08-06,10.00,success
6203,833,2024-07-06,10.00,success
6204,833,2024-06-06,10.00,success
6205,833,2024-05-06,10.00,success
6206,833,2024-04-06,10.00,success
6207,834,2024-08-07,10.00,success
6208,834,2024-07-07,10.00,success
6209,834,2024-06-07,10.00,success
6210,834,2024-05-07,10.00,success
6211,834,2024-04-07,10.00,success
6212,834,2024-03-07,10.00,success
6213,834,2024-02-07,10.00,success
6214,834,2024-01-07,10.00,success
6215,834,2023-12-07,10.00,success
6216,835,2024-05-07,10.00,success
6217,835,2024-04-07,10.00,success
6218,835,2024-03-07,10.00,success
6219,835,2024-02-07,10.00,success
6220,835,2024-01-07,10.00,success
6221,835,2023-12-07,10.00,success
6222,835,2023-11-07,10.00,success
6223,835,2023-10-07,10.00,success
6224,835,2023-09-07,10.00,success
6225,836,2024-03-27,25.00,success
6226,836,2024-02-27,25.00,success
6227,836,2024-01-27,25.00,success
6228,836,2023-12-27,25.00,success
6229,836,2023-11-27,25.00,success
6230,836,2023-10-27,25.00,success
6231,836,2023-09-27,25.00,success
6232,836,2023-08-27,25.00,success
6233,837,2024-03-18,10.00,success
6234,837,2024-02-18,10.00,success
6235,837,2024-01-18,10.00,success
6236,837,2023-12-18,10.00,success
6237,837,2023-11-18,10.00,success
6238,837,2023-10-18,10.00,success
6239,837,2023-09-18,10.00,success
6240,837,2023-08-18,10.00,success
6241,837,2023-07-18,10.00,success
6242,837,2023-06-18,10.00,success
6243,837,2023-05-18,10.00,success
6244,837,2023-04-18,10.00,success
6245,838,2024-01-06,25.00,success
6246,838,2023-12-06,25.00,success
6247,838,2023-11-06,25.00,success
6248,838,2023-10-06,25.00,success
6249,838,2023-09-06,25.00,success
6250,839,2024-06-05,25.00,success
6251,839,2024-05-05,25.00,success
6252,839,2024-04-05,25.00,success
6253,839,2024-03-05,25.00,success
6254,840,2023-11-09,10.00,success
6255,840,2023-10-09,10.00,success
6256,840,2023-09-09,10.00,success
6257,840,2023-08-09,10.00,success
6258,840,2023-07-09,10.00,success
6259,841,2024-01-31,10.00,success
6260,841,2023-12-31,10.00,success
6261,841,2023-11-30,10.00,success
6262,841,2023-10-31,10.00,success
6263,841,2023-09-30,10.00,success
6264,841,2023-08-31,10.00,success
6265,841,2023-07-31,10.00,success
6266,841,2023-06-30,10.00,success
6267,841,2023-05-31,10.00,success
6268,842,2024-05-20,10.00,success
6269,842,2024-04-20,10.00,failed
6270,842,2024-03-20,10.00,success
6271,842,2024-02-20,10.00,success
6272,842,2024-01-20,10.00,success
6273,842,2023-12-20,10.00,failed
6274,842,2023-11-20,10.00,success
6275,842,2023-10-20,10.00,success
6276,842,2023-09-20,10.00,success
6277,842,2023-08-20,10.00,success
6278,842,2023-07-20,10.00,success
6279,842,2023-06-20,10.00,failed
6280,843,2024-04-25,10.00,success
6281,843,2024-03-25,10.00,success
6282,843,2024-02-25,10.00,success
6283,843,2024-01-25,10.00,success
6284,843,2023-12-25,10.00,success
6285,843,2023-11-25,10.00,success
6286,843,2023-10-25,10.00,success
6287,843,2023-09-25,10.00,success
6288,843,2023-08-25,10.00,success
6289,843,2023-07-25,10.00,success
6290,843,2023-06-25,10.00,failed
6291,843,2023-05-25,10.00,success
6292,844,2024-04-17,25.00,success
6293,844,2024-03-17,25.00,success
6294,844,2024-02-17,25.00,success
6295,844,2024-01-17,25.00,success
6296,845,2024-07-27,10.00,success
6297,845,2024-06-27,10.00,success
6298,845,2024-05-27,10.00,success
6299,845,2024-04-27,10.00,success
6300,845,2024-03-27,10.00,success
6301,845,2024-02-27,10.00,success
6302,845,2024-01-27,10.00,success
6303,845,2023-12-27,10.00,success
6304,845,2023-11-27,10.00,success
6305,845,2023-10-27,10.00,success
6306,846,2024-10-22,10.00,success
6307,846,2024-09-22,10.00,success
6308,846,2024-08-22,10.00,failed
6309,846,2024-07-22,10.00,success
6310,846,2024-06-22,10.00,success
6311,846,2024-05-22,10.00,success
6312,846,2024-04-22,10.00,success
6313,846,2024-03-22,10.00,success
6314,846,2024-02-22,10.00,success
6315,846,2024-01-22,10.00,success
6316,846,2023-12-22,10.00,failed
6317,847,2024-01-04,25.00,success
6318,847,2023-12-04,25.00,success
6319,847,2023-11-04,25.00,success
6320,847,2023-10-04,25.00,success
6321,847,2023-09-04,25.00,success
6322,847,2023-08-04,25.00,success
6323,847,2023-07-04,25.00,success
6324,847,2023-06-04,25.00,success
6325,847,2023-05-04,25.00,success
6326,848,2024-07-22,10.00,success
6327,848,2024-06-22,10.00,success
6328,848,2024-05-22,10.00,success
6329,848,2024-04-22,10.00,success
6330,849,2024-02-29,10.00,success
6331,849,2024-01-29,10.00,success
6332,849,2023-12-29,10.00,success
6333,849,2023-11-29,10.00,success
6334,849,2023-10-29,10.00,success
6335,849,2023-09-29,10.00,success
6336,849,2023-08-29,10.00,success
6337,849,2023-07-29,10.00,success
6338,849,2023-06-29,10.00,success
6339,849,2023-05-29,10.00,success
6340,849,2023-04-29,10.00,success
6341,849,2023-03-29,10.00,success
6342,850,2024-05-04,10.00,success
6343,850,2024-04-04,10.00,success
6344,850,2024-03-04,10.00,success
6345,850,2024-02-04,10.00,success
6346,850,2024-01-04,10.00,success
6347,850,2023-12-04,10.00,success
6348,850,2023-11-04,10.00,success
6349,850,2023-10-04,10.00,success
6350,850,2023-09-04,10.00,success
6351,850,2023-08-04,10.00,success
6352,850,2023-07-04,10.00,success
6353,850,2023-06-04,10.00,success
6354,851,2025-01-14,10.00,success
6355,851,2024-12-14,10.00,success
6356,851,2024-11-14,10.00,success
6357,851,2024-10-14,10.00,success
6358,851,2024-09-14,10.00,success
6359,851,2024-08-14,10.00,success
6360,851,2024-07-14,10.00,success
6361,851,2024-06-14,10.00,success
6362,851,2024-05-14,10.00,success
6363,851,2024-04-14,10.00,success
6364,851,2024-03-14,10.00,success
6365,851,2024-02-14,10.00,success
6366,852,2023-08-17,10.00,success
6367,852,2023-07-17,10.00,success
6368,852,2023-06-17,10.00,success
6369,852,2023-05-17,10.00,success
6370,852,2023-04-17,10.00,success
6371,852,2023-03-17,10.00,success
6372,852,2023-02-17,10.00,success
6373,853,2023-11-30,10.00,success
6374,853,2023-10-30,10.00,success
6375,853,2023-09-30,10.00,success
6376,853,2023-08-30,10.00,success
6377,853,2023-07-30,10.00,success
6378,853,2023-06-30,10.00,success
6379,853,2023-05-30,10.00,success
6380,854,2024-03-22,10.00,success
6381,854,2024-02-22,10.00,success
6382,854,2024-01-22,10.00,success
6383,854,2023-12-22,10.00,success
6384,854,2023-11-22,10.00,success
6385,854,2023-10-22,10.00,success
6386,854,2023-09-22,10.00,success
6387,854,2023-08-22,10.00,success
6388,854,2023-07-22,10.00,success
6389,854,2023-06-22,10.00,success
6390,854,2023-05-22,10.00,success
6391,854,2023-04-22,10.00,success
6392,855,2023-05-10,25.00,success
6393,855,2023-04-10,25.00,success
6394,855,2023-03-10,25.00,success
6395,855,2023-02-10,25.00,success
6396,856,2024-05-17,10.00,success
6397,856,2024-04-17,10.00,success
6398,856,2024-03-17,10.00,failed
6399,857,2024-06-05,10.00,success
6400,857,2024-05-05,10.00,success
6401,858,2024-04-27,10.00,success
6402,858,2024-03-27,10.00,success
6403,858,2024-02-27,10.00,success
6404,858,2024-01-27,10.00,success
6405,858,2023-12-27,10.00,success
6406,858,2023-11-27,10.00,success
6407,858,2023-10-27,10.00,success
6408,858,2023-09-27,10.00,success
6409,858,2023-08-27,10.00,success
6410,859,2024-06-30,10.00,success
6411,859,2024-05-30,10.00,success
6412,859,2024-04-30,10.00,success
6413,859,2024-03-30,10.00,success
6414,859,2024-02-29,10.00,success
6415,859,2024-01-30,10.00,success
6416,859,2023-12-30,10.00,success
6417,859,2023-11-30,10.00,success
6418,859,2023-10-30,10.00,failed
6419,860,2024-12-03,10.00,success
6420,860,2024-11-03,10.00,success
6421,860,2024-10-03,10.00,success
6422,860,2024-09-03,10.00,success
6423,860,2024-08-03,10.00,success
6424,860,2024-07-03,10.00,success
6425,860,2024-06-03,10.00,success
6426,860,2024-05-03,10.00,success
6427,860,2024-04-03,10.00,success
6428,860,2024-03-03,10.00,success
6429,860,2024-02-03,10.00,success
6430,860,2024-01-03,10.00,success
6431,861,2024-03-03,10.00,success
6432,861,2024-02-03,10.00,failed
6433,861,2024-01-03,10.00,success
6434,861,2023-12-03,10.00,success
6435,861,2023-11-03,10.00,success
6436,861,2023-10-03,10.00,success
6437,862,2023-09-10,10.00,success
6438,862,2023-08-10,10.00,success
6439,863,2025-01-04,10.00,success
6440,863,2024-12-04,10.00,success
6441,863,2024-11-04,10.00,success
6442,863,2024-10-04,10.00,success
6443,863,2024-09-04,10.00,success
6444,863,2024-08-04,10.00,success
6445,863,2024-07-04,10.00,success
6446,863,2024-06-04,10.00,success
6447,864,2025-03-26,10.00,success
6448,864,2025-02-26,10.00,success
6449,864,2025-01-26,10.00,success
6450,864,2024-12-26,10.00,failed
6451,864,2024-11-26,10.00,success
6452,864,2024-10-26,10.00,success
6453,864,2024-09-26,10.00,success
6454,864,2024-08-26,10.00,success
6455,864,2024-07-26,10.00,success
6456,864,2024-06-26,10.00,success
6457,864,2024-05-26,10.00,success
6458,864,2024-04-26,10.00,success
6459,865,2023-09-05,10.00,success
6460,865,2023-08-05,10.00,success
6461,865,2023-07-05,10.00,success
6462,865,2023-06-05,10.00,success
6463,866,2024-08-15,10.00,success
6464,866,2024-07-15,10.00,failed
6465,866,2024-06-15,10.00,success
6466,866,2024-05-15,10.00,failed
6467,866,2024-04-15,10.00,success
6468,866,2024-03-15,10.00,success
6469,866,2024-02-15,10.00,success
6470,866,2024-01-15,10.00,success
6471,867,2024-07-25,10.00,failed
6472,867,2024-06-25,10.00,success
6473,867,2024-05-25,10.00,success
6474,867,2024-04-25,10.00,success
6475,867,2024-03-25,10.00,success
6476,867,2024-02-25,10.00,success
6477,867,2024-01-25,10.00,success
6478,867,2023-12-25,10.00,success
6479,867,2023-11-25,10.00,success
6480,868,2024-12-27,25.00,success
6481,868,2024-11-27,25.00,success
6482,868,2024-10-27,25.00,success
6483,868,2024-09-27,25.00,success
6484,868,2024-08-27,25.00,success
6485,868,2024-07-27,25.00,success
6486,868,2024-06-27,25.00,success
6487,868,2024-05-27,25.00,success
6488,868,2024-04-27,25.00,success
6489,868,2024-03-27,25.00,success
6490,868,2024-02-27,25.00,success
6491,868,2024-01-27,25.00,success
6492,869,2023-06-30,10.00,success
6493,869,2023-05-31,10.00,success
6494,870,2024-06-30,10.00,success
6495,870,2024-05-31,10.00,success
6496,870,2024-04-30,10.00,success
6497,870,2024-03-31,10.00,success
6498,870,2024-02-29,10.00,success
6499,870,2024-01-31,10.00,success
6500,870,2023-12-31,10.00,success
6501,870,2023-11-30,10.00,success
6502,870,2023-10-31,10.00,success
6503,870,2023-09-30,10.00,success
6504,870,2023-08-31,10.00,success
6505,871,2024-07-21,10.00,success
6506,871,2024-06-21,10.00,success
6507,871,2024-05-21,10.00,success
6508,871,2024-04-21,10.00,success
6509,871,2024-03-21,10.00,success
6510,871,2024-02-21,10.00,success
6511,871,2024-01-21,10.00,success
6512,871,2023-12-21,10.00,success
6513,872,2024-07-01,10.00,success
6514,872,2024-06-01,10.00,success
6515,872,2024-05-01,10.00,success
6516,872,2024-04-01,10.00,success
6517,872,2024-03-01,10.00,success
6518,872,2024-02-01,10.00,success
6519,872,2024-01-01,10.00,success
6520,873,2023-11-06,10.00,success
6521,873,2023-10-06,10.00,success
6522,873,2023-09-06,10.00,success
6523,873,2023-08-06,10.00,success
6524,873,2023-07-06,10.00,success
6525,873,2023-06-06,10.00,success
6526,873,2023-05-06,10.00,success
6527,873,2023-04-06,10.00,success
6528,873,2023-03-06,10.00,success
6529,874,2023-08-11,10.00,success
6530,874,2023-07-11,10.00,success
6531,874,2023-06-11,10.00,success
6532,874,2023-05-11,10.00,success
6533,874,2023-04-11,10.00,success
6534,874,2023-03-11,10.00,success
6535,875,2024-08-25,10.00,success
6536,875,2024-07-25,10.00,success
6537,875,2024-06-25,10.00,success
6538,875,2024-05-25,10.00,success
6539,875,2024-04-25,10.00,success
6540,875,2024-03-25,10.00,success
6541,875,2024-02-25,10.00,success
6542,875,2024-01-25,10.00,failed
6543,875,2023-12-25,10.00,success
6544,875,2023-11-25,10.00,success
6545,875,2023-10-25,10.00,success
6546,876,2024-08-02,10.00,success
6547,876,2024-07-02,10.00,success
6548,876,2024-06-02,10.00,success
6549,876,2024-05-02,10.00,success
6550,877,2023-07-06,25.00,success
6551,877,2023-06-06,25.00,success
6552,877,2023-05-06,25.00,success
6553,877,2023-04-06,25.00,success
6554,877,2023-03-06,25.00,success
6555,877,2023-02-06,25.00,success
6556,878,2023-10-21,10.00,success
6557,878,2023-09-21,10.00,success
6558,878,2023-08-21,10.00,failed
6559,879,2024-05-03,10.00,success
6560,879,2024-04-03,10.00,success
6561,879,2024-03-03,10.00,success
6562,879,2024-02-03,10.00,success
6563,879,2024-01-03,10.00,success
6564,879,2023-12-03,10.00,success
6565,879,2023-11-03,10.00,success
6566,879,2023-10-03,10.00,success
6567,880,2023-07-21,10.00,success
6568,880,2023-06-21,10.00,success
6569,880,2023-05-21,10.00,success
6570,880,2023-04-21,10.00,success
6571,880,2023-03-21,10.00,success
6572,880,2023-02-21,10.00,success
6573,881,2023-11-11,10.00,success
6574,881,2023-10-11,10.00,success
6575,881,2023-09-11,10.00,success
6576,881,2023-08-11,10.00,success
6577,881,2023-07-11,10.00,success
6578,881,2023-06-11,10.00,success
6579,881,2023-05-11,10.00,success
6580,881,2023-04-11,10.00,success
6581,881,2023-03-11,10.00,success
6582,882,2024-11-26,10.00,success
6583,882,2024-10-26,10.00,success
6584,882,2024-09-26,10.00,success
6585,882,2024-08-26,10.00,success
6586,882,2024-07-26,10.00,success
6587,882,2024-06-26,10.00,success
6588,882,2024-05-26,10.00,success
6589,883,2024-07-06,25.00,success
6590,883,2024-06-06,25.00,success
6591,883,2024-05-06,25.00,success
6592,883,2024-04-06,25.00,success
6593,883,2024-03-06,25.00,success
6594,883,2024-02-06,25.00,success
6595,883,2024-01-06,25.00,success
6596,883,2023-12-06,25.00,success
6597,883,2023-11-06,25.00,success
6598,883,2023-10-06,25.00,success
6599,883,2023-09-06,25.00,failed
6600,883,2023-08-06,25.00,success
6601,884,2024-09-26,10.00,success
6602,884,2024-08-26,10.00,success
6603,884,2024-07-26,10.00,success
6604,884,2024-06-26,10.00,success
6605,884,2024-05-26,10.00,success
6606,885,2023-10-19,25.00,success
6607,885,2023-09-19,25.00,success
6608,885,2023-08-19,25.00,success
6609,885,2023-07-19,25.00,success
6610,885,2023-06-19,25.00,success
6611,885,2023-05-19,25.00,success
6612,885,2023-04-19,25.00,success
6613,885,2023-03-19,25.00,success
6614,886,2025-02-28,10.00,success
6615,886,2025-01-28,10.00,success
6616,886,2024-12-28,10.00,success
6617,886,2024-11-28,10.00,success
6618,886,2024-10-28,10.00,success
6619,886,2024-09-28,10.00,success
6620,886,2024-08-28,10.00,success
6621,886,2024-07-28,10.00,success
6622,886,2024-06-28,10.00,success
6623,886,2024-05-28,10.00,success
6624,886,2024-04-28,10.00,success
6625,886,2024-03-28,10.00,success
6626,887,2024-02-14,25.00,success
6627,887,2024-01-14,25.00,success
6628,887,2023-12-14,25.00,success
6629,887,2023-11-14,25.00,success
6630,888,2024-12-27,25.00,success
6631,888,2024-11-27,25.00,success
6632,888,2024-10-27,25.00,success
6633,888,2024-09-27,25.00,success
6634,888,2024-08-27,25.00,success
6635,888,2024-07-27,25.00,success
6636,888,2024-06-27,25.00,success
6637,888,2024-05-27,25.00,success
6638,888,2024-04-27,25.00,success
6639,888,2024-03-27,25.00,success
6640,888,2024-02-27,25.00,failed
6641,888,2024-01-27,25.00,success
6642,889,2023-12-14,10.00,success
6643,889,2023-11-14,10.00,success
6644,890,2024-10-03,10.00,success
6645,890,2024-09-03,10.00,success
6646,890,2024-08-03,10.00,success
6647,890,2024-07-03,10.00,success
6648,891,2023-12-10,25.00,success
6649,891,2023-11-10,25.00,success
6650,891,2023-10-10,25.00,success
6651,891,2023-09-10,25.00,success
6652,891,2023-08-10,25.00,success
6653,891,2023-07-10,25.00,success
6654,891,2023-06-10,25.00,success
6655,891,2023-05-10,25.00,success
6656,891,2023-04-10,25.00,success
6657,891,2023-03-10,25.00,success
6658,892,2024-12-23,10.00,success
6659,892,2024-11-23,10.00,success
6660,892,2024-10-23,10.00,success
6661,892,2024-09-23,10.00,success
6662,892,2024-08-23,10.00,success
6663,892,2024-07-23,10.00,success
6664,892,2024-06-23,10.00,success
6665,893,2023-10-21,10.00,success
6666,893,2023-09-21,10.00,success
6667,893,2023-08-21,10.00,success
6668,894,2024-01-29,25.00,success
6669,894,2023-12-29,25.00,success
6670,894,2023-11-29,25.00,success
6671,894,2023-10-29,25.00,success
6672,894,2023-09-29,25.00,success
6673,894,2023-08-29,25.00,success
6674,894,2023-07-29,25.00,success
6675,894,2023-06-29,25.00,success
6676,895,2024-07-13,10.00,success
6677,895,2024-06-13,10.00,success
6678,895,2024-05-13,10.00,success
6679,895,2024-04-13,10.00,success
6680,896,2025-04-18,10.00,success
6681,896,2025-03-18,10.00,success
6682,896,2025-02-18,10.00,success
6683,896,2025-01-18,10.00,success
6684,896,2024-12-18,10.00,success
6685,896,2024-11-18,10.00,success
6686,896,2024-10-18,10.00,success
6687,896,2024-09-18,10.00,success
6688,896,2024-08-18,10.00,failed
6689,896,2024-07-18,10.00,success
6690,896,2024-06-18,10.00,success
6691,896,2024-05-18,10.00,success
6692,897,2023-06-12,10.00,success
6693,897,2023-05-12,10.00,success
6694,898,2023-07-06,10.00,success
6695,898,2023-06-06,10.00,success
6696,898,2023-05-06,10.00,success
6697,898,2023-04-06,10.00,success
6698,898,2023-03-06,10.00,success
6699,898,2023-02-06,10.00,success
6700,899,2023-10-23,25.00,success
6701,899,2023-09-23,25.00,success
6702,899,2023-08-23,25.00,success
6703,899,2023-07-23,25.00,success
6704,900,2024-05-14,25.00,success
6705,900,2024-04-14,25.00,success
6706,900,2024-03-14,25.00,success
6707,900,2024-02-14,25.00,success
6708,901,2024-06-14,10.00,success
6709,901,2024-05-14,10.00,success
6710,901,2024-04-14,10.00,success
6711,901,2024-03-14,10.00,success
6712,901,2024-02-14,10.00,success
6713,901,2024-01-14,10.00,success
6714,901,2023-12-14,10.00,success
6715,901,2023-11-14,10.00,success
6716,901,2023-10-14,10.00,success
6717,901,2023-09-14,10.00,success
6718,901,2023-08-14,10.00,success
6719,901,2023-07-14,10.00,success
6720,902,2024-05-12,10.00,success
6721,902,2024-04-12,10.00,success
6722,902,2024-03-12,10.00,success
6723,902,2024-02-12,10.00,success
6724,903,2025-04-10,10.00,success
6725,903,2025-03-10,10.00,success
6726,903,2025-02-10,10.00,success
6727,903,2025-01-10,10.00,success
6728,903,2024-12-10,10.00,success
6729,903,2024-11-10,10.00,success
6730,903,2024-10-10,10.00,success
6731,903,2024-09-10,10.00,success
6732,903,2024-08-10,10.00,success
6733,903,2024-07-10,10.00,success
6734,903,2024-06-10,10.00,success
6735,904,2025-04-16,25.00,success
6736,904,2025-03-16,25.00,success
6737,904,2025-02-16,25.00,success
6738,904,2025-01-16,25.00,success
6739,904,2024-12-16,25.00,success
6740,904,2024-11-16,25.00,success
6741,904,2024-10-16,25.00,success
6742,904,2024-09-16,25.00,success
6743,904,2024-08-16,25.00,success
6744,904,2024-07-16,25.00,success
6745,905,2024-08-18,25.00,success
6746,905,2024-07-18,25.00,success
6747,905,2024-06-18,25.00,success
6748,905,2024-05-18,25.00,success
6749,905,2024-04-18,25.00,success
6750,906,2024-12-16,10.00,success
6751,906,2024-11-16,10.00,success
6752,906,2024-10-16,10.00,success
6753,906,2024-09-16,10.00,success
6754,906,2024-08-16,10.00,success
6755,906,2024-07-16,10.00,success
6756,906,2024-06-16,10.00,success
6757,906,2024-05-16,10.00,success
6758,906,2024-04-16,10.00,failed
6759,906,2024-03-16,10.00,success
6760,906,2024-02-16,10.00,success
6761,907,2024-02-04,10.00,success
6762,907,2024-01-04,10.00,success
6763,907,2023-12-04,10.00,success
6764,907,2023-11-04,10.00,failed
6765,907,2023-10-04,10.00,success
6766,907,2023-09-04,10.00,success
6767,908,2023-09-02,25.00,success
6768,908,2023-08-02,25.00,success
6769,908,2023-07-02,25.00,success
6770,908,2023-06-02,25.00,success
6771,908,2023-05-02,25.00,success
6772,908,2023-04-02,25.00,success
6773,908,2023-03-02,25.00,success
6774,909,2023-11-18,10.00,success
6775,909,2023-10-18,10.00,success
6776,909,2023-09-18,10.00,success
6777,909,2023-08-18,10.00,success
6778,910,2024-04-09,10.00,success
6779,910,2024-03-09,10.00,success
6780,911,2024-11-15,25.00,success
6781,911,2024-10-15,25.00,success
6782,911,2024-09-15,25.00,success
6783,911,2024-08-15,25.00,success
6784,911,2024-07-15,25.00,success
6785,911,2024-06-15,25.00,success
6786,911,2024-05-15,25.00,success
6787,911,2024-04-15,25.00,success
6788,911,2024-03-15,25.00,success
6789,911,2024-02-15,25.00,success
6790,911,2024-01-15,25.00,success
6791,911,2023-12-15,25.00,success
6792,912,2024-04-20,10.00,success
6793,912,2024-03-20,10.00,success
6794,912,2024-02-20,10.00,success
6795,912,2024-01-20,10.00,success
6796,912,2023-12-20,10.00,failed
6797,912,2023-11-20,10.00,success
6798,912,2023-10-20,10.00,success
6799,912,2023-09-20,10.00,success
6800,912,2023-08-20,10.00,success
6801,912,2023-07-20,10.00,success
6802,912,2023-06-20,10.00,success
6803,912,2023-05-20,10.00,success
6804,913,2024-07-31,10.00,success
6805,913,2024-06-30,10.00,success
6806,913,2024-05-31,10.00,success
6807,913,2024-04-30,10.00,success
6808,913,2024-03-31,10.00,success
6809,913,2024-02-29,10.00,success
6810,913,2024-01-31,10.00,success
6811,913,2023-12-31,10.00,success
6812,913,2023-11-30,10.00,success
6813,913,2023-10-31,10.00,success
6814,913,2023-09-30,10.00,success
6815,913,2023-08-31,10.00,success
6816,914,2025-04-15,10.00,success
6817,914,2025-03-15,10.00,success
6818,914,2025-02-15,10.00,failed
6819,914,2025-01-15,10.00,success
6820,914,2024-12-15,10.00,success
6821,914,2024-11-15,10.00,success
6822,914,2024-10-15,10.00,success
6823,914,2024-09-15,10.00,success
6824,914,2024-08-15,10.00,success
6825,914,2024-07-15,10.00,success
6826,914,2024-06-15,10.00,success
6827,915,2024-03-15,10.00,success
6828,915,2024-02-15,10.00,success
6829,915,2024-01-15,10.00,success
6830,915,2023-12-15,10.00,failed
6831,915,2023-11-15,10.00,success
6832,915,2023-10-15,10.00,success
6833,915,2023-09-15,10.00,success
6834,915,2023-08-15,10.00,success
6835,916,2024-10-10,10.00,success
6836,916,2024-09-10,10.00,success
6837,916,2024-08-10,10.00,success
6838,916,2024-07-10,10.00,success
6839,916,2024-06-10,10.00,success
6840,916,2024-05-10,10.00,success
6841,916,2024-04-10,10.00,success
6842,916,2024-03-10,10.00,success
6843,916,2024-02-10,10.00,success
6844,916,2024-01-10,10.00,success
6845,916,2023-12-10,10.00,success
6846,916,2023-11-10,10.00,success
6847,917,2023-08-14,25.00,success
6848,917,2023-07-14,25.00,success
6849,917,2023-06-14,25.00,success
6850,917,2023-05-14,25.00,success
6851,917,2023-04-14,25.00,success
6852,918,2024-09-23,10.00,success
6853,918,2024-08-23,10.00,success
6854,918,2024-07-23,10.00,success
6855,918,2024-06-23,10.00,success
6856,918,2024-05-23,10.00,success
6857,919,2024-12-17,10.00,success
6858,919,2024-11-17,10.00,success
6859,919,2024-10-17,10.00,success
6860,919,2024-09-17,10.00,success
6861,919,2024-08-17,10.00,success
6862,919,2024-07-17,10.00,success
6863,919,2024-06-17,10.00,success
6864,919,2024-05-17,10.00,success
6865,919,2024-04-17,10.00,success
6866,920,2024-02-24,10.00,success
6867,920,2024-01-24,10.00,success
6868,920,2023-12-24,10.00,success
6869,920,2023-11-24,10.00,success
6870,920,2023-10-24,10.00,success
6871,920,2023-09-24,10.00,success
6872,920,2023-08-24,10.00,success
6873,920,2023-07-24,10.00,success
6874,921,2024-07-15,25.00,success
6875,921,2024-06-15,25.00,success
6876,921,2024-05-15,25.00,success
6877,921,2024-04-15,25.00,success
6878,921,2024-03-15,25.00,success
6879,921,2024-02-15,25.00,success
6880,921,2024-01-15,25.00,success
6881,921,2023-12-15,25.00,success
6882,921,2023-11-15,25.00,success
6883,921,2023-10-15,25.00,success
6884,922,2023-12-10,10.00,success
6885,922,2023-11-10,10.00,success
6886,923,2024-01-17,25.00,success
6887,923,2023-12-17,25.00,success
6888,923,2023-11-17,25.00,success
6889,923,2023-10-17,25.00,success
6890,923,2023-09-17,25.00,success
6891,923,2023-08-17,25.00,success
6892,923,2023-07-17,25.00,success
6893,924,2024-10-25,10.00,success
6894,924,2024-09-25,10.00,success
6895,924,2024-08-25,10.00,success
6896,924,2024-07-25,10.00,success
6897,924,2024-06-25,10.00,success
6898,924,2024-05-25,10.00,success
6899,924,2024-04-25,10.00,success
6900,924,2024-03-25,10.00,success
6901,924,2024-02-25,10.00,success
6902,924,2024-01-25,10.00,success
6903,925,2025-01-03,25.00,success
6904,925,2024-12-03,25.00,success
6905,925,2024-11-03,25.00,success
6906,925,2024-10-03,25.00,success
6907,925,2024-09-03,25.00,success
6908,925,2024-08-03,25.00,success
6909,925,2024-07-03,25.00,success
6910,925,2024-06-03,25.00,success
6911,925,2024-05-03,25.00,success
6912,925,2024-04-03,25.00,success
6913,925,2024-03-03,25.00,success
6914,925,2024-02-03,25.00,success
6915,926,2025-02-09,25.00,success
6916,926,2025-01-09,25.00,success
6917,926,2024-12-09,25.00,success
6918,926,2024-11-09,25.00,success
6919,926,2024-10-09,25.00,success
6920,926,2024-09-09,25.00,success
6921,926,2024-08-09,25.00,success
6922,926,2024-07-09,25.00,success
6923,926,2024-06-09,25.00,success
6924,926,2024-05-09,25.00,success
6925,926,2024-04-09,25.00,success
6926,926,2024-03-09,25.00,success
6927,927,2025-01-09,10.00,success
6928,927,2024-12-09,10.00,success
6929,927,2024-11-09,10.00,success
6930,927,2024-10-09,10.00,success
6931,927,2024-09-09,10.00,failed
6932,927,2024-08-09,10.00,success
6933,927,2024-07-09,10.00,success
6934,927,2024-06-09,10.00,success
6935,927,2024-05-09,10.00,success
6936,927,2024-04-09,10.00,success
6937,927,2024-03-09,10.00,success
6938,928,2024-12-09,10.00,success
6939,928,2024-11-09,10.00,success
6940,928,2024-10-09,10.00,success
6941,928,2024-09-09,10.00,success
6942,928,2024-08-09,10.00,success
6943,928,2024-07-09,10.00,success
6944,928,2024-06-09,10.00,success
6945,928,2024-05-09,10.00,success
6946,929,2023-10-21,25.00,success
6947,929,2023-09-21,25.00,success
6948,929,2023-08-21,25.00,success
6949,929,2023-07-21,25.00,success
6950,929,2023-06-21,25.00,success
6951,929,2023-05-21,25.00,success
6952,929,2023-04-21,25.00,success
6953,929,2023-03-21,25.00,success
6954,930,2024-09-18,25.00,failed
6955,930,2024-08-18,25.00,success
6956,930,2024-07-18,25.00,success
6957,930,2024-06-18,25.00,success
6958,930,2024-05-18,25.00,success
6959,930,2024-04-18,25.00,success
6960,930,2024-03-18,25.00,success
6961,930,2024-02-18,25.00,success
6962,930,2024-01-18,25.00,success
6963,931,2024-06-08,25.00,success
6964,931,2024-05-08,25.00,success
6965,931,2024-04-08,25.00,success
6966,931,2024-03-08,25.00,success
6967,931,2024-02-08,25.00,success
6968,931,2024-01-08,25.00,success
6969,931,2023-12-08,25.00,success
6970,931,2023-11-08,25.00,success
6971,931,2023-10-08,25.00,success
6972,931,2023-09-08,25.00,success
6973,932,2023-10-05,10.00,success
6974,932,2023-09-05,10.00,success
6975,933,2023-11-20,10.00,success
6976,933,2023-10-20,10.00,success
6977,933,2023-09-20,10.00,success
6978,933,2023-08-20,10.00,success
6979,933,2023-07-20,10.00,success
6980,933,2023-06-20,10.00,success
6981,934,2024-02-27,25.00,success
6982,934,2024-01-27,25.00,success
6983,934,2023-12-27,25.00,success
6984,934,2023-11-27,25.00,success
6985,934,2023-10-27,25.00,success
6986,934,2023-09-27,25.00,success
6987,935,2024-09-05,10.00,success
6988,935,2024-08-05,10.00,failed
6989,935,2024-07-05,10.00,success
6990,935,2024-06-05,10.00,success
6991,935,2024-05-05,10.00,success
6992,936,2024-02-29,10.00,success
6993,936,2024-01-29,10.00,success
6994,936,2023-12-29,10.00,success
6995,936,2023-11-29,10.00,success
6996,936,2023-10-29,10.00,success
6997,936,2023-09-29,10.00,success
6998,936,2023-08-29,10.00,success
6999,936,2023-07-29,10.00,success
7000,936,2023-06-29,10.00,success
7001,936,2023-05-29,10.00,success
7002,936,2023-04-29,10.00,success
7003,936,2023-03-29,10.00,success
7004,937,2024-11-25,10.00,success
7005,937,2024-10-25,10.00,success
7006,937,2024-09-25,10.00,success
7007,937,2024-08-25,10.00,success
7008,937,2024-07-25,10.00,success
7009,937,2024-06-25,10.00,success
7010,937,2024-05-25,10.00,success
7011,937,2024-04-25,10.00,success
7012,937,2024-03-25,10.00,success
7013,937,2024-02-25,10.00,success
7014,937,2024-01-25,10.00,success
7015,937,2023-12-25,10.00,success
7016,938,2024-10-31,10.00,success
7017,938,2024-09-30,10.00,success
7018,938,2024-08-31,10.00,success
7019,938,2024-07-31,10.00,success
7020,938,2024-06-30,10.00,success
7021,938,2024-05-31,10.00,success
7022,938,2024-04-30,10.00,success
7023,938,2024-03-31,10.00,success
7024,938,2024-02-29,10.00,success
7025,938,2024-01-31,10.00,success
7026,939,2024-03-13,10.00,success
7027,939,2024-02-13,10.00,failed
7028,939,2024-01-13,10.00,success
7029,939,2023-12-13,10.00,success
7030,939,2023-11-13,10.00,success
7031,939,2023-10-13,10.00,success
7032,940,2023-05-09,25.00,success
7033,940,2023-04-09,25.00,success
7034,940,2023-03-09,25.00,success
7035,941,2024-01-29,25.00,success
7036,941,2023-12-29,25.00,success
7037,941,2023-11-29,25.00,success
7038,941,2023-10-29,25.00,success
7039,941,2023-09-29,25.00,success
7040,941,2023-08-29,25.00,success
7041,941,2023-07-29,25.00,success
7042,941,2023-06-29,25.00,success
7043,941,2023-05-29,25.00,success
7044,941,2023-04-29,25.00,success
7045,941,2023-03-29,25.00,success
7046,942,2024-12-19,10.00,success
7047,942,2024-11-19,10.00,success
7048,942,2024-10-19,10.00,success
7049,942,2024-09-19,10.00,success
7050,942,2024-08-19,10.00,success
7051,942,2024-07-19,10.00,success
7052,943,2024-10-21,25.00,success
7053,943,2024-09-21,25.00,failed
7054,943,2024-08-21,25.00,success
7055,943,2024-07-21,25.00,success
7056,943,2024-06-21,25.00,failed
7057,944,2024-07-29,10.00,success
7058,944,2024-06-29,10.00,success
7059,944,2024-05-29,10.00,success
7060,944,2024-04-29,10.00,success
7061,944,2024-03-29,10.00,success
7062,944,2024-02-29,10.00,success
7063,944,2024-01-29,10.00,success
7064,944,2023-12-29,10.00,success
7065,944,2023-11-29,10.00,success
7066,945,2024-10-15,10.00,success
7067,945,2024-09-15,10.00,success
7068,945,2024-08-15,10.00,success
7069,945,2024-07-15,10.00,success
7070,945,2024-06-15,10.00,success
7071,945,2024-05-15,10.00,success
7072,945,2024-04-15,10.00,success
7073,945,2024-03-15,10.00,success
7074,945,2024-02-15,10.00,success
7075,945,2024-01-15,10.00,success
7076,946,2024-09-16,25.00,success
7077,946,2024-08-16,25.00,success
7078,946,2024-07-16,25.00,success
7079,946,2024-06-16,25.00,success
7080,947,2024-08-01,10.00,success
7081,947,2024-07-01,10.00,success
7082,948,2024-11-01,10.00,success
7083,948,2024-10-01,10.00,success
7084,948,2024-09-01,10.00,success
7085,948,2024-08-01,10.00,success
7086,948,2024-07-01,10.00,success
7087,948,2024-06-01,10.00,failed
7088,948,2024-05-01,10.00,success
7089,948,2024-04-01,10.00,success
7090,948,2024-03-01,10.00,success
7091,948,2024-02-01,10.00,failed
7092,948,2024-01-01,10.00,success
7093,949,2023-11-01,10.00,success
7094,949,2023-10-01,10.00,success
7095,949,2023-09-01,10.00,success
7096,949,2023-08-01,10.00,success
7097,949,2023-07-01,10.00,success
7098,950,2025-01-30,10.00,success
7099,950,2024-12-30,10.00,success
7100,950,2024-11-30,10.00,success
7101,950,2024-10-30,10.00,success
7102,950,2024-09-30,10.00,success
7103,950,2024-08-30,10.00,success
7104,950,2024-07-30,10.00,success
7105,950,2024-06-30,10.00,success
7106,950,2024-05-30,10.00,success
7107,951,2023-10-30,10.00,success
7108,951,2023-09-30,10.00,success
7109,951,2023-08-30,10.00,success
7110,951,2023-07-30,10.00,success
7111,951,2023-06-30,10.00,success
7112,951,2023-05-30,10.00,success
7113,951,2023-04-30,10.00,success
7114,952,2024-03-03,10.00,success
7115,952,2024-02-03,10.00,success
7116,952,2024-01-03,10.00,success
7117,953,2024-08-26,25.00,success
7118,953,2024-07-26,25.00,success
7119,953,2024-06-26,25.00,success
7120,953,2024-05-26,25.00,success
7121,953,2024-04-26,25.00,success
7122,953,2024-03-26,25.00,success
7123,953,2024-02-26,25.00,success
7124,953,2024-01-26,25.00,success
7125,953,2023-12-26,25.00,success
7126,953,2023-11-26,25.00,success
7127,953,2023-10-26,25.00,success
7128,953,2023-09-26,25.00,success
7129,954,2024-05-14,25.00,success
7130,954,2024-04-14,25.00,success
7131,954,2024-03-14,25.00,success
7132,954,2024-02-14,25.00,success
7133,954,2024-01-14,25.00,success
7134,954,2023-12-14,25.00,success
7135,954,2023-11-14,25.00,success
7136,954,2023-10-14,25.00,success
7137,955,2024-04-08,25.00,success
7138,955,2024-03-08,25.00,success
7139,955,2024-02-08,25.00,success
7140,955,2024-01-08,25.00,failed
7141,955,2023-12-08,25.00,success
7142,956,2024-12-13,25.00,success
7143,956,2024-11-13,25.00,success
7144,956,2024-10-13,25.00,success
7145,956,2024-09-13,25.00,success
7146,956,2024-08-13,25.00,success
7147,956,2024-07-13,25.00,success
7148,957,2024-12-30,10.00,success
7149,957,2024-11-30,10.00,failed
7150,957,2024-10-30,10.00,success
7151,957,2024-09-30,10.00,success
7152,957,2024-08-30,10.00,success
7153,957,2024-07-30,10.00,success
7154,957,2024-06-30,10.00,success
7155,957,2024-05-30,10.00,success
7156,957,2024-04-30,10.00,success
7157,958,2023-11-11,10.00,success
7158,958,2023-10-11,10.00,success
7159,958,2023-09-11,10.00,failed
7160,958,2023-08-11,10.00,success
7161,958,2023-07-11,10.00,success
7162,959,2025-01-05,10.00,success
7163,959,2024-12-05,10.00,success
7164,959,2024-11-05,10.00,success
7165,959,2024-10-05,10.00,success
7166,959,2024-09-05,10.00,success
7167,959,2024-08-05,10.00,success
7168,959,2024-07-05,10.00,success
7169,959,2024-06-05,10.00,success
7170,959,2024-05-05,10.00,success
7171,959,2024-04-05,10.00,success
7172,959,2024-03-05,10.00,success
7173,959,2024-02-05,10.00,success
7174,960,2025-03-01,10.00,success
7175,960,2025-02-01,10.00,success
7176,960,2025-01-01,10.00,success
7177,960,2024-12-01,10.00,success
7178,960,2024-11-01,10.00,success
7179,960,2024-10-01,10.00,success
7180,960,2024-09-01,10.00,success
7181,960,2024-08-01,10.00,success
7182,960,2024-07-01,10.00,success
7183,960,2024-06-01,10.00,success
7184,960,2024-05-01,10.00,success
7185,961,2025-02-02,25.00,success
7186,961,2025-01-02,25.00,success
7187,961,2024-12-02,25.00,success
7188,961,2024-11-02,25.00,success
7189,961,2024-10-02,25.00,success
7190,961,2024-09-02,25.00,success
7191,961,2024-08-02,25.00,success
7192,961,2024-07-02,25.00,success
7193,961,2024-06-02,25.00,success
7194,962,2023-11-19,10.00,success
7195,962,2023-10-19,10.00,success
7196,962,2023-09-19,10.00,success
7197,962,2023-08-19,10.00,success
7198,962,2023-07-19,10.00,success
7199,962,2023-06-19,10.00,success
7200,962,2023-05-19,10.00,success
7201,963,2023-03-20,25.00,failed
7202,963,2023-02-20,25.00,success
7203,964,2025-02-06,25.00,success
7204,964,2025-01-06,25.00,success
7205,964,2024-12-06,25.00,success
7206,964,2024-11-06,25.00,success
7207,964,2024-10-06,25.00,success
7208,964,2024-09-06,25.00,success
7209,964,2024-08-06,25.00,success
7210,964,2024-07-06,25.00,success
7211,964,2024-06-06,25.00,success
7212,964,2024-05-06,25.00,success
7213,964,2024-04-06,25.00,success
7214,965,2024-07-19,25.00,success
7215,965,2024-06-19,25.00,success
7216,965,2024-05-19,25.00,success
7217,965,2024-04-19,25.00,success
7218,965,2024-03-19,25.00,success
7219,966,2024-06-25,10.00,success
7220,966,2024-05-25,10.00,success
7221,967,2024-06-07,25.00,success
7222,967,2024-05-07,25.00,success
7223,967,2024-04-07,25.00,success
7224,967,2024-03-07,25.00,success
7225,967,2024-02-07,25.00,success
7226,967,2024-01-07,25.00,success
7227,967,2023-12-07,25.00,success
7228,967,2023-11-07,25.00,success
7229,967,2023-10-07,25.00,success
7230,967,2023-09-07,25.00,success
7231,967,2023-08-07,25.00,success
7232,967,2023-07-07,25.00,success
7233,968,2024-05-08,10.00,success
7234,968,2024-04-08,10.00,success
7235,968,2024-03-08,10.00,success
7236,968,2024-02-08,10.00,success
7237,968,2024-01-08,10.00,success
7238,968,2023-12-08,10.00,success
7239,968,2023-11-08,10.00,success
7240,968,2023-10-08,10.00,success
7241,968,2023-09-08,10.00,success
7242,968,2023-08-08,10.00,success
7243,968,2023-07-08,10.00,success
7244,969,2024-02-17,10.00,success
7245,969,2024-01-17,10.00,success
7246,969,2023-12-17,10.00,success
7247,969,2023-11-17,10.00,success
7248,969,2023-10-17,10.00,success
7249,969,2023-09-17,10.00,success
7250,969,2023-08-17,10.00,success
7251,969,2023-07-17,10.00,success
7252,969,2023-06-17,10.00,success
7253,969,2023-05-17,10.00,success
7254,969,2023-04-17,10.00,success
7255,969,2023-03-17,10.00,success
7256,970,2024-03-19,10.00,success
7257,970,2024-02-19,10.00,success
7258,970,2024-01-19,10.00,success
7259,970,2023-12-19,10.00,success
7260,970,2023-11-19,10.00,success
7261,970,2023-10-19,10.00,success
7262,970,2023-09-19,10.00,success
7263,970,2023-08-19,10.00,success
7264,970,2023-07-19,10.00,success
7265,970,2023-06-19,10.00,success
7266,970,2023-05-19,10.00,success
7267,971,2024-03-18,25.00,success
7268,971,2024-02-18,25.00,success
7269,971,2024-01-18,25.00,success
7270,971,2023-12-18,25.00,failed
7271,971,2023-11-18,25.00,success
7272,971,2023-10-18,25.00,success
7273,972,2023-10-01,25.00,success
7274,972,2023-09-01,25.00,success
7275,972,2023-08-01,25.00,success
7276,972,2023-07-01,25.00,success
7277,972,2023-06-01,25.00,success
7278,972,2023-05-01,25.00,success
7279,973,2023-06-22,10.00,success
7280,973,2023-05-22,10.00,success
7281,973,2023-04-22,10.00,success
7282,973,2023-03-22,10.00,success
7283,973,2023-02-22,10.00,success
7284,973,2023-01-22,10.00,failed
7285,974,2024-02-26,10.00,success
7286,974,2024-01-26,10.00,success
7287,974,2023-12-26,10.00,success
7288,974,2023-11-26,10.00,success
7289,974,2023-10-26,10.00,success
7290,974,2023-09-26,10.00,success
7291,974,2023-08-26,10.00,success
7292,974,2023-07-26,10.00,success
7293,974,2023-06-26,10.00,success
7294,974,2023-05-26,10.00,success
7295,975,2024-03-03,10.00,success
7296,975,2024-02-03,10.00,success
7297,975,2024-01-03,10.00,success
7298,975,2023-12-03,10.00,success
7299,975,2023-11-03,10.00,success
7300,975,2023-10-03,10.00,success
7301,975,2023-09-03,10.00,success
7302,975,2023-08-03,10.00,success
7303,975,2023-07-03,10.00,success
7304,975,2023-06-03,10.00,success
7305,975,2023-05-03,10.00,success
7306,975,2023-04-03,10.00,success
7307,976,2024-11-29,25.00,success
7308,976,2024-10-29,25.00,success
7309,976,2024-09-29,25.00,success
7310,976,2024-08-29,25.00,success
7311,976,2024-07-29,25.00,failed
7312,976,2024-06-29,25.00,success
7313,976,2024-05-29,25.00,success
7314,976,2024-04-29,25.00,success
7315,976,2024-03-29,25.00,success
7316,976,2024-02-29,25.00,success
7317,976,2024-01-29,25.00,success
7318,976,2023-12-29,25.00,success
7319,977,2025-02-21,10.00,failed
7320,977,2025-01-21,10.00,success
7321,977,2024-12-21,10.00,success
7322,977,2024-11-21,10.00,success
7323,977,2024-10-21,10.00,success
7324,977,2024-09-21,10.00,success
7325,977,2024-08-21,10.00,success
7326,977,2024-07-21,10.00,success
7327,977,2024-06-21,10.00,success
7328,977,2024-05-21,10.00,success
7329,977,2024-04-21,10.00,success
7330,977,2024-03-21,10.00,success
7331,978,2023-10-05,10.00,failed
7332,978,2023-09-05,10.00,success
7333,978,2023-08-05,10.00,success
7334,978,2023-07-05,10.00,success
7335,979,2024-03-14,10.00,success
7336,979,2024-02-14,10.00,success
7337,979,2024-01-14,10.00,success
7338,979,2023-12-14,10.00,success
7339,979,2023-11-14,10.00,success
7340,979,2023-10-14,10.00,success
7341,979,2023-09-14,10.00,success
7342,979,2023-08-14,10.00,success
7343,979,2023-07-14,10.00,success
7344,979,2023-06-14,10.00,success
7345,980,2024-03-06,25.00,success
7346,980,2024-02-06,25.00,success
7347,980,2024-01-06,25.00,success
7348,980,2023-12-06,25.00,success
7349,980,2023-11-06,25.00,success
7350,981,2024-02-14,10.00,success
7351,981,2024-01-14,10.00,success
7352,981,2023-12-14,10.00,success
7353,981,2023-11-14,10.00,success
7354,981,2023-10-14,10.00,success
7355,982,2024-05-03,10.00,success
7356,982,2024-04-03,10.00,success
7357,982,2024-03-03,10.00,success
7358,982,2024-02-03,10.00,success
7359,982,2024-01-03,10.00,success
7360,982,2023-12-03,10.00,success
7361,983,2024-05-10,10.00,success
7362,983,2024-04-10,10.00,success
7363,983,2024-03-10,10.00,success
7364,983,2024-02-10,10.00,success
7365,983,2024-01-10,10.00,success
7366,983,2023-12-10,10.00,success
7367,983,2023-11-10,10.00,success
7368,983,2023-10-10,10.00,success
7369,984,2023-10-23,25.00,success
7370,984,2023-09-23,25.00,success
7371,984,2023-08-23,25.00,success
7372,984,2023-07-23,25.00,success
7373,984,2023-06-23,25.00,success
7374,984,2023-05-23,25.00,success
7375,985,2024-09-20,10.00,failed
7376,985,2024-08-20,10.00,success
7377,985,2024-07-20,10.00,success
7378,985,2024-06-20,10.00,success
7379,986,2023-12-28,10.00,success
7380,986,2023-11-28,10.00,success
7381,987,2023-06-08,10.00,success
7382,987,2023-05-08,10.00,success
7383,987,2023-04-08,10.00,failed
7384,988,2024-10-03,10.00,success
7385,988,2024-09-03,10.00,success
7386,988,2024-08-03,10.00,success
7387,988,2024-07-03,10.00,success
7388,988,2024-06-03,10.00,success
7389,988,2024-05-03,10.00,success
7390,988,2024-04-03,10.00,success
7391,988,2024-03-03,10.00,success
7392,988,2024-02-03,10.00,success
7393,988,2024-01-03,10.00,success
7394,988,2023-12-03,10.00,success
7395,989,2023-12-24,10.00,success
7396,989,2023-11-24,10.00,success
7397,990,2024-07-22,10.00,success
7398,990,2024-06-22,10.00,success
7399,990,2024-05-22,10.00,success
7400,990,2024-04-22,10.00,success
7401,990,2024-03-22,10.00,success
7402,990,2024-02-22,10.00,success
7403,990,2024-01-22,10.00,success
7404,990,2023-12-22,10.00,success
7405,990,2023-11-22,10.00,success
7406,991,2024-12-11,10.00,success
7407,991,2024-11-11,10.00,failed
7408,991,2024-10-11,10.00,success
7409,991,2024-09-11,10.00,failed
7410,991,2024-08-11,10.00,success
7411,991,2024-07-11,10.00,success
7412,991,2024-06-11,10.00,success
7413,991,2024-05-11,10.00,success
7414,991,2024-04-11,10.00,success
7415,991,2024-03-11,10.00,success
7416,991,2024-02-11,10.00,success
7417,991,2024-01-11,10.00,success
7418,992,2023-12-15,10.00,success
7419,992,2023-11-15,10.00,success
7420,992,2023-10-15,10.00,failed
7421,992,2023-09-15,10.00,success
7422,992,2023-08-15,10.00,success
7423,993,2025-05-05,25.00,success
7424,993,2025-04-05,25.00,success
7425,993,2025-03-05,25.00,success
7426,993,2025-02-05,25.00,success
7427,993,2025-01-05,25.00,success
7428,993,2024-12-05,25.00,success
7429,993,2024-11-05,25.00,failed
7430,993,2024-10-05,25.00,success
7431,993,2024-09-05,25.00,success
7432,993,2024-08-05,25.00,success
7433,993,2024-07-05,25.00,success
7434,993,2024-06-05,25.00,success
7435,994,2023-12-26,10.00,success
7436,994,2023-11-26,10.00,success
7437,994,2023-10-26,10.00,success
7438,995,2024-02-14,25.00,success
7439,995,2024-01-14,25.00,success
7440,996,2024-07-22,25.00,success
7441,996,2024-06-22,25.00,success
7442,996,2024-05-22,25.00,success
7443,996,2024-04-22,25.00,success
7444,996,2024-03-22,25.00,success
7445,996,2024-02-22,25.00,success
7446,996,2024-01-22,25.00,success
7447,996,2023-12-22,25.00,failed
7448,996,2023-11-22,25.00,success
7449,996,2023-10-22,25.00,success
7450,996,2023-09-22,25.00,success
7451,996,2023-08-22,25.00,success
7452,997,2023-11-05,10.00,success
7453,997,2023-10-05,10.00,success
7454,997,2023-09-05,10.00,success
7455,997,2023-08-05,10.00,success
7456,997,2023-07-05,10.00,success
7457,997,2023-06-05,10.00,success
7458,997,2023-05-05,10.00,success
7459,998,2024-02-27,10.00,success
7460,998,2024-01-27,10.00,success
7461,998,2023-12-27,10.00,success
7462,998,2023-11-27,10.00,success
7463,998,2023-10-27,10.00,success
7464,998,2023-09-27,10.00,success
7465,998,2023-08-27,10.00,success
7466,998,2023-07-27,10.00,success
7467,999,2024-10-11,10.00,success
7468,999,2024-09-11,10.00,success
7469,999,2024-08-11,10.00,success
7470,999,2024-07-11,10.00,success
7471,999,2024-06-11,10.00,success
7472,999,2024-05-11,10.00,success
7473,999,2024-04-11,10.00,success
7474,999,2024-03-11,10.00,failed
7475,999,2024-02-11,10.00,success
7476,999,2024-01-11,10.00,success
7477,999,2023-12-11,10.00,success
7478,999,2023-11-11,10.00,success
7479,1000,2025-01-29,25.00,success
7480,1000,2024-12-29,25.00,success
7481,1000,2024-11-29,25.00,success
7482,1000,2024-10-29,25.00,success
7483,1000,2024-09-29,25.00,success
7484,1000,2024-08-29,25.00,success
7485,1000,2024-07-29,25.00,success
7486,1000,2024-06-29,25.00,failed
7487,1001,2023-10-24,10.00,success
7488,1001,2023-09-24,10.00,success
7489,1001,2023-08-24,10.00,success
7490,1001,2023-07-24,10.00,success
7491,1001,2023-06-24,10.00,success
7492,1001,2023-05-24,10.00,success
7493,1001,2023-04-24,10.00,success
7494,1001,2023-03-24,10.00,success
7495,1002,2024-07-14,25.00,success
7496,1002,2024-06-14,25.00,success
7497,1003,2024-01-11,25.00,success
7498,1003,2023-12-11,25.00,success
7499,1003,2023-11-11,25.00,success
7500,1003,2023-10-11,25.00,failed
7501,1003,2023-09-11,25.00,success
7502,1003,2023-08-11,25.00,success
7503,1004,2024-03-13,10.00,success
7504,1004,2024-02-13,10.00,success
7505,1004,2024-01-13,10.00,success
7506,1004,2023-12-13,10.00,success
7507,1004,2023-11-13,10.00,success
7508,1004,2023-10-13,10.00,success
7509,1004,2023-09-13,10.00,success
7510,1004,2023-08-13,10.00,success
7511,1004,2023-07-13,10.00,success
7512,1004,2023-06-13,10.00,success
7513,1004,2023-05-13,10.00,success
7514,1005,2024-12-01,10.00,success
7515,1005,2024-11-01,10.00,success
7516,1005,2024-10-01,10.00,success
7517,1005,2024-09-01,10.00,success
7518,1005,2024-08-01,10.00,success
7519,1005,2024-07-01,10.00,success
7520,1005,2024-06-01,10.00,success
7521,1006,2024-10-29,10.00,success
7522,1006,2024-09-29,10.00,success
7523,1006,2024-08-29,10.00,success
7524,1006,2024-07-29,10.00,success
7525,1006,2024-06-29,10.00,success
7526,1007,2024-04-18,10.00,success
7527,1007,2024-03-18,10.00,success
7528,1007,2024-02-18,10.00,success
7529,1007,2024-01-18,10.00,success
7530,1008,2025-03-09,25.00,success
7531,1008,2025-02-09,25.00,success
7532,1008,2025-01-09,25.00,success
7533,1008,2024-12-09,25.00,success
7534,1008,2024-11-09,25.00,success
7535,1008,2024-10-09,25.00,success
7536,1008,2024-09-09,25.00,success
7537,1008,2024-08-09,25.00,success
7538,1008,2024-07-09,25.00,success
7539,1008,2024-06-09,25.00,success
7540,1008,2024-05-09,25.00,success
7541,1008,2024-04-09,25.00,success
7542,1009,2024-08-17,25.00,success
7543,1009,2024-07-17,25.00,success
7544,1009,2024-06-17,25.00,success
7545,1009,2024-05-17,25.00,success
7546,1009,2024-04-17,25.00,success
7547,1009,2024-03-17,25.00,failed
7548,1009,2024-02-17,25.00,success
7549,1009,2024-01-17,25.00,success
7550,1010,2024-01-06,25.00,success
7551,1010,2023-12-06,25.00,success
7552,1010,2023-11-06,25.00,success
7553,1010,2023-10-06,25.00,success
7554,1010,2023-09-06,25.00,success
7555,1011,2023-09-06,10.00,success
7556,1011,2023-08-06,10.00,success
7557,1011,2023-07-06,10.00,success
7558,1011,2023-06-06,10.00,failed
7559,1012,2024-09-01,10.00,success
7560,1012,2024-08-01,10.00,success
7561,1012,2024-07-01,10.00,success
7562,1012,2024-06-01,10.00,success
7563,1012,2024-05-01,10.00,success
7564,1012,2024-04-01,10.00,success
7565,1012,2024-03-01,10.00,success
7566,1012,2024-02-01,10.00,success
7567,1012,2024-01-01,10.00,success
7568,1012,2023-12-01,10.00,success
7569,1012,2023-11-01,10.00,success
7570,1012,2023-10-01,10.00,success
7571,1013,2024-06-16,10.00,success
7572,1013,2024-05-16,10.00,success
7573,1014,2024-12-13,25.00,success
7574,1014,2024-11-13,25.00,success
7575,1014,2024-10-13,25.00,success
7576,1014,2024-09-13,25.00,success
7577,1014,2024-08-13,25.00,success
7578,1014,2024-07-13,25.00,success
7579,1014,2024-06-13,25.00,failed
7580,1014,2024-05-13,25.00,success
7581,1014,2024-04-13,25.00,success
7582,1015,2024-11-29,10.00,success
7583,1015,2024-10-29,10.00,success
7584,1015,2024-09-29,10.00,success
7585,1015,2024-08-29,10.00,success
7586,1015,2024-07-29,10.00,success
7587,1015,2024-06-29,10.00,success
7588,1015,2024-05-29,10.00,success
7589,1015,2024-04-29,10.00,success
7590,1015,2024-03-29,10.00,success
7591,1015,2024-02-29,10.00,success
7592,1015,2024-01-29,10.00,success
7593,1015,2023-12-29,10.00,success
7594,1016,2025-01-09,25.00,success
7595,1016,2024-12-09,25.00,success
7596,1016,2024-11-09,25.00,success
7597,1016,2024-10-09,25.00,success
7598,1016,2024-09-09,25.00,success
7599,1016,2024-08-09,25.00,success
7600,1016,2024-07-09,25.00,success
7601,1016,2024-06-09,25.00,success
7602,1016,2024-05-09,25.00,success
7603,1016,2024-04-09,25.00,success
7604,1016,2024-03-09,25.00,success
7605,1017,2024-09-13,10.00,success
7606,1017,2024-08-13,10.00,success
7607,1017,2024-07-13,10.00,success
7608,1017,2024-06-13,10.00,success
7609,1017,2024-05-13,10.00,success
7610,1017,2024-04-13,10.00,success
7611,1017,2024-03-13,10.00,success
7612,1017,2024-02-13,10.00,success
7613,1017,2024-01-13,10.00,success
7614,1017,2023-12-13,10.00,success
7615,1017,2023-11-13,10.00,success
7616,1017,2023-10-13,10.00,success
7617,1018,2025-05-08,10.00,success
7618,1018,2025-04-08,10.00,failed
7619,1018,2025-03-08,10.00,failed
7620,1018,2025-02-08,10.00,success
7621,1018,2025-01-08,10.00,success
7622,1018,2024-12-08,10.00,success
7623,1018,2024-11-08,10.00,success
7624,1018,2024-10-08,10.00,success
7625,1018,2024-09-08,10.00,success
7626,1018,2024-08-08,10.00,failed
7627,1018,2024-07-08,10.00,success
7628,1018,2024-06-08,10.00,success
7629,1019,2024-02-21,10.00,success
7630,1019,2024-01-21,10.00,success
7631,1020,2024-11-14,25.00,failed
7632,1020,2024-10-14,25.00,success
7633,1020,2024-09-14,25.00,success
7634,1020,2024-08-14,25.00,success
7635,1020,2024-07-14,25.00,success
7636,1020,2024-06-14,25.00,success
7637,1020,2024-05-14,25.00,success
7638,1020,2024-04-14,25.00,success
7639,1021,2024-07-26,25.00,success
7640,1021,2024-06-26,25.00,success
7641,1022,2024-08-20,10.00,success
7642,1022,2024-07-20,10.00,success
7643,1023,2023-10-28,10.00,success
7644,1023,2023-09-28,10.00,success
7645,1023,2023-08-28,10.00,success
7646,1023,2023-07-28,10.00,success
7647,1023,2023-06-28,10.00,success
7648,1023,2023-05-28,10.00,success
7649,1023,2023-04-28,10.00,success
7650,1023,2023-03-28,10.00,success
7651,1024,2024-10-25,25.00,success
7652,1024,2024-09-25,25.00,success
7653,1024,2024-08-25,25.00,success
7654,1024,2024-07-25,25.00,success
7655,1024,2024-06-25,25.00,success
7656,1025,2024-02-19,25.00,success
7657,1025,2024-01-19,25.00,success
7658,1025,2023-12-19,25.00,success
7659,1025,2023-11-19,25.00,success
7660,1025,2023-10-19,25.00,success
7661,1025,2023-09-19,25.00,success
7662,1025,2023-08-19,25.00,success
7663,1025,2023-07-19,25.00,success
7664,1025,2023-06-19,25.00,success
7665,1025,2023-05-19,25.00,success
7666,1025,2023-04-19,25.00,success
7667,1025,2023-03-19,25.00,success
7668,1026,2023-12-15,10.00,success
7669,1026,2023-11-15,10.00,success
7670,1026,2023-10-15,10.00,failed
7671,1026,2023-09-15,10.00,success
7672,1026,2023-08-15,10.00,success
7673,1026,2023-07-15,10.00,success
7674,1026,2023-06-15,10.00,success
7675,1026,2023-05-15,10.00,success
7676,1026,2023-04-15,10.00,success
7677,1027,2023-07-16,10.00,success
7678,1027,2023-06-16,10.00,success
7679,1027,2023-05-16,10.00,success
7680,1028,2023-04-17,25.00,success
7681,1028,2023-03-17,25.00,success
7682,1028,2023-02-17,25.00,success
7683,1028,2023-01-17,25.00,success
7684,1029,2024-02-11,10.00,success
7685,1029,2024-01-11,10.00,failed
7686,1029,2023-12-11,10.00,success
7687,1029,2023-11-11,10.00,success
7688,1029,2023-10-11,10.00,success
7689,1029,2023-09-11,10.00,success
7690,1030,2024-07-10,10.00,success
7691,1030,2024-06-10,10.00,success
7692,1030,2024-05-10,10.00,success
7693,1030,2024-04-10,10.00,success
7694,1030,2024-03-10,10.00,success
7695,1030,2024-02-10,10.00,success
7696,1030,2024-01-10,10.00,success
7697,1030,2023-12-10,10.00,success
7698,1030,2023-11-10,10.00,success
7699,1031,2024-03-01,10.00,success
7700,1031,2024-02-01,10.00,success
7701,1031,2024-01-01,10.00,success
7702,1031,2023-12-01,10.00,success
7703,1031,2023-11-01,10.00,success
7704,1031,2023-10-01,10.00,success
7705,1032,2024-12-02,10.00,success
7706,1032,2024-11-02,10.00,success
7707,1032,2024-10-02,10.00,success
7708,1032,2024-09-02,10.00,success
7709,1032,2024-08-02,10.00,success
7710,1032,2024-07-02,10.00,success
7711,1032,2024-06-02,10.00,success
7712,1032,2024-05-02,10.00,success
7713,1032,2024-04-02,10.00,success
7714,1032,2024-03-02,10.00,success
7715,1032,2024-02-02,10.00,success
7716,1032,2024-01-02,10.00,success
7717,1033,2024-11-03,25.00,success
7718,1033,2024-10-03,25.00,failed
7719,1033,2024-09-03,25.00,success
7720,1033,2024-08-03,25.00,success
7721,1033,2024-07-03,25.00,success
7722,1034,2024-08-01,25.00,success
7723,1034,2024-07-01,25.00,success
7724,1034,2024-06-01,25.00,success
7725,1035,2025-01-28,10.00,success
7726,1035,2024-12-28,10.00,success
7727,1035,2024-11-28,10.00,success
7728,1035,2024-10-28,10.00,success
7729,1035,2024-09-28,10.00,success
7730,1035,2024-08-28,10.00,success
7731,1035,2024-07-28,10.00,success
7732,1035,2024-06-28,10.00,success
7733,1035,2024-05-28,10.00,success
7734,1035,2024-04-28,10.00,success
7735,1036,2025-02-17,25.00,success
7736,1036,2025-01-17,25.00,success
7737,1036,2024-12-17,25.00,success
7738,1036,2024-11-17,25.00,success
7739,1036,2024-10-17,25.00,success
7740,1036,2024-09-17,25.00,failed
7741,1036,2024-08-17,25.00,success
7742,1036,2024-07-17,25.00,success
7743,1036,2024-06-17,25.00,success
7744,1036,2024-05-17,25.00,success
7745,1036,2024-04-17,25.00,success
7746,1036,2024-03-17,25.00,success
7747,1037,2024-06-07,25.00,success
7748,1037,2024-05-07,25.00,success
7749,1037,2024-04-07,25.00,failed
7750,1037,2024-03-07,25.00,success
7751,1037,2024-02-07,25.00,success
7752,1037,2024-01-07,25.00,success
7753,1037,2023-12-07,25.00,success
7754,1037,2023-11-07,25.00,success
7755,1037,2023-10-07,25.00,success
7756,1037,2023-09-07,25.00,success
7757,1038,2023-11-05,25.00,success
7758,1038,2023-10-05,25.00,success
7759,1038,2023-09-05,25.00,success
7760,1038,2023-08-05,25.00,failed
7761,1038,2023-07-05,25.00,success
7762,1038,2023-06-05,25.00,success
7763,1038,2023-05-05,25.00,success
7764,1039,2025-04-30,10.00,success
7765,1039,2025-03-31,10.00,success
7766,1039,2025-02-28,10.00,success
7767,1039,2025-01-31,10.00,success
7768,1039,2024-12-31,10.00,failed
7769,1039,2024-11-30,10.00,success
7770,1039,2024-10-31,10.00,success
7771,1039,2024-09-30,10.00,success
7772,1039,2024-08-31,10.00,success
7773,1039,2024-07-31,10.00,success
7774,1039,2024-06-30,10.00,success
7775,1039,2024-05-31,10.00,success
7776,1040,2025-01-09,10.00,success
7777,1040,2024-12-09,10.00,success
7778,1040,2024-11-09,10.00,success
7779,1040,2024-10-09,10.00,success
7780,1040,2024-09-09,10.00,success
7781,1040,2024-08-09,10.00,success
7782,1040,2024-07-09,10.00,success
7783,1041,2024-08-23,10.00,success
7784,1041,2024-07-23,10.00,success
7785,1041,2024-06-23,10.00,success
7786,1041,2024-05-23,10.00,success
7787,1041,2024-04-23,10.00,success
7788,1041,2024-03-23,10.00,success
7789,1041,2024-02-23,10.00,success
7790,1042,2023-12-30,10.00,success
7791,1042,2023-11-30,10.00,success
7792,1042,2023-10-30,10.00,success
7793,1042,2023-09-30,10.00,success
7794,1043,2024-11-30,10.00,success
7795,1043,2024-10-30,10.00,success
7796,1043,2024-09-30,10.00,success
7797,1043,2024-08-30,10.00,success
7798,1043,2024-07-30,10.00,success
7799,1043,2024-06-30,10.00,success
7800,1043,2024-05-30,10.00,success
7801,1043,2024-04-30,10.00,success
7802,1043,2024-03-30,10.00,success
7803,1043,2024-02-29,10.00,success
7804,1043,2024-01-30,10.00,success
7805,1043,2023-12-30,10.00,success
7806,1044,2023-07-22,10.00,success
7807,1044,2023-06-22,10.00,success
7808,1044,2023-05-22,10.00,success
7809,1044,2023-04-22,10.00,success
7810,1044,2023-03-22,10.00,success
7811,1045,2023-12-08,25.00,success
7812,1045,2023-11-08,25.00,success
7813,1045,2023-10-08,25.00,success
7814,1045,2023-09-08,25.00,success
7815,1045,2023-08-08,25.00,success
7816,1046,2024-09-25,10.00,success
7817,1046,2024-08-25,10.00,success
7818,1046,2024-07-25,10.00,success
7819,1046,2024-06-25,10.00,success
7820,1046,2024-05-25,10.00,success
7821,1046,2024-04-25,10.00,success
7822,1046,2024-03-25,10.00,success
7823,1047,2023-10-03,10.00,success
7824,1047,2023-09-03,10.00,success
7825,1047,2023-08-03,10.00,success
7826,1047,2023-07-03,10.00,success
7827,1047,2023-06-03,10.00,success
7828,1047,2023-05-03,10.00,success
7829,1048,2025-02-06,10.00,success
7830,1048,2025-01-06,10.00,success
7831,1048,2024-12-06,10.00,success
7832,1048,2024-11-06,10.00,success
7833,1048,2024-10-06,10.00,success
7834,1048,2024-09-06,10.00,success
7835,1048,2024-08-06,10.00,success
7836,1048,2024-07-06,10.00,failed
7837,1048,2024-06-06,10.00,success
7838,1048,2024-05-06,10.00,success
7839,1048,2024-04-06,10.00,success
7840,1049,2023-08-29,25.00,success
7841,1049,2023-07-29,25.00,success
7842,1050,2025-01-06,10.00,success
7843,1050,2024-12-06,10.00,success
7844,1050,2024-11-06,10.00,success
7845,1050,2024-10-06,10.00,success
7846,1050,2024-09-06,10.00,success
7847,1050,2024-08-06,10.00,success
7848,1050,2024-07-06,10.00,success
7849,1051,2025-01-22,25.00,success
7850,1051,2024-12-22,25.00,success
7851,1051,2024-11-22,25.00,success
7852,1051,2024-10-22,25.00,success
7853,1051,2024-09-22,25.00,success
7854,1051,2024-08-22,25.00,success
7855,1051,2024-07-22,25.00,success
7856,1051,2024-06-22,25.00,success
7857,1052,2025-03-27,25.00,success
7858,1052,2025-02-27,25.00,success
7859,1052,2025-01-27,25.00,success
7860,1052,2024-12-27,25.00,success
7861,1052,2024-11-27,25.00,success
7862,1052,2024-10-27,25.00,success
7863,1052,2024-09-27,25.00,success
7864,1052,2024-08-27,25.00,success
7865,1052,2024-07-27,25.00,success
7866,1052,2024-06-27,25.00,success
7867,1053,2024-06-01,60.00,success
7868,1053,2024-05-01,60.00,success
7869,1053,2024-04-01,60.00,success
7870,1053,2024-03-01,60.00,success
7871,1053,2024-02-01,60.00,success
7872,1054,2024-02-05,25.00,success
7873,1054,2024-01-05,25.00,success
7874,1054,2023-12-05,25.00,success
7875,1054,2023-11-05,25.00,success
7876,1054,2023-10-05,25.00,success
7877,1054,2023-09-05,25.00,success
7878,1054,2023-08-05,25.00,success
7879,1055,2024-07-23,25.00,success
7880,1055,2024-06-23,25.00,success
7881,1055,2024-05-23,25.00,success
7882,1055,2024-04-23,25.00,success
7883,1055,2024-03-23,25.00,success
7884,1055,2024-02-23,25.00,success
7885,1055,2024-01-23,25.00,success
7886,1055,2023-12-23,25.00,success
7887,1055,2023-11-23,25.00,success
7888,1055,2023-10-23,25.00,success
7889,1056,2024-08-18,10.00,success
7890,1056,2024-07-18,10.00,success
7891,1056,2024-06-18,10.00,success
7892,1057,2024-11-22,10.00,failed
7893,1057,2024-10-22,10.00,success
7894,1057,2024-09-22,10.00,success
7895,1057,2024-08-22,10.00,success
7896,1057,2024-07-22,10.00,success
7897,1057,2024-06-22,10.00,success
7898,1057,2024-05-22,10.00,success
7899,1057,2024-04-22,10.00,success
7900,1058,2023-09-26,10.00,success
7901,1058,2023-08-26,10.00,success
7902,1058,2023-07-26,10.00,success
7903,1058,2023-06-26,10.00,success
7904,1058,2023-05-26,10.00,success
7905,1059,2023-09-03,10.00,success
7906,1059,2023-08-03,10.00,success
7907,1059,2023-07-03,10.00,success
7908,1059,2023-06-03,10.00,success
7909,1060,2023-08-08,10.00,success
7910,1060,2023-07-08,10.00,success
7911,1060,2023-06-08,10.00,success
7912,1061,2024-08-23,10.00,success
7913,1061,2024-07-23,10.00,success
7914,1061,2024-06-23,10.00,success
7915,1061,2024-05-23,10.00,success
7916,1061,2024-04-23,10.00,success
7917,1061,2024-03-23,10.00,success
7918,1061,2024-02-23,10.00,success
7919,1061,2024-01-23,10.00,success
7920,1061,2023-12-23,10.00,success
7921,1062,2023-08-11,60.00,success
7922,1062,2023-07-11,60.00,success
7923,1062,2023-06-11,60.00,success
7924,1062,2023-05-11,60.00,failed
7925,1062,2023-04-11,60.00,success
7926,1062,2023-03-11,60.00,success
7927,1062,2023-02-11,60.00,success
7928,1063,2024-01-11,10.00,success
7929,1063,2023-12-11,10.00,success
7930,1063,2023-11-11,10.00,success
7931,1063,2023-10-11,10.00,success
7932,1063,2023-09-11,10.00,success
7933,1063,2023-08-11,10.00,success
7934,1063,2023-07-11,10.00,success
7935,1064,2024-11-15,10.00,success
7936,1064,2024-10-15,10.00,success
7937,1064,2024-09-15,10.00,success
7938,1064,2024-08-15,10.00,success
7939,1064,2024-07-15,10.00,success
7940,1064,2024-06-15,10.00,success
7941,1064,2024-05-15,10.00,failed
7942,1064,2024-04-15,10.00,success
7943,1064,2024-03-15,10.00,success
7944,1064,2024-02-15,10.00,success
7945,1064,2024-01-15,10.00,success
7946,1064,2023-12-15,10.00,success
7947,1065,2024-04-02,10.00,success
7948,1065,2024-03-02,10.00,success
7949,1066,2025-06-05,10.00,success
7950,1066,2025-05-05,10.00,success
7951,1066,2025-04-05,10.00,success
7952,1066,2025-03-05,10.00,success
7953,1066,2025-02-05,10.00,success
7954,1066,2025-01-05,10.00,success
7955,1066,2024-12-05,10.00,success
7956,1066,2024-11-05,10.00,success
7957,1066,2024-10-05,10.00,success
7958,1066,2024-09-05,10.00,success
7959,1066,2024-08-05,10.00,success
7960,1066,2024-07-05,10.00,success
7961,1067,2024-02-08,10.00,success
7962,1067,2024-01-08,10.00,success
7963,1067,2023-12-08,10.00,success
7964,1067,2023-11-08,10.00,success
7965,1067,2023-10-08,10.00,success
7966,1067,2023-09-08,10.00,success
7967,1067,2023-08-08,10.00,success
7968,1068,2023-08-05,25.00,success
7969,1068,2023-07-05,25.00,success
7970,1068,2023-06-05,25.00,success
7971,1069,2024-12-23,25.00,success
7972,1069,2024-11-23,25.00,success
7973,1069,2024-10-23,25.00,success
7974,1069,2024-09-23,25.00,success
7975,1069,2024-08-23,25.00,success
7976,1069,2024-07-23,25.00,success
7977,1069,2024-06-23,25.00,success
7978,1069,2024-05-23,25.00,success
7979,1070,2024-12-03,10.00,success
7980,1070,2024-11-03,10.00,success
7981,1070,2024-10-03,10.00,success
7982,1070,2024-09-03,10.00,success
7983,1070,2024-08-03,10.00,success
7984,1070,2024-07-03,10.00,success
7985,1070,2024-06-03,10.00,failed
7986,1071,2024-04-11,10.00,success
7987,1071,2024-03-11,10.00,success
7988,1071,2024-02-11,10.00,success
7989,1071,2024-01-11,10.00,success
7990,1071,2023-12-11,10.00,success
7991,1071,2023-11-11,10.00,success
7992,1071,2023-10-11,10.00,success
7993,1071,2023-09-11,10.00,success
7994,1071,2023-08-11,10.00,success
7995,1071,2023-07-11,10.00,success
7996,1071,2023-06-11,10.00,success
7997,1072,2023-10-07,10.00,success
7998,1072,2023-09-07,10.00,success
7999,1072,2023-08-07,10.00,success
8000,1072,2023-07-07,10.00,success
8001,1072,2023-06-07,10.00,success
8002,1072,2023-05-07,10.00,success
8003,1072,2023-04-07,10.00,success
8004,1073,2023-07-18,10.00,success
8005,1073,2023-06-18,10.00,success
8006,1073,2023-05-18,10.00,success
8007,1073,2023-04-18,10.00,success
8008,1073,2023-03-18,10.00,success
8009,1074,2023-06-09,10.00,success
8010,1074,2023-05-09,10.00,success
8011,1074,2023-04-09,10.00,success
8012,1074,2023-03-09,10.00,success
8013,1075,2024-01-10,25.00,success
8014,1075,2023-12-10,25.00,success
8015,1075,2023-11-10,25.00,success
8016,1075,2023-10-10,25.00,success
8017,1075,2023-09-10,25.00,success
8018,1075,2023-08-10,25.00,success
8019,1075,2023-07-10,25.00,success
8020,1075,2023-06-10,25.00,success
8021,1075,2023-05-10,25.00,success
8022,1075,2023-04-10,25.00,success
8023,1076,2023-07-10,10.00,success
8024,1076,2023-06-10,10.00,success
8025,1076,2023-05-10,10.00,success
8026,1076,2023-04-10,10.00,success
8027,1076,2023-03-10,10.00,success
8028,1077,2024-04-23,10.00,success
8029,1077,2024-03-23,10.00,success
8030,1077,2024-02-23,10.00,success
8031,1077,2024-01-23,10.00,failed
8032,1077,2023-12-23,10.00,success
8033,1078,2023-07-29,25.00,success
8034,1078,2023-06-29,25.00,success
8035,1078,2023-05-29,25.00,success
8036,1078,2023-04-29,25.00,success
8037,1078,2023-03-29,25.00,success
8038,1079,2024-10-09,10.00,success
8039,1079,2024-09-09,10.00,success
8040,1079,2024-08-09,10.00,success
8041,1079,2024-07-09,10.00,success
8042,1079,2024-06-09,10.00,success
8043,1079,2024-05-09,10.00,success
8044,1079,2024-04-09,10.00,success
8045,1080,2024-04-22,10.00,success
8046,1080,2024-03-22,10.00,success
8047,1080,2024-02-22,10.00,failed
8048,1080,2024-01-22,10.00,success
8049,1080,2023-12-22,10.00,success
8050,1080,2023-11-22,10.00,success
8051,1080,2023-10-22,10.00,success
8052,1080,2023-09-22,10.00,success
8053,1080,2023-08-22,10.00,success
8054,1081,2024-09-25,10.00,success
8055,1081,2024-08-25,10.00,success
8056,1081,2024-07-25,10.00,success
8057,1081,2024-06-25,10.00,success
8058,1081,2024-05-25,10.00,success
8059,1081,2024-04-25,10.00,success
8060,1081,2024-03-25,10.00,success
8061,1081,2024-02-25,10.00,success
8062,1082,2023-10-05,25.00,success
8063,1082,2023-09-05,25.00,success
8064,1082,2023-08-05,25.00,success
8065,1082,2023-07-05,25.00,success
8066,1082,2023-06-05,25.00,success
8067,1082,2023-05-05,25.00,success
8068,1082,2023-04-05,25.00,failed
8069,1082,2023-03-05,25.00,failed
8070,1083,2024-07-07,10.00,failed
8071,1083,2024-06-07,10.00,success
8072,1083,2024-05-07,10.00,success
8073,1083,2024-04-07,10.00,success
8074,1083,2024-03-07,10.00,success
8075,1084,2023-05-29,10.00,success
8076,1084,2023-04-29,10.00,success
8077,1084,2023-03-29,10.00,success
8078,1085,2024-04-27,10.00,success
8079,1085,2024-03-27,10.00,success
8080,1085,2024-02-27,10.00,success
8081,1085,2024-01-27,10.00,success
8082,1085,2023-12-27,10.00,success
8083,1085,2023-11-27,10.00,success
8084,1086,2025-03-13,25.00,success
8085,1086,2025-02-13,25.00,success
8086,1086,2025-01-13,25.00,success
8087,1086,2024-12-13,25.00,success
8088,1086,2024-11-13,25.00,success
8089,1086,2024-10-13,25.00,success
8090,1086,2024-09-13,25.00,success
8091,1086,2024-08-13,25.00,success
8092,1086,2024-07-13,25.00,success
8093,1086,2024-06-13,25.00,success
8094,1086,2024-05-13,25.00,success
8095,1086,2024-04-13,25.00,success
8096,1087,2024-01-30,25.00,success
8097,1087,2023-12-30,25.00,success
8098,1087,2023-11-30,25.00,success
8099,1087,2023-10-30,25.00,success
8100,1087,2023-09-30,25.00,success
8101,1087,2023-08-30,25.00,success
8102,1087,2023-07-30,25.00,failed
8103,1087,2023-06-30,25.00,success
8104,1087,2023-05-30,25.00,success
8105,1088,2024-08-07,10.00,success
8106,1088,2024-07-07,10.00,success
8107,1088,2024-06-07,10.00,success
8108,1088,2024-05-07,10.00,success
8109,1088,2024-04-07,10.00,success
8110,1088,2024-03-07,10.00,success
8111,1089,2024-03-12,25.00,success
8112,1089,2024-02-12,25.00,success
8113,1089,2024-01-12,25.00,success
8114,1089,2023-12-12,25.00,success
8115,1089,2023-11-12,25.00,success
8116,1089,2023-10-12,25.00,success
8117,1089,2023-09-12,25.00,success
8118,1089,2023-08-12,25.00,success
8119,1089,2023-07-12,25.00,success
8120,1089,2023-06-12,25.00,failed
8121,1089,2023-05-12,25.00,success
8122,1089,2023-04-12,25.00,success
8123,1090,2023-10-09,10.00,success
8124,1090,2023-09-09,10.00,success
8125,1090,2023-08-09,10.00,success
8126,1090,2023-07-09,10.00,success
8127,1090,2023-06-09,10.00,success
8128,1090,2023-05-09,10.00,success
8129,1090,2023-04-09,10.00,success
8130,1091,2024-12-26,60.00,success
8131,1091,2024-11-26,60.00,success
8132,1091,2024-10-26,60.00,success
8133,1091,2024-09-26,60.00,success
8134,1091,2024-08-26,60.00,success
8135,1091,2024-07-26,60.00,success
8136,1091,2024-06-26,60.00,success
8137,1091,2024-05-26,60.00,success
8138,1091,2024-04-26,60.00,success
8139,1091,2024-03-26,60.00,failed
8140,1091,2024-02-26,60.00,success
8141,1091,2024-01-26,60.00,success
8142,1092,2023-12-12,10.00,success
8143,1092,2023-11-12,10.00,success
8144,1092,2023-10-12,10.00,success
8145,1092,2023-09-12,10.00,success
8146,1092,2023-08-12,10.00,failed
8147,1092,2023-07-12,10.00,success
8148,1092,2023-06-12,10.00,success
8149,1092,2023-05-12,10.00,success
8150,1092,2023-04-12,10.00,success
8151,1092,2023-03-12,10.00,success
8152,1092,2023-02-12,10.00,success
8153,1093,2024-06-16,10.00,success
8154,1093,2024-05-16,10.00,success
8155,1093,2024-04-16,10.00,success
8156,1093,2024-03-16,10.00,success
8157,1093,2024-02-16,10.00,success
8158,1094,2023-10-31,10.00,success
8159,1094,2023-09-30,10.00,success
8160,1094,2023-08-31,10.00,success
8161,1095,2024-05-13,10.00,success
8162,1095,2024-04-13,10.00,success
8163,1095,2024-03-13,10.00,success
8164,1095,2024-02-13,10.00,success
8165,1095,2024-01-13,10.00,success
8166,1095,2023-12-13,10.00,success
8167,1095,2023-11-13,10.00,success
8168,1095,2023-10-13,10.00,success
8169,1096,2024-06-27,10.00,success
8170,1096,2024-05-27,10.00,success
8171,1096,2024-04-27,10.00,success
8172,1096,2024-03-27,10.00,success
8173,1096,2024-02-27,10.00,success
8174,1096,2024-01-27,10.00,success
8175,1096,2023-12-27,10.00,success
8176,1096,2023-11-27,10.00,success
8177,1096,2023-10-27,10.00,success
8178,1096,2023-09-27,10.00,success
8179,1096,2023-08-27,10.00,success
8180,1096,2023-07-27,10.00,success
8181,1097,2025-02-11,10.00,success
8182,1097,2025-01-11,10.00,success
8183,1097,2024-12-11,10.00,success
8184,1097,2024-11-11,10.00,success
8185,1097,2024-10-11,10.00,success
8186,1097,2024-09-11,10.00,success
8187,1097,2024-08-11,10.00,success
8188,1097,2024-07-11,10.00,success
8189,1097,2024-06-11,10.00,success
8190,1097,2024-05-11,10.00,success
8191,1098,2024-11-07,10.00,success
8192,1098,2024-10-07,10.00,success
8193,1098,2024-09-07,10.00,success
8194,1098,2024-08-07,10.00,success
8195,1098,2024-07-07,10.00,success
8196,1098,2024-06-07,10.00,success
8197,1099,2024-05-14,10.00,success
8198,1099,2024-04-14,10.00,success
8199,1099,2024-03-14,10.00,success
8200,1099,2024-02-14,10.00,success
8201,1099,2024-01-14,10.00,success
8202,1099,2023-12-14,10.00,success
8203,1099,2023-11-14,10.00,success
8204,1099,2023-10-14,10.00,success
8205,1099,2023-09-14,10.00,success
8206,1099,2023-08-14,10.00,success
8207,1099,2023-07-14,10.00,success
8208,1099,2023-06-14,10.00,failed
8209,1100,2024-09-16,25.00,success
8210,1100,2024-08-16,25.00,success
8211,1100,2024-07-16,25.00,success
8212,1100,2024-06-16,25.00,success
8213,1101,2024-11-29,25.00,success
8214,1101,2024-10-29,25.00,success
8215,1101,2024-09-29,25.00,success
8216,1101,2024-08-29,25.00,success
8217,1101,2024-07-29,25.00,success
8218,1101,2024-06-29,25.00,success
8219,1101,2024-05-29,25.00,success
8220,1101,2024-04-29,25.00,failed
8221,1102,2024-11-05,25.00,success
8222,1102,2024-10-05,25.00,success
8223,1102,2024-09-05,25.00,success
8224,1102,2024-08-05,25.00,success
8225,1102,2024-07-05,25.00,success
8226,1102,2024-06-05,25.00,success
8227,1102,2024-05-05,25.00,success
8228,1103,2024-07-25,25.00,success
8229,1103,2024-06-25,25.00,success
8230,1103,2024-05-25,25.00,success
8231,1103,2024-04-25,25.00,failed
8232,1103,2024-03-25,25.00,success
8233,1103,2024-02-25,25.00,success
8234,1104,2024-01-15,25.00,success
8235,1104,2023-12-15,25.00,success
8236,1104,2023-11-15,25.00,success
8237,1104,2023-10-15,25.00,success
8238,1104,2023-09-15,25.00,success
8239,1104,2023-08-15,25.00,success
8240,1104,2023-07-15,25.00,success
8241,1104,2023-06-15,25.00,success
8242,1105,2023-09-20,25.00,success
8243,1105,2023-08-20,25.00,success
8244,1105,2023-07-20,25.00,success
8245,1105,2023-06-20,25.00,success
8246,1105,2023-05-20,25.00,success
8247,1106,2024-04-07,10.00,success
8248,1106,2024-03-07,10.00,success
8249,1106,2024-02-07,10.00,success
8250,1106,2024-01-07,10.00,success
8251,1106,2023-12-07,10.00,success
8252,1106,2023-11-07,10.00,success
8253,1106,2023-10-07,10.00,success
8254,1106,2023-09-07,10.00,success
8255,1107,2025-02-28,10.00,success
8256,1107,2025-01-28,10.00,success
8257,1107,2024-12-28,10.00,success
8258,1107,2024-11-28,10.00,success
8259,1107,2024-10-28,10.00,success
8260,1107,2024-09-28,10.00,success
8261,1107,2024-08-28,10.00,success
8262,1107,2024-07-28,10.00,success
8263,1107,2024-06-28,10.00,success
8264,1108,2024-01-02,10.00,success
8265,1108,2023-12-02,10.00,success
8266,1108,2023-11-02,10.00,success
8267,1108,2023-10-02,10.00,success
8268,1108,2023-09-02,10.00,success
8269,1108,2023-08-02,10.00,success
8270,1108,2023-07-02,10.00,success
8271,1108,2023-06-02,10.00,success
8272,1109,2023-08-03,10.00,success
8273,1109,2023-07-03,10.00,success
8274,1109,2023-06-03,10.00,failed
8275,1109,2023-05-03,10.00,success
8276,1109,2023-04-03,10.00,failed
8277,1109,2023-03-03,10.00,success
8278,1109,2023-02-03,10.00,success
8279,1110,2024-10-15,10.00,success
8280,1110,2024-09-15,10.00,success
8281,1110,2024-08-15,10.00,success
8282,1110,2024-07-15,10.00,success
8283,1110,2024-06-15,10.00,failed
8284,1110,2024-05-15,10.00,success
8285,1110,2024-04-15,10.00,success
8286,1110,2024-03-15,10.00,success
8287,1110,2024-02-15,10.00,success
8288,1110,2024-01-15,10.00,success
8289,1110,2023-12-15,10.00,success
8290,1110,2023-11-15,10.00,success
8291,1111,2024-02-16,60.00,success
8292,1111,2024-01-16,60.00,success
8293,1111,2023-12-16,60.00,success
8294,1111,2023-11-16,60.00,success
8295,1111,2023-10-16,60.00,success
8296,1111,2023-09-16,60.00,success
8297,1111,2023-08-16,60.00,success
8298,1111,2023-07-16,60.00,success
8299,1111,2023-06-16,60.00,success
8300,1111,2023-05-16,60.00,success
8301,1111,2023-04-16,60.00,success
8302,1111,2023-03-16,60.00,success
8303,1112,2024-09-11,10.00,success
8304,1112,2024-08-11,10.00,failed
8305,1112,2024-07-11,10.00,success
8306,1112,2024-06-11,10.00,success
8307,1112,2024-05-11,10.00,success
8308,1113,2024-08-06,10.00,success
8309,1113,2024-07-06,10.00,success
8310,1113,2024-06-06,10.00,success
8311,1113,2024-05-06,10.00,success
8312,1113,2024-04-06,10.00,success
8313,1113,2024-03-06,10.00,success
8314,1113,2024-02-06,10.00,success
8315,1113,2024-01-06,10.00,success
8316,1113,2023-12-06,10.00,success
8317,1114,2024-10-05,10.00,success
8318,1114,2024-09-05,10.00,success
8319,1114,2024-08-05,10.00,success
8320,1114,2024-07-05,10.00,success
8321,1114,2024-06-05,10.00,success
8322,1114,2024-05-05,10.00,success
8323,1114,2024-04-05,10.00,success
8324,1114,2024-03-05,10.00,failed
8325,1114,2024-02-05,10.00,success
8326,1114,2024-01-05,10.00,success
8327,1114,2023-12-05,10.00,success
8328,1115,2023-03-13,10.00,success
8329,1115,2023-02-13,10.00,success
8330,1116,2023-08-21,10.00,success
8331,1116,2023-07-21,10.00,success
8332,1117,2024-10-11,10.00,success
8333,1117,2024-09-11,10.00,success
8334,1117,2024-08-11,10.00,success
8335,1117,2024-07-11,10.00,success
8336,1117,2024-06-11,10.00,success
8337,1117,2024-05-11,10.00,success
8338,1118,2023-10-25,10.00,success
8339,1118,2023-09-25,10.00,success
8340,1118,2023-08-25,10.00,success
8341,1118,2023-07-25,10.00,success
8342,1118,2023-06-25,10.00,success
8343,1118,2023-05-25,10.00,success
8344,1118,2023-04-25,10.00,success
8345,1118,2023-03-25,10.00,success
8346,1118,2023-02-25,10.00,success
8347,1119,2024-03-09,25.00,success
8348,1119,2024-02-09,25.00,success
8349,1119,2024-01-09,25.00,success
8350,1119,2023-12-09,25.00,success
8351,1120,2024-09-28,25.00,success
8352,1120,2024-08-28,25.00,success
8353,1120,2024-07-28,25.00,success
8354,1120,2024-06-28,25.00,success
8355,1120,2024-05-28,25.00,success
8356,1120,2024-04-28,25.00,success
8357,1120,2024-03-28,25.00,success
8358,1120,2024-02-28,25.00,success
8359,1120,2024-01-28,25.00,success
8360,1121,2024-07-27,10.00,success
8361,1121,2024-06-27,10.00,success
8362,1122,2025-01-16,25.00,success
8363,1122,2024-12-16,25.00,success
8364,1122,2024-11-16,25.00,success
8365,1122,2024-10-16,25.00,success
8366,1122,2024-09-16,25.00,success
8367,1122,2024-08-16,25.00,success
8368,1122,2024-07-16,25.00,success
8369,1122,2024-06-16,25.00,failed
8370,1122,2024-05-16,25.00,success
8371,1122,2024-04-16,25.00,success
8372,1122,2024-03-16,25.00,success
8373,1122,2024-02-16,25.00,success
8374,1123,2025-05-01,60.00,success
8375,1123,2025-04-01,60.00,success
8376,1123,2025-03-01,60.00,success
8377,1123,2025-02-01,60.00,success
8378,1123,2025-01-01,60.00,success
8379,1123,2024-12-01,60.00,success
8380,1123,2024-11-01,60.00,success
8381,1123,2024-10-01,60.00,success
8382,1123,2024-09-01,60.00,success
8383,1123,2024-08-01,60.00,success
8384,1123,2024-07-01,60.00,success
8385,1124,2024-08-27,10.00,success
8386,1124,2024-07-27,10.00,success
8387,1124,2024-06-27,10.00,success
8388,1124,2024-05-27,10.00,success
8389,1124,2024-04-27,10.00,success
8390,1124,2024-03-27,10.00,success
8391,1125,2024-07-02,10.00,success
8392,1125,2024-06-02,10.00,success
8393,1125,2024-05-02,10.00,failed
8394,1125,2024-04-02,10.00,failed
8395,1125,2024-03-02,10.00,success
8396,1125,2024-02-02,10.00,success
8397,1125,2024-01-02,10.00,success
8398,1125,2023-12-02,10.00,success
8399,1125,2023-11-02,10.00,success
8400,1126,2023-12-13,25.00,success
8401,1126,2023-11-13,25.00,failed
8402,1126,2023-10-13,25.00,success
8403,1126,2023-09-13,25.00,success
8404,1126,2023-08-13,25.00,success
8405,1126,2023-07-13,25.00,success
8406,1126,2023-06-13,25.00,success
8407,1126,2023-05-13,25.00,success
8408,1127,2023-12-21,25.00,success
8409,1127,2023-11-21,25.00,success
8410,1127,2023-10-21,25.00,success
8411,1127,2023-09-21,25.00,failed
8412,1127,2023-08-21,25.00,success
8413,1127,2023-07-21,25.00,success
8414,1127,2023-06-21,25.00,success
8415,1127,2023-05-21,25.00,success
8416,1127,2023-04-21,25.00,success
8417,1127,2023-03-21,25.00,success
8418,1128,2024-06-30,10.00,success
8419,1128,2024-05-30,10.00,success
8420,1128,2024-04-30,10.00,success
8421,1128,2024-03-30,10.00,success
8422,1128,2024-02-29,10.00,success
8423,1128,2024-01-30,10.00,success
8424,1128,2023-12-30,10.00,success
8425,1128,2023-11-30,10.00,success
8426,1128,2023-10-30,10.00,success
8427,1128,2023-09-30,10.00,success
8428,1129,2023-09-22,10.00,success
8429,1129,2023-08-22,10.00,success
8430,1129,2023-07-22,10.00,success
8431,1129,2023-06-22,10.00,success
8432,1129,2023-05-22,10.00,success
8433,1129,2023-04-22,10.00,success
8434,1130,2024-04-06,25.00,success
8435,1130,2024-03-06,25.00,success
8436,1130,2024-02-06,25.00,success
8437,1130,2024-01-06,25.00,success
8438,1130,2023-12-06,25.00,success
8439,1130,2023-11-06,25.00,success
8440,1130,2023-10-06,25.00,success
8441,1130,2023-09-06,25.00,success
8442,1131,2024-09-22,25.00,success
8443,1131,2024-08-22,25.00,success
8444,1131,2024-07-22,25.00,success
8445,1131,2024-06-22,25.00,success
8446,1131,2024-05-22,25.00,success
8447,1131,2024-04-22,25.00,success
8448,1132,2023-12-11,10.00,success
8449,1132,2023-11-11,10.00,success
8450,1132,2023-10-11,10.00,success
8451,1132,2023-09-11,10.00,failed
8452,1132,2023-08-11,10.00,success
8453,1132,2023-07-11,10.00,success
8454,1132,2023-06-11,10.00,success
8455,1132,2023-05-11,10.00,success
8456,1132,2023-04-11,10.00,success
8457,1133,2024-08-27,10.00,success
8458,1133,2024-07-27,10.00,success
8459,1133,2024-06-27,10.00,success
8460,1133,2024-05-27,10.00,success
8461,1133,2024-04-27,10.00,success
8462,1134,2023-07-11,10.00,success
8463,1134,2023-06-11,10.00,success
8464,1134,2023-05-11,10.00,success
8465,1134,2023-04-11,10.00,success
8466,1134,2023-03-11,10.00,success
8467,1134,2023-02-11,10.00,success
8468,1135,2024-04-25,25.00,success
8469,1135,2024-03-25,25.00,success
8470,1135,2024-02-25,25.00,success
8471,1135,2024-01-25,25.00,success
8472,1135,2023-12-25,25.00,success
8473,1135,2023-11-25,25.00,success
8474,1135,2023-10-25,25.00,success
8475,1135,2023-09-25,25.00,success
8476,1135,2023-08-25,25.00,success
8477,1136,2023-09-05,25.00,success
8478,1136,2023-08-05,25.00,success
8479,1136,2023-07-05,25.00,success
8480,1136,2023-06-05,25.00,success
8481,1136,2023-05-05,25.00,success
8482,1136,2023-04-05,25.00,success
8483,1137,2024-02-16,10.00,failed
8484,1137,2024-01-16,10.00,success
8485,1137,2023-12-16,10.00,failed
8486,1138,2024-04-17,25.00,success
8487,1138,2024-03-17,25.00,success
8488,1138,2024-02-17,25.00,success
8489,1138,2024-01-17,25.00,failed
8490,1138,2023-12-17,25.00,success
8491,1138,2023-11-17,25.00,success
8492,1138,2023-10-17,25.00,success
8493,1138,2023-09-17,25.00,success
8494,1138,2023-08-17,25.00,success
8495,1139,2025-01-07,10.00,success
8496,1139,2024-12-07,10.00,success
8497,1139,2024-11-07,10.00,success
8498,1139,2024-10-07,10.00,success
8499,1139,2024-09-07,10.00,success
8500,1139,2024-08-07,10.00,success
8501,1139,2024-07-07,10.00,success
8502,1139,2024-06-07,10.00,success
8503,1139,2024-05-07,10.00,success
8504,1139,2024-04-07,10.00,success
8505,1139,2024-03-07,10.00,success
8506,1139,2024-02-07,10.00,failed
8507,1140,2024-05-30,10.00,success
8508,1140,2024-04-30,10.00,success
8509,1140,2024-03-30,10.00,success
8510,1140,2024-02-29,10.00,success
8511,1140,2024-01-30,10.00,success
8512,1140,2023-12-30,10.00,success
8513,1140,2023-11-30,10.00,success
8514,1140,2023-10-30,10.00,success
8515,1140,2023-09-30,10.00,success
8516,1140,2023-08-30,10.00,success
8517,1141,2024-01-30,10.00,success
8518,1141,2023-12-30,10.00,success
8519,1141,2023-11-30,10.00,success
8520,1141,2023-10-30,10.00,success
8521,1141,2023-09-30,10.00,success
8522,1141,2023-08-30,10.00,success
8523,1141,2023-07-30,10.00,success
8524,1141,2023-06-30,10.00,success
8525,1141,2023-05-30,10.00,success
8526,1142,2025-02-28,10.00,success
8527,1142,2025-01-31,10.00,success
8528,1142,2024-12-31,10.00,success
8529,1142,2024-11-30,10.00,success
8530,1142,2024-10-31,10.00,success
8531,1142,2024-09-30,10.00,success
8532,1142,2024-08-31,10.00,success
8533,1142,2024-07-31,10.00,success
8534,1142,2024-06-30,10.00,success
8535,1142,2024-05-31,10.00,success
8536,1143,2024-06-26,10.00,success
8537,1143,2024-05-26,10.00,success
8538,1143,2024-04-26,10.00,failed
8539,1143,2024-03-26,10.00,success
8540,1143,2024-02-26,10.00,success
8541,1143,2024-01-26,10.00,success
8542,1143,2023-12-26,10.00,success
8543,1144,2024-12-24,25.00,success
8544,1144,2024-11-24,25.00,success
8545,1144,2024-10-24,25.00,success
8546,1144,2024-09-24,25.00,success
8547,1144,2024-08-24,25.00,success
8548,1144,2024-07-24,25.00,success
8549,1144,2024-06-24,25.00,success
8550,1144,2024-05-24,25.00,success
8551,1145,2023-11-30,60.00,success
8552,1145,2023-10-31,60.00,success
8553,1145,2023-09-30,60.00,success
8554,1145,2023-08-31,60.00,success
8555,1145,2023-07-31,60.00,success
8556,1146,2024-01-08,10.00,success
8557,1146,2023-12-08,10.00,success
8558,1147,2023-10-25,25.00,success
8559,1147,2023-09-25,25.00,success
8560,1147,2023-08-25,25.00,success
8561,1147,2023-07-25,25.00,success
8562,1147,2023-06-25,25.00,success
8563,1147,2023-05-25,25.00,success
8564,1147,2023-04-25,25.00,success
8565,1147,2023-03-25,25.00,success
8566,1147,2023-02-25,25.00,success
8567,1147,2023-01-25,25.00,success
8568,1148,2024-11-13,10.00,success
8569,1148,2024-10-13,10.00,success
8570,1148,2024-09-13,10.00,success
8571,1148,2024-08-13,10.00,success
8572,1148,2024-07-13,10.00,success
8573,1148,2024-06-13,10.00,success
8574,1148,2024-05-13,10.00,success
8575,1148,2024-04-13,10.00,success
8576,1148,2024-03-13,10.00,success
8577,1148,2024-02-13,10.00,success
8578,1148,2024-01-13,10.00,success
8579,1148,2023-12-13,10.00,failed
8580,1149,2023-07-18,25.00,success
8581,1149,2023-06-18,25.00,success
8582,1149,2023-05-18,25.00,success
8583,1149,2023-04-18,25.00,success
8584,1149,2023-03-18,25.00,success
8585,1149,2023-02-18,25.00,success
8586,1149,2023-01-18,25.00,success
8587,1150,2024-08-27,10.00,success
8588,1150,2024-07-27,10.00,failed
8589,1150,2024-06-27,10.00,success
8590,1151,2025-06-05,10.00,success
8591,1151,2025-05-05,10.00,success
8592,1151,2025-04-05,10.00,success
8593,1151,2025-03-05,10.00,success
8594,1151,2025-02-05,10.00,success
8595,1151,2025-01-05,10.00,success
8596,1151,2024-12-05,10.00,success
8597,1151,2024-11-05,10.00,success
8598,1151,2024-10-05,10.00,success
8599,1151,2024-09-05,10.00,success
8600,1151,2024-08-05,10.00,success
8601,1151,2024-07-05,10.00,success
8602,1152,2023-12-16,10.00,success
8603,1152,2023-11-16,10.00,success
8604,1152,2023-10-16,10.00,success
8605,1152,2023-09-16,10.00,success
8606,1152,2023-08-16,10.00,success
8607,1152,2023-07-16,10.00,success
8608,1152,2023-06-16,10.00,success
8609,1152,2023-05-16,10.00,success
8610,1152,2023-04-16,10.00,success
8611,1152,2023-03-16,10.00,success
8612,1153,2024-09-14,25.00,success
8613,1153,2024-08-14,25.00,success
8614,1153,2024-07-14,25.00,success
8615,1153,2024-06-14,25.00,success
8616,1153,2024-05-14,25.00,success
8617,1153,2024-04-14,25.00,success
8618,1153,2024-03-14,25.00,success
8619,1154,2024-03-22,25.00,success
8620,1154,2024-02-22,25.00,success
8621,1154,2024-01-22,25.00,success
8622,1154,2023-12-22,25.00,success
8623,1154,2023-11-22,25.00,success
8624,1154,2023-10-22,25.00,success
8625,1154,2023-09-22,25.00,failed
8626,1154,2023-08-22,25.00,success
8627,1154,2023-07-22,25.00,success
8628,1155,2024-01-07,10.00,success
8629,1155,2023-12-07,10.00,success
8630,1155,2023-11-07,10.00,success
8631,1155,2023-10-07,10.00,success
8632,1155,2023-09-07,10.00,success
8633,1155,2023-08-07,10.00,success
8634,1155,2023-07-07,10.00,success
8635,1155,2023-06-07,10.00,success
8636,1155,2023-05-07,10.00,success
8637,1155,2023-04-07,10.00,success
8638,1155,2023-03-07,10.00,success
8639,1155,2023-02-07,10.00,success
8640,1156,2023-12-05,25.00,success
8641,1156,2023-11-05,25.00,success
8642,1157,2024-02-04,10.00,success
8643,1157,2024-01-04,10.00,success
8644,1157,2023-12-04,10.00,success
8645,1157,2023-11-04,10.00,success
8646,1158,2024-09-07,10.00,success
8647,1158,2024-08-07,10.00,success
8648,1158,2024-07-07,10.00,success
8649,1158,2024-06-07,10.00,failed
8650,1158,2024-05-07,10.00,success
8651,1158,2024-04-07,10.00,success
8652,1158,2024-03-07,10.00,success
8653,1158,2024-02-07,10.00,success
8654,1158,2024-01-07,10.00,success
8655,1158,2023-12-07,10.00,success
8656,1158,2023-11-07,10.00,success
8657,1158,2023-10-07,10.00,success
8658,1159,2023-09-13,10.00,success
8659,1159,2023-08-13,10.00,success
8660,1159,2023-07-13,10.00,success
8661,1159,2023-06-13,10.00,success
8662,1159,2023-05-13,10.00,success
8663,1160,2024-01-30,10.00,success
8664,1160,2023-12-30,10.00,success
8665,1160,2023-11-30,10.00,success
8666,1160,2023-10-30,10.00,success
8667,1160,2023-09-30,10.00,success
8668,1161,2025-01-15,25.00,success
8669,1161,2024-12-15,25.00,success
8670,1161,2024-11-15,25.00,success
8671,1161,2024-10-15,25.00,success
8672,1161,2024-09-15,25.00,success
8673,1161,2024-08-15,25.00,success
8674,1161,2024-07-15,25.00,success
8675,1161,2024-06-15,25.00,success
8676,1161,2024-05-15,25.00,success
8677,1161,2024-04-15,25.00,success
8678,1161,2024-03-15,25.00,success
8679,1161,2024-02-15,25.00,success
8680,1162,2025-05-13,10.00,success
8681,1162,2025-04-13,10.00,success
8682,1162,2025-03-13,10.00,success
8683,1162,2025-02-13,10.00,success
8684,1162,2025-01-13,10.00,success
8685,1162,2024-12-13,10.00,success
8686,1162,2024-11-13,10.00,success
8687,1162,2024-10-13,10.00,success
8688,1162,2024-09-13,10.00,success
8689,1162,2024-08-13,10.00,success
8690,1162,2024-07-13,10.00,success
8691,1162,2024-06-13,10.00,success
8692,1163,2024-08-09,10.00,failed
8693,1163,2024-07-09,10.00,success
8694,1163,2024-06-09,10.00,success
8695,1163,2024-05-09,10.00,success
8696,1163,2024-04-09,10.00,success
8697,1163,2024-03-09,10.00,success
8698,1163,2024-02-09,10.00,success
8699,1163,2024-01-09,10.00,success
8700,1163,2023-12-09,10.00,success
8701,1164,2025-02-01,10.00,success
8702,1164,2025-01-01,10.00,success
8703,1164,2024-12-01,10.00,success
8704,1164,2024-11-01,10.00,success
8705,1164,2024-10-01,10.00,success
8706,1164,2024-09-01,10.00,success
8707,1164,2024-08-01,10.00,success
8708,1164,2024-07-01,10.00,success
8709,1164,2024-06-01,10.00,success
8710,1164,2024-05-01,10.00,success
8711,1164,2024-04-01,10.00,success
8712,1164,2024-03-01,10.00,success
8713,1165,2024-03-09,25.00,success
8714,1165,2024-02-09,25.00,success
8715,1165,2024-01-09,25.00,success
8716,1165,2023-12-09,25.00,success
8717,1165,2023-11-09,25.00,success
8718,1165,2023-10-09,25.00,success
8719,1166,2024-02-02,10.00,success
8720,1166,2024-01-02,10.00,success
8721,1166,2023-12-02,10.00,success
8722,1166,2023-11-02,10.00,success
8723,1166,2023-10-02,10.00,success
8724,1166,2023-09-02,10.00,success
8725,1166,2023-08-02,10.00,success
8726,1167,2024-06-09,10.00,success
8727,1167,2024-05-09,10.00,success
8728,1168,2023-12-02,10.00,success
8729,1168,2023-11-02,10.00,success
8730,1168,2023-10-02,10.00,success
8731,1169,2024-03-07,10.00,success
8732,1169,2024-02-07,10.00,success
8733,1170,2023-11-27,10.00,success
8734,1170,2023-10-27,10.00,success
8735,1170,2023-09-27,10.00,success
8736,1171,2024-06-21,10.00,success
8737,1171,2024-05-21,10.00,success
8738,1172,2023-10-01,10.00,success
8739,1172,2023-09-01,10.00,success
8740,1172,2023-08-01,10.00,success
8741,1172,2023-07-01,10.00,success
8742,1172,2023-06-01,10.00,success
8743,1173,2024-04-13,25.00,success
8744,1173,2024-03-13,25.00,success
8745,1173,2024-02-13,25.00,success
8746,1173,2024-01-13,25.00,success
8747,1173,2023-12-13,25.00,success
8748,1173,2023-11-13,25.00,success
8749,1173,2023-10-13,25.00,failed
8750,1173,2023-09-13,25.00,failed
8751,1173,2023-08-13,25.00,success
8752,1174,2023-09-30,25.00,success
8753,1174,2023-08-30,25.00,success
8754,1174,2023-07-30,25.00,success
8755,1174,2023-06-30,25.00,success
8756,1174,2023-05-30,25.00,success
8757,1175,2024-08-23,25.00,success
8758,1175,2024-07-23,25.00,success
8759,1175,2024-06-23,25.00,success
8760,1175,2024-05-23,25.00,success
8761,1175,2024-04-23,25.00,success
8762,1175,2024-03-23,25.00,success
8763,1175,2024-02-23,25.00,success
8764,1176,2025-02-22,10.00,success
8765,1176,2025-01-22,10.00,success
8766,1176,2024-12-22,10.00,success
8767,1176,2024-11-22,10.00,success
8768,1176,2024-10-22,10.00,success
8769,1176,2024-09-22,10.00,success
8770,1176,2024-08-22,10.00,failed
8771,1176,2024-07-22,10.00,success
8772,1176,2024-06-22,10.00,success
8773,1176,2024-05-22,10.00,success
8774,1177,2024-01-04,10.00,success
8775,1177,2023-12-04,10.00,success
8776,1177,2023-11-04,10.00,success
8777,1177,2023-10-04,10.00,success
8778,1178,2024-06-07,10.00,success
8779,1178,2024-05-07,10.00,success
8780,1178,2024-04-07,10.00,success
8781,1178,2024-03-07,10.00,success
8782,1178,2024-02-07,10.00,success
8783,1178,2024-01-07,10.00,success
8784,1178,2023-12-07,10.00,success
8785,1178,2023-11-07,10.00,failed
8786,1178,2023-10-07,10.00,success
8787,1178,2023-09-07,10.00,success
8788,1178,2023-08-07,10.00,success
8789,1178,2023-07-07,10.00,success
8790,1179,2024-12-03,25.00,success
8791,1179,2024-11-03,25.00,success
8792,1179,2024-10-03,25.00,success
8793,1179,2024-09-03,25.00,success
8794,1179,2024-08-03,25.00,success
8795,1179,2024-07-03,25.00,success
8796,1180,2025-03-14,10.00,success
8797,1180,2025-02-14,10.00,success
8798,1180,2025-01-14,10.00,success
8799,1180,2024-12-14,10.00,success
8800,1180,2024-11-14,10.00,success
8801,1180,2024-10-14,10.00,success
8802,1180,2024-09-14,10.00,success
8803,1180,2024-08-14,10.00,success
8804,1180,2024-07-14,10.00,success
8805,1180,2024-06-14,10.00,success
8806,1180,2024-05-14,10.00,success
8807,1180,2024-04-14,10.00,success
8808,1181,2024-05-02,10.00,success
8809,1181,2024-04-02,10.00,success
8810,1181,2024-03-02,10.00,success
8811,1181,2024-02-02,10.00,success
8812,1181,2024-01-02,10.00,success
8813,1181,2023-12-02,10.00,success
8814,1181,2023-11-02,10.00,success
8815,1181,2023-10-02,10.00,success
8816,1182,2023-04-21,10.00,success
8817,1182,2023-03-21,10.00,success
8818,1182,2023-02-21,10.00,success
8819,1183,2024-04-16,10.00,success
8820,1183,2024-03-16,10.00,success
8821,1183,2024-02-16,10.00,success
8822,1183,2024-01-16,10.00,success
8823,1183,2023-12-16,10.00,success
8824,1183,2023-11-16,10.00,failed
8825,1183,2023-10-16,10.00,success
8826,1183,2023-09-16,10.00,success
8827,1184,2023-03-16,10.00,success
8828,1184,2023-02-16,10.00,success
8829,1185,2024-08-25,10.00,success
8830,1185,2024-07-25,10.00,success
8831,1185,2024-06-25,10.00,success
8832,1185,2024-05-25,10.00,success
8833,1186,2023-07-16,10.00,success
8834,1186,2023-06-16,10.00,success
8835,1186,2023-05-16,10.00,success
8836,1186,2023-04-16,10.00,success
8837,1187,2024-06-07,10.00,success
8838,1187,2024-05-07,10.00,success
8839,1187,2024-04-07,10.00,success
8840,1187,2024-03-07,10.00,success
8841,1187,2024-02-07,10.00,success
8842,1187,2024-01-07,10.00,success
8843,1187,2023-12-07,10.00,success
8844,1187,2023-11-07,10.00,success
8845,1188,2025-01-27,25.00,success
8846,1188,2024-12-27,25.00,success
8847,1188,2024-11-27,25.00,success
8848,1188,2024-10-27,25.00,success
8849,1188,2024-09-27,25.00,success
8850,1188,2024-08-27,25.00,success
8851,1188,2024-07-27,25.00,success
8852,1188,2024-06-27,25.00,success
8853,1188,2024-05-27,25.00,success
8854,1188,2024-04-27,25.00,success
8855,1188,2024-03-27,25.00,success
8856,1188,2024-02-27,25.00,success
8857,1189,2024-06-20,10.00,success
8858,1189,2024-05-20,10.00,success
8859,1189,2024-04-20,10.00,success
8860,1189,2024-03-20,10.00,success
8861,1189,2024-02-20,10.00,success
8862,1189,2024-01-20,10.00,failed
8863,1190,2024-12-23,10.00,success
8864,1190,2024-11-23,10.00,success
8865,1190,2024-10-23,10.00,success
8866,1190,2024-09-23,10.00,success
8867,1190,2024-08-23,10.00,success
8868,1190,2024-07-23,10.00,success
8869,1190,2024-06-23,10.00,failed
8870,1190,2024-05-23,10.00,success
8871,1191,2023-11-25,10.00,success
8872,1191,2023-10-25,10.00,success
8873,1191,2023-09-25,10.00,success
8874,1191,2023-08-25,10.00,success
8875,1191,2023-07-25,10.00,success
8876,1191,2023-06-25,10.00,success
8877,1191,2023-05-25,10.00,success
8878,1191,2023-04-25,10.00,success
8879,1191,2023-03-25,10.00,success
8880,1191,2023-02-25,10.00,success
8881,1191,2023-01-25,10.00,success
8882,1192,2024-01-16,10.00,success
8883,1192,2023-12-16,10.00,success
8884,1192,2023-11-16,10.00,success
8885,1192,2023-10-16,10.00,success
8886,1192,2023-09-16,10.00,success
8887,1192,2023-08-16,10.00,success
8888,1192,2023-07-16,10.00,success
8889,1192,2023-06-16,10.00,success
8890,1192,2023-05-16,10.00,failed
8891,1193,2024-10-01,10.00,success
8892,1193,2024-09-01,10.00,success
8893,1193,2024-08-01,10.00,success
8894,1193,2024-07-01,10.00,success
8895,1193,2024-06-01,10.00,success
8896,1193,2024-05-01,10.00,success
8897,1193,2024-04-01,10.00,failed
8898,1193,2024-03-01,10.00,success
8899,1193,2024-02-01,10.00,success
8900,1193,2024-01-01,10.00,success
8901,1194,2023-12-02,10.00,success
8902,1194,2023-11-02,10.00,success
8903,1194,2023-10-02,10.00,success
8904,1194,2023-09-02,10.00,success
8905,1195,2023-09-09,25.00,success
8906,1195,2023-08-09,25.00,success
8907,1195,2023-07-09,25.00,success
8908,1195,2023-06-09,25.00,success
8909,1195,2023-05-09,25.00,success
8910,1195,2023-04-09,25.00,success
8911,1196,2023-11-21,10.00,success
8912,1196,2023-10-21,10.00,success
8913,1196,2023-09-21,10.00,success
8914,1196,2023-08-21,10.00,success
8915,1196,2023-07-21,10.00,success
8916,1196,2023-06-21,10.00,success
8917,1197,2023-12-12,25.00,success
8918,1197,2023-11-12,25.00,success
8919,1197,2023-10-12,25.00,success
8920,1197,2023-09-12,25.00,success
8921,1198,2024-03-07,25.00,success
8922,1198,2024-02-07,25.00,success
8923,1198,2024-01-07,25.00,success
8924,1198,2023-12-07,25.00,success
8925,1198,2023-11-07,25.00,success
8926,1198,2023-10-07,25.00,success
8927,1198,2023-09-07,25.00,success
8928,1198,2023-08-07,25.00,success
8929,1198,2023-07-07,25.00,success
8930,1199,2024-05-08,10.00,success
8931,1199,2024-04-08,10.00,success
8932,1199,2024-03-08,10.00,success
8933,1199,2024-02-08,10.00,success
8934,1199,2024-01-08,10.00,success
8935,1200,2024-03-14,25.00,success
8936,1200,2024-02-14,25.00,success
8937,1200,2024-01-14,25.00,success
8938,1200,2023-12-14,25.00,success
8939,1200,2023-11-14,25.00,success
8940,1200,2023-10-14,25.00,success
8941,1200,2023-09-14,25.00,success
8942,1201,2023-09-01,10.00,success
8943,1201,2023-08-01,10.00,failed
8944,1201,2023-07-01,10.00,success
8945,1201,2023-06-01,10.00,success
8946,1201,2023-05-01,10.00,success
8947,1201,2023-04-01,10.00,success
8948,1201,2023-03-01,10.00,success
8949,1202,2023-11-08,25.00,success
8950,1202,2023-10-08,25.00,success
8951,1202,2023-09-08,25.00,success
8952,1202,2023-08-08,25.00,success
8953,1202,2023-07-08,25.00,success
8954,1203,2024-08-04,25.00,success
8955,1203,2024-07-04,25.00,success
8956,1203,2024-06-04,25.00,success
8957,1203,2024-05-04,25.00,success
8958,1203,2024-04-04,25.00,failed
8959,1204,2023-10-08,25.00,success
8960,1204,2023-09-08,25.00,success
8961,1204,2023-08-08,25.00,success
8962,1204,2023-07-08,25.00,success
8963,1204,2023-06-08,25.00,success
8964,1204,2023-05-08,25.00,success
8965,1204,2023-04-08,25.00,success
8966,1204,2023-03-08,25.00,success
8967,1205,2024-09-28,25.00,success
8968,1205,2024-08-28,25.00,failed
8969,1205,2024-07-28,25.00,success
8970,1205,2024-06-28,25.00,success
8971,1205,2024-05-28,25.00,success
8972,1205,2024-04-28,25.00,success
8973,1205,2024-03-28,25.00,success
8974,1205,2024-02-28,25.00,success
8975,1205,2024-01-28,25.00,success
8976,1205,2023-12-28,25.00,success
8977,1205,2023-11-28,25.00,success
8978,1206,2024-02-16,10.00,success
8979,1206,2024-01-16,10.00,failed
8980,1206,2023-12-16,10.00,success
8981,1206,2023-11-16,10.00,success
8982,1207,2023-12-14,25.00,success
8983,1207,2023-11-14,25.00,success
8984,1207,2023-10-14,25.00,success
8985,1208,2025-02-26,10.00,success
8986,1208,2025-01-26,10.00,success
8987,1208,2024-12-26,10.00,success
8988,1208,2024-11-26,10.00,success
8989,1208,2024-10-26,10.00,success
8990,1208,2024-09-26,10.00,success
8991,1208,2024-08-26,10.00,success
8992,1208,2024-07-26,10.00,failed
8993,1208,2024-06-26,10.00,success
8994,1208,2024-05-26,10.00,success
8995,1208,2024-04-26,10.00,success
8996,1208,2024-03-26,10.00,success
8997,1209,2024-02-24,25.00,success
8998,1209,2024-01-24,25.00,success
8999,1209,2023-12-24,25.00,success
9000,1209,2023-11-24,25.00,success
9001,1209,2023-10-24,25.00,success
9002,1209,2023-09-24,25.00,success
9003,1209,2023-08-24,25.00,success
9004,1209,2023-07-24,25.00,success
9005,1210,2024-09-12,60.00,success
9006,1210,2024-08-12,60.00,success
9007,1210,2024-07-12,60.00,success
9008,1210,2024-06-12,60.00,success
9009,1210,2024-05-12,60.00,success
9010,1210,2024-04-12,60.00,success
9011,1211,2024-02-01,10.00,success
9012,1211,2024-01-01,10.00,success
9013,1211,2023-12-01,10.00,failed
9014,1211,2023-11-01,10.00,success
9015,1211,2023-10-01,10.00,success
9016,1211,2023-09-01,10.00,success
9017,1211,2023-08-01,10.00,success
9018,1211,2023-07-01,10.00,success
9019,1211,2023-06-01,10.00,success
9020,1211,2023-05-01,10.00,success
9021,1211,2023-04-01,10.00,success
9022,1211,2023-03-01,10.00,success
9023,1212,2024-03-16,10.00,success
9024,1212,2024-02-16,10.00,success
9025,1212,2024-01-16,10.00,success
9026,1212,2023-12-16,10.00,success
9027,1212,2023-11-16,10.00,success
9028,1212,2023-10-16,10.00,success
9029,1212,2023-09-16,10.00,success
9030,1212,2023-08-16,10.00,success
9031,1212,2023-07-16,10.00,success
9032,1213,2024-09-19,10.00,success
9033,1213,2024-08-19,10.00,success
9034,1213,2024-07-19,10.00,success
9035,1213,2024-06-19,10.00,success
9036,1213,2024-05-19,10.00,success
9037,1213,2024-04-19,10.00,success
9038,1213,2024-03-19,10.00,success
9039,1213,2024-02-19,10.00,success
9040,1213,2024-01-19,10.00,success
9041,1213,2023-12-19,10.00,success
9042,1213,2023-11-19,10.00,success
9043,1214,2024-01-12,10.00,success
9044,1214,2023-12-12,10.00,success
9045,1214,2023-11-12,10.00,success
9046,1214,2023-10-12,10.00,success
9047,1214,2023-09-12,10.00,success
9048,1215,2024-09-29,10.00,success
9049,1215,2024-08-29,10.00,success
9050,1215,2024-07-29,10.00,failed
9051,1215,2024-06-29,10.00,success
9052,1215,2024-05-29,10.00,success
9053,1216,2024-07-25,10.00,success
9054,1216,2024-06-25,10.00,success
9055,1216,2024-05-25,10.00,success
9056,1216,2024-04-25,10.00,success
9057,1216,2024-03-25,10.00,success
9058,1216,2024-02-25,10.00,success
9059,1216,2024-01-25,10.00,success
9060,1217,2025-03-04,10.00,success
9061,1217,2025-02-04,10.00,success
9062,1217,2025-01-04,10.00,success
9063,1217,2024-12-04,10.00,success
9064,1217,2024-11-04,10.00,success
9065,1217,2024-10-04,10.00,success
9066,1217,2024-09-04,10.00,success
9067,1217,2024-08-04,10.00,success
9068,1217,2024-07-04,10.00,success
9069,1217,2024-06-04,10.00,success
9070,1217,2024-05-04,10.00,success
9071,1217,2024-04-04,10.00,success
9072,1218,2023-12-21,25.00,success
9073,1218,2023-11-21,25.00,success
9074,1218,2023-10-21,25.00,success
9075,1218,2023-09-21,25.00,success
9076,1218,2023-08-21,25.00,success
9077,1218,2023-07-21,25.00,success
9078,1218,2023-06-21,25.00,success
9079,1218,2023-05-21,25.00,success
9080,1218,2023-04-21,25.00,success
9081,1218,2023-03-21,25.00,success
9082,1218,2023-02-21,25.00,success
9083,1218,2023-01-21,25.00,success
9084,1219,2023-12-11,10.00,success
9085,1219,2023-11-11,10.00,success
9086,1219,2023-10-11,10.00,success
9087,1219,2023-09-11,10.00,success
9088,1219,2023-08-11,10.00,success
9089,1220,2024-06-21,25.00,success
9090,1220,2024-05-21,25.00,success
9091,1220,2024-04-21,25.00,success
9092,1220,2024-03-21,25.00,success
9093,1220,2024-02-21,25.00,success
9094,1220,2024-01-21,25.00,success
9095,1220,2023-12-21,25.00,failed
9096,1220,2023-11-21,25.00,success
9097,1220,2023-10-21,25.00,success
9098,1220,2023-09-21,25.00,success
9099,1220,2023-08-21,25.00,success
9100,1220,2023-07-21,25.00,success
9101,1221,2024-03-25,10.00,success
9102,1221,2024-02-25,10.00,success
9103,1221,2024-01-25,10.00,success
9104,1221,2023-12-25,10.00,success
9105,1221,2023-11-25,10.00,success
9106,1221,2023-10-25,10.00,success
9107,1221,2023-09-25,10.00,success
9108,1221,2023-08-25,10.00,success
9109,1221,2023-07-25,10.00,success
9110,1221,2023-06-25,10.00,success
9111,1221,2023-05-25,10.00,success
9112,1222,2024-03-19,10.00,success
9113,1222,2024-02-19,10.00,success
9114,1222,2024-01-19,10.00,success
9115,1222,2023-12-19,10.00,success
9116,1222,2023-11-19,10.00,success
9117,1222,2023-10-19,10.00,failed
9118,1222,2023-09-19,10.00,success
9119,1223,2023-05-08,10.00,success
9120,1223,2023-04-08,10.00,success
9121,1223,2023-03-08,10.00,success
9122,1223,2023-02-08,10.00,success
9123,1224,2024-09-08,10.00,success
9124,1224,2024-08-08,10.00,success
9125,1224,2024-07-08,10.00,success
9126,1224,2024-06-08,10.00,failed
9127,1224,2024-05-08,10.00,success
9128,1224,2024-04-08,10.00,success
9129,1224,2024-03-08,10.00,success
9130,1224,2024-02-08,10.00,success
9131,1224,2024-01-08,10.00,success
9132,1224,2023-12-08,10.00,success
9133,1224,2023-11-08,10.00,success
9134,1224,2023-10-08,10.00,success
9135,1225,2023-03-19,25.00,success
9136,1225,2023-02-19,25.00,success
9137,1226,2024-02-14,25.00,success
9138,1226,2024-01-14,25.00,success
9139,1226,2023-12-14,25.00,success
9140,1226,2023-11-14,25.00,success
9141,1226,2023-10-14,25.00,success
9142,1226,2023-09-14,25.00,success
9143,1226,2023-08-14,25.00,success
9144,1226,2023-07-14,25.00,success
9145,1226,2023-06-14,25.00,success
9146,1226,2023-05-14,25.00,success
9147,1227,2024-08-04,25.00,success
9148,1227,2024-07-04,25.00,failed
9149,1227,2024-06-04,25.00,success
9150,1227,2024-05-04,25.00,success
9151,1227,2024-04-04,25.00,success
9152,1227,2024-03-04,25.00,success
9153,1227,2024-02-04,25.00,success
9154,1227,2024-01-04,25.00,success
9155,1227,2023-12-04,25.00,success
9156,1227,2023-11-04,25.00,success
9157,1227,2023-10-04,25.00,success
9158,1228,2025-02-03,10.00,success
9159,1228,2025-01-03,10.00,success
9160,1228,2024-12-03,10.00,success
9161,1228,2024-11-03,10.00,success
9162,1228,2024-10-03,10.00,success
9163,1228,2024-09-03,10.00,success
9164,1228,2024-08-03,10.00,success
9165,1228,2024-07-03,10.00,success
9166,1229,2024-10-14,10.00,success
9167,1229,2024-09-14,10.00,success
9168,1229,2024-08-14,10.00,success
9169,1229,2024-07-14,10.00,failed
9170,1229,2024-06-14,10.00,success
9171,1229,2024-05-14,10.00,success
9172,1229,2024-04-14,10.00,success
9173,1229,2024-03-14,10.00,success
9174,1229,2024-02-14,10.00,success
9175,1229,2024-01-14,10.00,success
9176,1229,2023-12-14,10.00,success
9177,1230,2024-06-28,10.00,success
9178,1230,2024-05-28,10.00,success
9179,1230,2024-04-28,10.00,success
9180,1230,2024-03-28,10.00,success
9181,1230,2024-02-28,10.00,success
9182,1230,2024-01-28,10.00,success
9183,1230,2023-12-28,10.00,success
9184,1230,2023-11-28,10.00,success
9185,1231,2023-09-12,10.00,success
9186,1231,2023-08-12,10.00,success
9187,1231,2023-07-12,10.00,success
9188,1231,2023-06-12,10.00,success
9189,1232,2025-02-01,10.00,success
9190,1232,2025-01-01,10.00,success
9191,1232,2024-12-01,10.00,success
9192,1232,2024-11-01,10.00,success
9193,1232,2024-10-01,10.00,success
9194,1232,2024-09-01,10.00,success
9195,1232,2024-08-01,10.00,success
9196,1232,2024-07-01,10.00,success
9197,1232,2024-06-01,10.00,success
9198,1233,2023-06-18,10.00,success
9199,1233,2023-05-18,10.00,success
9200,1233,2023-04-18,10.00,success
9201,1233,2023-03-18,10.00,success
9202,1233,2023-02-18,10.00,success
9203,1234,2023-10-04,10.00,success
9204,1234,2023-09-04,10.00,success
9205,1234,2023-08-04,10.00,success
9206,1234,2023-07-04,10.00,failed
9207,1234,2023-06-04,10.00,success
9208,1234,2023-05-04,10.00,success
9209,1234,2023-04-04,10.00,success
9210,1234,2023-03-04,10.00,success
9211,1235,2023-11-16,10.00,success
9212,1235,2023-10-16,10.00,success
9213,1235,2023-09-16,10.00,success
9214,1235,2023-08-16,10.00,success
9215,1235,2023-07-16,10.00,success
9216,1235,2023-06-16,10.00,success
9217,1235,2023-05-16,10.00,success
9218,1235,2023-04-16,10.00,success
9219,1235,2023-03-16,10.00,success
9220,1235,2023-02-16,10.00,success
9221,1235,2023-01-16,10.00,success
9222,1236,2024-06-07,10.00,success
9223,1236,2024-05-07,10.00,success
9224,1236,2024-04-07,10.00,success
9225,1237,2023-12-28,10.00,success
9226,1237,2023-11-28,10.00,success
9227,1237,2023-10-28,10.00,success
9228,1237,2023-09-28,10.00,success
9229,1237,2023-08-28,10.00,success
9230,1237,2023-07-28,10.00,success
9231,1237,2023-06-28,10.00,success
9232,1237,2023-05-28,10.00,success
9233,1237,2023-04-28,10.00,success
9234,1237,2023-03-28,10.00,success
9235,1237,2023-02-28,10.00,success
9236,1238,2024-02-15,10.00,success
9237,1238,2024-01-15,10.00,success
9238,1238,2023-12-15,10.00,success
9239,1238,2023-11-15,10.00,success
9240,1238,2023-10-15,10.00,success
9241,1238,2023-09-15,10.00,success
9242,1238,2023-08-15,10.00,failed
9243,1239,2024-07-29,10.00,success
9244,1239,2024-06-29,10.00,failed
9245,1239,2024-05-29,10.00,success
9246,1239,2024-04-29,10.00,success
9247,1239,2024-03-29,10.00,success
9248,1239,2024-02-29,10.00,success
9249,1239,2024-01-29,10.00,success
9250,1239,2023-12-29,10.00,success
9251,1239,2023-11-29,10.00,success
9252,1240,2024-02-23,25.00,success
9253,1240,2024-01-23,25.00,success
9254,1240,2023-12-23,25.00,success
9255,1240,2023-11-23,25.00,success
9256,1240,2023-10-23,25.00,success
9257,1240,2023-09-23,25.00,success
9258,1241,2024-10-10,10.00,success
9259,1241,2024-09-10,10.00,success
9260,1241,2024-08-10,10.00,success
9261,1241,2024-07-10,10.00,success
9262,1241,2024-06-10,10.00,success
9263,1241,2024-05-10,10.00,success
9264,1241,2024-04-10,10.00,success
9265,1241,2024-03-10,10.00,success
9266,1241,2024-02-10,10.00,success
9267,1242,2024-06-13,25.00,success
9268,1242,2024-05-13,25.00,success
9269,1243,2023-09-12,10.00,failed
9270,1243,2023-08-12,10.00,success
9271,1243,2023-07-12,10.00,success
9272,1243,2023-06-12,10.00,success
9273,1243,2023-05-12,10.00,success
9274,1243,2023-04-12,10.00,success
9275,1244,2024-02-13,10.00,success
9276,1244,2024-01-13,10.00,success
9277,1244,2023-12-13,10.00,success
9278,1244,2023-11-13,10.00,success
9279,1244,2023-10-13,10.00,success
9280,1245,2024-04-21,10.00,success
9281,1245,2024-03-21,10.00,success
9282,1246,2024-03-21,10.00,success
9283,1246,2024-02-21,10.00,success
9284,1246,2024-01-21,10.00,success
9285,1246,2023-12-21,10.00,success
9286,1246,2023-11-21,10.00,success
9287,1246,2023-10-21,10.00,success
9288,1246,2023-09-21,10.00,success
9289,1246,2023-08-21,10.00,success
9290,1247,2024-06-28,10.00,success
9291,1247,2024-05-28,10.00,success
9292,1247,2024-04-28,10.00,success
9293,1247,2024-03-28,10.00,success
9294,1247,2024-02-28,10.00,success
9295,1247,2024-01-28,10.00,success
9296,1247,2023-12-28,10.00,success
9297,1247,2023-11-28,10.00,success
9298,1247,2023-10-28,10.00,success
9299,1247,2023-09-28,10.00,success
9300,1247,2023-08-28,10.00,success
9301,1248,2024-04-05,10.00,success
9302,1248,2024-03-05,10.00,success
9303,1248,2024-02-05,10.00,success
9304,1248,2024-01-05,10.00,success
9305,1248,2023-12-05,10.00,success
9306,1248,2023-11-05,10.00,success
9307,1248,2023-10-05,10.00,success
9308,1248,2023-09-05,10.00,success
9309,1249,2023-04-29,10.00,failed
9310,1249,2023-03-29,10.00,success
9311,1249,2023-02-28,10.00,success
9312,1249,2023-01-29,10.00,success
9313,1250,2024-06-27,10.00,success
9314,1250,2024-05-27,10.00,success
9315,1250,2024-04-27,10.00,success
9316,1250,2024-03-27,10.00,success
9317,1250,2024-02-27,10.00,success
9318,1250,2024-01-27,10.00,success
9319,1250,2023-12-27,10.00,success
9320,1250,2023-11-27,10.00,success
9321,1250,2023-10-27,10.00,success
9322,1251,2025-06-06,10.00,success
9323,1251,2025-05-06,10.00,success
9324,1251,2025-04-06,10.00,success
9325,1251,2025-03-06,10.00,success
9326,1251,2025-02-06,10.00,success
9327,1251,2025-01-06,10.00,success
9328,1251,2024-12-06,10.00,success
9329,1251,2024-11-06,10.00,success
9330,1251,2024-10-06,10.00,success
9331,1251,2024-09-06,10.00,success
9332,1251,2024-08-06,10.00,success
9333,1251,2024-07-06,10.00,success
9334,1252,2024-06-15,10.00,success
9335,1252,2024-05-15,10.00,success
9336,1252,2024-04-15,10.00,success
9337,1252,2024-03-15,10.00,success
9338,1252,2024-02-15,10.00,success
9339,1252,2024-01-15,10.00,success
9340,1252,2023-12-15,10.00,success
9341,1252,2023-11-15,10.00,success
9342,1252,2023-10-15,10.00,success
9343,1252,2023-09-15,10.00,success
9344,1252,2023-08-15,10.00,success
9345,1253,2025-02-09,25.00,success
9346,1253,2025-01-09,25.00,success
9347,1253,2024-12-09,25.00,success
9348,1253,2024-11-09,25.00,success
9349,1253,2024-10-09,25.00,success
9350,1253,2024-09-09,25.00,success
9351,1253,2024-08-09,25.00,success
9352,1253,2024-07-09,25.00,success
9353,1253,2024-06-09,25.00,success
9354,1253,2024-05-09,25.00,success
9355,1253,2024-04-09,25.00,success
9356,1253,2024-03-09,25.00,success
9357,1254,2024-01-11,10.00,failed
9358,1254,2023-12-11,10.00,success
9359,1254,2023-11-11,10.00,success
9360,1254,2023-10-11,10.00,success
9361,1254,2023-09-11,10.00,success
9362,1254,2023-08-11,10.00,success
9363,1254,2023-07-11,10.00,success
9364,1254,2023-06-11,10.00,success
9365,1254,2023-05-11,10.00,success
9366,1255,2025-02-19,10.00,success
9367,1255,2025-01-19,10.00,success
9368,1255,2024-12-19,10.00,success
9369,1255,2024-11-19,10.00,success
9370,1255,2024-10-19,10.00,success
9371,1255,2024-09-19,10.00,success
9372,1255,2024-08-19,10.00,success
9373,1255,2024-07-19,10.00,success
9374,1255,2024-06-19,10.00,success
9375,1255,2024-05-19,10.00,success
9376,1255,2024-04-19,10.00,success
9377,1256,2023-10-25,10.00,success
9378,1256,2023-09-25,10.00,success
9379,1256,2023-08-25,10.00,success
9380,1256,2023-07-25,10.00,success
9381,1256,2023-06-25,10.00,success
9382,1256,2023-05-25,10.00,success
9383,1257,2023-09-30,10.00,success
9384,1257,2023-08-31,10.00,success
9385,1258,2025-01-09,60.00,success
9386,1258,2024-12-09,60.00,success
9387,1258,2024-11-09,60.00,success
9388,1258,2024-10-09,60.00,failed
9389,1258,2024-09-09,60.00,success
9390,1258,2024-08-09,60.00,failed
9391,1258,2024-07-09,60.00,success
9392,1258,2024-06-09,60.00,failed
9393,1258,2024-05-09,60.00,success
9394,1258,2024-04-09,60.00,success
9395,1259,2024-07-05,10.00,success
9396,1259,2024-06-05,10.00,success
9397,1259,2024-05-05,10.00,success
9398,1259,2024-04-05,10.00,success
9399,1259,2024-03-05,10.00,success
9400,1259,2024-02-05,10.00,success
9401,1260,2024-11-16,10.00,success
9402,1260,2024-10-16,10.00,success
9403,1260,2024-09-16,10.00,success
9404,1260,2024-08-16,10.00,failed
9405,1260,2024-07-16,10.00,success
9406,1260,2024-06-16,10.00,success
9407,1260,2024-05-16,10.00,success
9408,1260,2024-04-16,10.00,success
9409,1260,2024-03-16,10.00,success
9410,1260,2024-02-16,10.00,failed
9411,1261,2024-06-01,10.00,success
9412,1261,2024-05-01,10.00,success
9413,1261,2024-04-01,10.00,success
9414,1261,2024-03-01,10.00,success
9415,1261,2024-02-01,10.00,success
9416,1261,2024-01-01,10.00,success
9417,1261,2023-12-01,10.00,success
9418,1262,2024-09-07,10.00,success
9419,1262,2024-08-07,10.00,success
9420,1262,2024-07-07,10.00,success
9421,1262,2024-06-07,10.00,success
9422,1262,2024-05-07,10.00,success
9423,1262,2024-04-07,10.00,success
9424,1262,2024-03-07,10.00,success
9425,1262,2024-02-07,10.00,success
9426,1262,2024-01-07,10.00,success
9427,1262,2023-12-07,10.00,success
9428,1262,2023-11-07,10.00,success
9429,1263,2024-05-18,25.00,failed
9430,1263,2024-04-18,25.00,success
9431,1263,2024-03-18,25.00,success
9432,1263,2024-02-18,25.00,success
9433,1263,2024-01-18,25.00,success
9434,1263,2023-12-18,25.00,success
9435,1263,2023-11-18,25.00,success
9436,1264,2023-11-17,10.00,success
9437,1264,2023-10-17,10.00,success
9438,1264,2023-09-17,10.00,success
9439,1265,2024-03-24,10.00,success
9440,1265,2024-02-24,10.00,success
9441,1265,2024-01-24,10.00,success
9442,1265,2023-12-24,10.00,success
9443,1265,2023-11-24,10.00,success
9444,1265,2023-10-24,10.00,success
9445,1265,2023-09-24,10.00,success
9446,1265,2023-08-24,10.00,success
9447,1265,2023-07-24,10.00,success
9448,1265,2023-06-24,10.00,failed
9449,1265,2023-05-24,10.00,success
9450,1266,2024-05-08,10.00,success
9451,1266,2024-04-08,10.00,failed
9452,1266,2024-03-08,10.00,success
9453,1266,2024-02-08,10.00,success
9454,1266,2024-01-08,10.00,success
9455,1266,2023-12-08,10.00,success
9456,1266,2023-11-08,10.00,success
9457,1266,2023-10-08,10.00,success
9458,1266,2023-09-08,10.00,success
9459,1266,2023-08-08,10.00,success
9460,1266,2023-07-08,10.00,failed
9461,1266,2023-06-08,10.00,success
9462,1267,2025-05-16,10.00,success
9463,1267,2025-04-16,10.00,success
9464,1267,2025-03-16,10.00,success
9465,1267,2025-02-16,10.00,success
9466,1267,2025-01-16,10.00,success
9467,1267,2024-12-16,10.00,success
9468,1267,2024-11-16,10.00,success
9469,1267,2024-10-16,10.00,success
9470,1267,2024-09-16,10.00,success
9471,1267,2024-08-16,10.00,success
9472,1267,2024-07-16,10.00,success
9473,1268,2025-04-20,10.00,success
9474,1268,2025-03-20,10.00,success
9475,1268,2025-02-20,10.00,success
9476,1268,2025-01-20,10.00,success
9477,1268,2024-12-20,10.00,success
9478,1268,2024-11-20,10.00,success
9479,1268,2024-10-20,10.00,success
9480,1268,2024-09-20,10.00,success
9481,1268,2024-08-20,10.00,success
9482,1268,2024-07-20,10.00,success
9483,1268,2024-06-20,10.00,success
9484,1269,2023-12-30,25.00,success
9485,1269,2023-11-30,25.00,success
9486,1269,2023-10-30,25.00,success
9487,1269,2023-09-30,25.00,failed
9488,1269,2023-08-30,25.00,success
9489,1269,2023-07-30,25.00,success
9490,1269,2023-06-30,25.00,success
9491,1269,2023-05-30,25.00,success
9492,1270,2024-01-20,10.00,success
9493,1270,2023-12-20,10.00,success
9494,1270,2023-11-20,10.00,success
9495,1270,2023-10-20,10.00,success
9496,1270,2023-09-20,10.00,success
9497,1270,2023-08-20,10.00,success
9498,1270,2023-07-20,10.00,success
9499,1270,2023-06-20,10.00,success
9500,1270,2023-05-20,10.00,success
9501,1270,2023-04-20,10.00,success
9502,1270,2023-03-20,10.00,success
9503,1270,2023-02-20,10.00,success
9504,1271,2023-10-27,10.00,success
9505,1271,2023-09-27,10.00,success
9506,1271,2023-08-27,10.00,success
9507,1271,2023-07-27,10.00,success
9508,1271,2023-06-27,10.00,success
9509,1271,2023-05-27,10.00,failed
9510,1271,2023-04-27,10.00,success
9511,1271,2023-03-27,10.00,success
9512,1272,2024-07-11,10.00,success
9513,1272,2024-06-11,10.00,success
9514,1273,2024-12-12,10.00,success
9515,1273,2024-11-12,10.00,success
9516,1273,2024-10-12,10.00,success
9517,1273,2024-09-12,10.00,success
9518,1273,2024-08-12,10.00,success
9519,1273,2024-07-12,10.00,success
9520,1273,2024-06-12,10.00,success
9521,1274,2024-07-14,25.00,success
9522,1274,2024-06-14,25.00,success
9523,1274,2024-05-14,25.00,success
9524,1274,2024-04-14,25.00,success
9525,1275,2023-06-29,25.00,success
9526,1275,2023-05-29,25.00,success
9527,1275,2023-04-29,25.00,success
9528,1275,2023-03-29,25.00,success
9529,1276,2024-02-13,25.00,success
9530,1276,2024-01-13,25.00,success
9531,1276,2023-12-13,25.00,success
9532,1276,2023-11-13,25.00,success
9533,1276,2023-10-13,25.00,success
9534,1276,2023-09-13,25.00,success
9535,1276,2023-08-13,25.00,failed
9536,1276,2023-07-13,25.00,success
9537,1276,2023-06-13,25.00,success
9538,1276,2023-05-13,25.00,success
9539,1276,2023-04-13,25.00,success
9540,1276,2023-03-13,25.00,success
9541,1277,2024-01-06,10.00,success
9542,1277,2023-12-06,10.00,success
9543,1277,2023-11-06,10.00,success
9544,1277,2023-10-06,10.00,success
9545,1277,2023-09-06,10.00,success
9546,1277,2023-08-06,10.00,success
9547,1277,2023-07-06,10.00,success
9548,1277,2023-06-06,10.00,success
9549,1277,2023-05-06,10.00,success
9550,1278,2024-01-16,25.00,success
9551,1278,2023-12-16,25.00,success
9552,1278,2023-11-16,25.00,success
9553,1278,2023-10-16,25.00,success
9554,1278,2023-09-16,25.00,success
9555,1278,2023-08-16,25.00,success
9556,1278,2023-07-16,25.00,success
9557,1278,2023-06-16,25.00,success
9558,1278,2023-05-16,25.00,success
9559,1279,2024-09-19,10.00,success
9560,1279,2024-08-19,10.00,success
9561,1279,2024-07-19,10.00,failed
9562,1279,2024-06-19,10.00,success
9563,1279,2024-05-19,10.00,success
9564,1279,2024-04-19,10.00,success
9565,1279,2024-03-19,10.00,success
9566,1279,2024-02-19,10.00,success
9567,1279,2024-01-19,10.00,success
9568,1279,2023-12-19,10.00,success
9569,1279,2023-11-19,10.00,success
9570,1280,2024-03-11,25.00,success
9571,1280,2024-02-11,25.00,success
9572,1280,2024-01-11,25.00,success
9573,1281,2024-08-12,10.00,success
9574,1281,2024-07-12,10.00,success
9575,1281,2024-06-12,10.00,failed
9576,1282,2024-09-27,10.00,success
9577,1282,2024-08-27,10.00,success
9578,1282,2024-07-27,10.00,success
9579,1282,2024-06-27,10.00,success
9580,1282,2024-05-27,10.00,success
9581,1282,2024-04-27,10.00,success
9582,1282,2024-03-27,10.00,failed
9583,1282,2024-02-27,10.00,success
9584,1282,2024-01-27,10.00,success
9585,1282,2023-12-27,10.00,success
9586,1282,2023-11-27,10.00,success
9587,1283,2024-08-02,25.00,success
9588,1283,2024-07-02,25.00,success
9589,1283,2024-06-02,25.00,success
9590,1283,2024-05-02,25.00,success
9591,1283,2024-04-02,25.00,success
9592,1283,2024-03-02,25.00,success
9593,1283,2024-02-02,25.00,success
9594,1283,2024-01-02,25.00,success
9595,1284,2025-05-25,10.00,success
9596,1284,2025-04-25,10.00,success
9597,1284,2025-03-25,10.00,success
9598,1284,2025-02-25,10.00,success
9599,1284,2025-01-25,10.00,success
9600,1284,2024-12-25,10.00,success
9601,1284,2024-11-25,10.00,success
9602,1284,2024-10-25,10.00,success
9603,1284,2024-09-25,10.00,success
9604,1284,2024-08-25,10.00,success
9605,1284,2024-07-25,10.00,success
9606,1284,2024-06-25,10.00,success
9607,1285,2024-06-30,10.00,success
9608,1285,2024-05-31,10.00,success
9609,1286,2025-01-12,10.00,success
9610,1286,2024-12-12,10.00,success
9611,1286,2024-11-12,10.00,success
9612,1286,2024-10-12,10.00,failed
9613,1286,2024-09-12,10.00,success
9614,1286,2024-08-12,10.00,success
9615,1286,2024-07-12,10.00,success
9616,1286,2024-06-12,10.00,success
9617,1286,2024-05-12,10.00,success
9618,1286,2024-04-12,10.00,success
9619,1286,2024-03-12,10.00,success
9620,1287,2024-03-05,10.00,success
9621,1287,2024-02-05,10.00,success
9622,1288,2023-09-22,25.00,success
9623,1288,2023-08-22,25.00,success
9624,1288,2023-07-22,25.00,success
9625,1288,2023-06-22,25.00,success
9626,1288,2023-05-22,25.00,success
9627,1288,2023-04-22,25.00,success
9628,1288,2023-03-22,25.00,success
9629,1289,2023-09-22,25.00,success
9630,1289,2023-08-22,25.00,success
9631,1289,2023-07-22,25.00,success
9632,1290,2024-03-08,10.00,success
9633,1290,2024-02-08,10.00,success
9634,1290,2024-01-08,10.00,success
9635,1290,2023-12-08,10.00,success
9636,1291,2024-07-03,10.00,success
9637,1291,2024-06-03,10.00,failed
9638,1291,2024-05-03,10.00,success
9639,1291,2024-04-03,10.00,success
9640,1291,2024-03-03,10.00,success
9641,1291,2024-02-03,10.00,success
9642,1291,2024-01-03,10.00,success
9643,1292,2024-10-25,25.00,success
9644,1292,2024-09-25,25.00,success
9645,1292,2024-08-25,25.00,success
9646,1292,2024-07-25,25.00,success
9647,1292,2024-06-25,25.00,success
9648,1292,2024-05-25,25.00,failed
9649,1293,2024-04-24,10.00,success
9650,1293,2024-03-24,10.00,success
9651,1293,2024-02-24,10.00,success
9652,1293,2024-01-24,10.00,success
9653,1293,2023-12-24,10.00,success
9654,1294,2023-05-18,10.00,success
9655,1294,2023-04-18,10.00,success
9656,1294,2023-03-18,10.00,success
9657,1295,2025-02-28,25.00,success
9658,1295,2025-01-29,25.00,failed
9659,1295,2024-12-29,25.00,success
9660,1295,2024-11-29,25.00,success
9661,1295,2024-10-29,25.00,success
9662,1295,2024-09-29,25.00,success
9663,1295,2024-08-29,25.00,success
9664,1295,2024-07-29,25.00,success
9665,1295,2024-06-29,25.00,success
9666,1296,2023-09-16,25.00,failed
9667,1296,2023-08-16,25.00,success
9668,1296,2023-07-16,25.00,success
9669,1296,2023-06-16,25.00,failed
9670,1296,2023-05-16,25.00,success
9671,1297,2024-11-26,25.00,success
9672,1297,2024-10-26,25.00,success
9673,1297,2024-09-26,25.00,success
9674,1297,2024-08-26,25.00,success
9675,1297,2024-07-26,25.00,failed
9676,1297,2024-06-26,25.00,success
9677,1297,2024-05-26,25.00,success
9678,1297,2024-04-26,25.00,success
9679,1297,2024-03-26,25.00,success
9680,1297,2024-02-26,25.00,success
9681,1298,2024-06-15,10.00,success
9682,1298,2024-05-15,10.00,success
9683,1298,2024-04-15,10.00,success
9684,1298,2024-03-15,10.00,success
9685,1298,2024-02-15,10.00,success
9686,1298,2024-01-15,10.00,success
9687,1299,2023-09-11,10.00,success
9688,1299,2023-08-11,10.00,success
9689,1299,2023-07-11,10.00,success
9690,1299,2023-06-11,10.00,success
9691,1299,2023-05-11,10.00,success
9692,1299,2023-04-11,10.00,success
9693,1299,2023-03-11,10.00,success
9694,1300,2024-03-06,10.00,success
9695,1300,2024-02-06,10.00,success
9696,1300,2024-01-06,10.00,success
9697,1300,2023-12-06,10.00,success
9698,1300,2023-11-06,10.00,success
9699,1300,2023-10-06,10.00,success
9700,1300,2023-09-06,10.00,success
9701,1300,2023-08-06,10.00,success
9702,1300,2023-07-06,10.00,success
9703,1300,2023-06-06,10.00,success
9704,1300,2023-05-06,10.00,success
9705,1300,2023-04-06,10.00,success
9706,1301,2023-12-05,10.00,success
9707,1301,2023-11-05,10.00,success
9708,1301,2023-10-05,10.00,success
9709,1301,2023-09-05,10.00,success
9710,1301,2023-08-05,10.00,success
9711,1301,2023-07-05,10.00,success
9712,1301,2023-06-05,10.00,success
9713,1302,2024-06-02,25.00,success
9714,1302,2024-05-02,25.00,success
9715,1302,2024-04-02,25.00,success
9716,1302,2024-03-02,25.00,success
9717,1302,2024-02-02,25.00,success
9718,1302,2024-01-02,25.00,success
9719,1302,2023-12-02,25.00,success
9720,1302,2023-11-02,25.00,success
9721,1302,2023-10-02,25.00,success
9722,1302,2023-09-02,25.00,success
9723,1302,2023-08-02,25.00,success
9724,1302,2023-07-02,25.00,success
9725,1303,2024-11-08,25.00,success
9726,1303,2024-10-08,25.00,success
9727,1303,2024-09-08,25.00,success
9728,1303,2024-08-08,25.00,success
9729,1303,2024-07-08,25.00,success
9730,1303,2024-06-08,25.00,success
9731,1303,2024-05-08,25.00,success
9732,1303,2024-04-08,25.00,success
9733,1304,2023-04-25,25.00,success
9734,1304,2023-03-25,25.00,success
9735,1304,2023-02-25,25.00,success
9736,1305,2024-06-30,10.00,success
9737,1305,2024-05-31,10.00,success
9738,1305,2024-04-30,10.00,success
9739,1305,2024-03-31,10.00,success
9740,1305,2024-02-29,10.00,success
9741,1305,2024-01-31,10.00,success
9742,1305,2023-12-31,10.00,success
9743,1305,2023-11-30,10.00,success
9744,1305,2023-10-31,10.00,success
9745,1305,2023-09-30,10.00,success
9746,1305,2023-08-31,10.00,success
9747,1305,2023-07-31,10.00,success
9748,1306,2024-10-30,10.00,success
9749,1306,2024-09-30,10.00,success
9750,1306,2024-08-30,10.00,success
9751,1306,2024-07-30,10.00,success
9752,1306,2024-06-30,10.00,success
9753,1306,2024-05-30,10.00,success
9754,1306,2024-04-30,10.00,success
9755,1307,2023-03-01,25.00,success
9756,1307,2023-02-01,25.00,success
9757,1308,2024-10-02,25.00,success
9758,1308,2024-09-02,25.00,failed
9759,1308,2024-08-02,25.00,success
9760,1308,2024-07-02,25.00,success
9761,1308,2024-06-02,25.00,success
9762,1308,2024-05-02,25.00,success
9763,1308,2024-04-02,25.00,success
9764,1308,2024-03-02,25.00,success
9765,1308,2024-02-02,25.00,success
9766,1308,2024-01-02,25.00,success
9767,1308,2023-12-02,25.00,success
9768,1309,2023-09-06,10.00,success
9769,1309,2023-08-06,10.00,success
9770,1309,2023-07-06,10.00,success
9771,1309,2023-06-06,10.00,success
9772,1309,2023-05-06,10.00,success
9773,1310,2023-09-28,10.00,success
9774,1310,2023-08-28,10.00,success
9775,1310,2023-07-28,10.00,success
9776,1310,2023-06-28,10.00,success
9777,1311,2024-09-08,10.00,failed
9778,1311,2024-08-08,10.00,success
9779,1311,2024-07-08,10.00,success
9780,1311,2024-06-08,10.00,success
9781,1311,2024-05-08,10.00,success
9782,1312,2023-04-05,10.00,success
9783,1312,2023-03-05,10.00,success
9784,1312,2023-02-05,10.00,success
9785,1313,2024-01-23,25.00,success
9786,1313,2023-12-23,25.00,failed
9787,1313,2023-11-23,25.00,success
9788,1313,2023-10-23,25.00,success
9789,1313,2023-09-23,25.00,success
9790,1313,2023-08-23,25.00,success
9791,1313,2023-07-23,25.00,success
9792,1313,2023-06-23,25.00,success
9793,1314,2024-11-16,25.00,success
9794,1314,2024-10-16,25.00,failed
9795,1314,2024-09-16,25.00,success
9796,1314,2024-08-16,25.00,success
9797,1314,2024-07-16,25.00,success
9798,1314,2024-06-16,25.00,success
9799,1315,2024-02-09,10.00,success
9800,1315,2024-01-09,10.00,success
9801,1315,2023-12-09,10.00,success
9802,1315,2023-11-09,10.00,success
9803,1315,2023-10-09,10.00,success
9804,1315,2023-09-09,10.00,success
9805,1315,2023-08-09,10.00,success
9806,1315,2023-07-09,10.00,success
9807,1315,2023-06-09,10.00,success
9808,1315,2023-05-09,10.00,success
9809,1316,2023-06-04,25.00,success
9810,1316,2023-05-04,25.00,success
9811,1316,2023-04-04,25.00,success
9812,1316,2023-03-04,25.00,success
9813,1316,2023-02-04,25.00,success
9814,1317,2024-03-18,25.00,success
9815,1317,2024-02-18,25.00,failed
9816,1317,2024-01-18,25.00,success
9817,1317,2023-12-18,25.00,success
9818,1317,2023-11-18,25.00,success
9819,1317,2023-10-18,25.00,success
9820,1317,2023-09-18,25.00,success
9821,1317,2023-08-18,25.00,success
9822,1317,2023-07-18,25.00,success
9823,1317,2023-06-18,25.00,success
9824,1317,2023-05-18,25.00,success
9825,1318,2023-07-25,25.00,success
9826,1318,2023-06-25,25.00,success
9827,1318,2023-05-25,25.00,success
9828,1319,2024-06-17,25.00,success
9829,1319,2024-05-17,25.00,success
9830,1319,2024-04-17,25.00,success
9831,1319,2024-03-17,25.00,success
9832,1319,2024-02-17,25.00,success
9833,1320,2024-01-08,10.00,success
9834,1320,2023-12-08,10.00,success
9835,1320,2023-11-08,10.00,failed
9836,1320,2023-10-08,10.00,success
9837,1320,2023-09-08,10.00,success
9838,1320,2023-08-08,10.00,success
9839,1321,2024-01-28,25.00,success
9840,1321,2023-12-28,25.00,success
9841,1321,2023-11-28,25.00,success
9842,1321,2023-10-28,25.00,success
9843,1321,2023-09-28,25.00,success
9844,1321,2023-08-28,25.00,success
9845,1321,2023-07-28,25.00,success
9846,1321,2023-06-28,25.00,success
9847,1321,2023-05-28,25.00,success
9848,1322,2025-04-04,10.00,success
9849,1322,2025-03-04,10.00,success
9850,1322,2025-02-04,10.00,success
9851,1322,2025-01-04,10.00,success
9852,1322,2024-12-04,10.00,success
9853,1322,2024-11-04,10.00,success
9854,1322,2024-10-04,10.00,failed
9855,1322,2024-09-04,10.00,success
9856,1322,2024-08-04,10.00,success
9857,1322,2024-07-04,10.00,success
9858,1322,2024-06-04,10.00,success
9859,1322,2024-05-04,10.00,success
9860,1323,2024-06-21,10.00,success
9861,1323,2024-05-21,10.00,success
9862,1324,2024-08-25,10.00,success
9863,1324,2024-07-25,10.00,success
9864,1324,2024-06-25,10.00,success
9865,1324,2024-05-25,10.00,success
9866,1325,2025-05-22,10.00,success
9867,1325,2025-04-22,10.00,success
9868,1325,2025-03-22,10.00,failed
9869,1325,2025-02-22,10.00,success
9870,1325,2025-01-22,10.00,success
9871,1325,2024-12-22,10.00,success
9872,1325,2024-11-22,10.00,success
9873,1325,2024-10-22,10.00,success
9874,1325,2024-09-22,10.00,success
9875,1325,2024-08-22,10.00,success
9876,1325,2024-07-22,10.00,success
9877,1325,2024-06-22,10.00,failed
9878,1326,2024-05-18,10.00,failed
9879,1326,2024-04-18,10.00,success
9880,1326,2024-03-18,10.00,success
9881,1326,2024-02-18,10.00,success
9882,1326,2024-01-18,10.00,success
9883,1326,2023-12-18,10.00,success
9884,1326,2023-11-18,10.00,success
9885,1326,2023-10-18,10.00,success
9886,1327,2024-02-22,10.00,success
9887,1327,2024-01-22,10.00,success
9888,1328,2023-06-09,10.00,success
9889,1328,2023-05-09,10.00,success
9890,1328,2023-04-09,10.00,success
9891,1328,2023-03-09,10.00,success
9892,1328,2023-02-09,10.00,success
9893,1329,2024-11-11,25.00,success
9894,1329,2024-10-11,25.00,success
9895,1329,2024-09-11,25.00,success
9896,1329,2024-08-11,25.00,success
9897,1329,2024-07-11,25.00,success
9898,1329,2024-06-11,25.00,success
9899,1329,2024-05-11,25.00,success
9900,1330,2024-03-23,10.00,success
9901,1330,2024-02-23,10.00,success
9902,1330,2024-01-23,10.00,success
9903,1330,2023-12-23,10.00,success
9904,1330,2023-11-23,10.00,success
9905,1330,2023-10-23,10.00,success
9906,1330,2023-09-23,10.00,success
9907,1330,2023-08-23,10.00,success
9908,1330,2023-07-23,10.00,success
9909,1330,2023-06-23,10.00,success
9910,1330,2023-05-23,10.00,success
9911,1330,2023-04-23,10.00,success
9912,1331,2024-12-01,10.00,success
9913,1331,2024-11-01,10.00,success
9914,1331,2024-10-01,10.00,success
9915,1331,2024-09-01,10.00,success
9916,1331,2024-08-01,10.00,success
9917,1331,2024-07-01,10.00,success
9918,1331,2024-06-01,10.00,success
9919,1331,2024-05-01,10.00,success
9920,1331,2024-04-01,10.00,success
9921,1331,2024-03-01,10.00,success
9922,1331,2024-02-01,10.00,success
9923,1332,2023-10-11,10.00,success
9924,1332,2023-09-11,10.00,success
9925,1332,2023-08-11,10.00,success
9926,1332,2023-07-11,10.00,success
9927,1332,2023-06-11,10.00,success
9928,1332,2023-05-11,10.00,success
9929,1332,2023-04-11,10.00,success
9930,1332,2023-03-11,10.00,success
9931,1332,2023-02-11,10.00,success
9932,1333,2024-12-29,25.00,success
9933,1333,2024-11-29,25.00,success
9934,1333,2024-10-29,25.00,success
9935,1333,2024-09-29,25.00,success
9936,1333,2024-08-29,25.00,success
9937,1333,2024-07-29,25.00,success
9938,1333,2024-06-29,25.00,success
9939,1334,2024-08-30,25.00,success
9940,1334,2024-07-30,25.00,failed
9941,1334,2024-06-30,25.00,success
9942,1334,2024-05-30,25.00,success
9943,1334,2024-04-30,25.00,success
9944,1334,2024-03-30,25.00,success
9945,1334,2024-02-29,25.00,success
9946,1334,2024-01-30,25.00,success
9947,1334,2023-12-30,25.00,success
9948,1335,2024-04-19,10.00,success
9949,1335,2024-03-19,10.00,success
9950,1335,2024-02-19,10.00,failed
9951,1335,2024-01-19,10.00,success
9952,1335,2023-12-19,10.00,success
9953,1335,2023-11-19,10.00,success
9954,1335,2023-10-19,10.00,success
9955,1335,2023-09-19,10.00,success
9956,1335,2023-08-19,10.00,success
9957,1335,2023-07-19,10.00,success
9958,1335,2023-06-19,10.00,success
9959,1335,2023-05-19,10.00,success
9960,1336,2024-06-25,10.00,success
9961,1336,2024-05-25,10.00,success
9962,1336,2024-04-25,10.00,success
9963,1336,2024-03-25,10.00,success
9964,1336,2024-02-25,10.00,success
9965,1336,2024-01-25,10.00,success
9966,1336,2023-12-25,10.00,success
9967,1336,2023-11-25,10.00,success
9968,1336,2023-10-25,10.00,success
9969,1337,2024-02-24,25.00,success
9970,1337,2024-01-24,25.00,success
9971,1338,2025-01-08,25.00,success
9972,1338,2024-12-08,25.00,success
9973,1338,2024-11-08,25.00,success
9974,1338,2024-10-08,25.00,success
9975,1338,2024-09-08,25.00,success
9976,1338,2024-08-08,25.00,success
9977,1338,2024-07-08,25.00,success
9978,1339,2024-10-25,10.00,success
9979,1339,2024-09-25,10.00,success
9980,1339,2024-08-25,10.00,success
9981,1339,2024-07-25,10.00,success
9982,1339,2024-06-25,10.00,success
9983,1339,2024-05-25,10.00,success
9984,1339,2024-04-25,10.00,success
9985,1340,2024-03-07,10.00,success
9986,1340,2024-02-07,10.00,success
9987,1340,2024-01-07,10.00,success
9988,1340,2023-12-07,10.00,success
9989,1340,2023-11-07,10.00,success
9990,1340,2023-10-07,10.00,success
9991,1340,2023-09-07,10.00,success
9992,1341,2023-06-25,10.00,success
9993,1341,2023-05-25,10.00,success
9994,1341,2023-04-25,10.00,success
9995,1342,2024-01-24,10.00,success
9996,1342,2023-12-24,10.00,success
9997,1343,2023-08-11,10.00,success
9998,1343,2023-07-11,10.00,success
9999,1344,2024-04-18,10.00,success
10000,1344,2024-03-18,10.00,success
10001,1344,2024-02-18,10.00,success
10002,1344,2024-01-18,10.00,success
10003,1344,2023-12-18,10.00,success
10004,1344,2023-11-18,10.00,success
10005,1345,2023-09-06,25.00,success
10006,1345,2023-08-06,25.00,success
10007,1345,2023-07-06,25.00,success
10008,1345,2023-06-06,25.00,success
10009,1345,2023-05-06,25.00,success
10010,1346,2023-02-21,60.00,success
10011,1346,2023-01-21,60.00,success
10012,1347,2024-09-29,10.00,success
10013,1347,2024-08-29,10.00,success
10014,1347,2024-07-29,10.00,success
10015,1347,2024-06-29,10.00,success
10016,1347,2024-05-29,10.00,success
10017,1347,2024-04-29,10.00,success
10018,1347,2024-03-29,10.00,success
10019,1347,2024-02-29,10.00,failed
10020,1348,2024-05-07,10.00,success
10021,1348,2024-04-07,10.00,success
10022,1348,2024-03-07,10.00,success
10023,1348,2024-02-07,10.00,success
10024,1348,2024-01-07,10.00,success
10025,1348,2023-12-07,10.00,success
10026,1348,2023-11-07,10.00,success
10027,1348,2023-10-07,10.00,success
10028,1348,2023-09-07,10.00,success
10029,1348,2023-08-07,10.00,success
10030,1349,2024-07-04,25.00,success
10031,1349,2024-06-04,25.00,success
10032,1349,2024-05-04,25.00,success
10033,1349,2024-04-04,25.00,success
10034,1349,2024-03-04,25.00,success
10035,1349,2024-02-04,25.00,success
10036,1349,2024-01-04,25.00,success
10037,1349,2023-12-04,25.00,success
10038,1349,2023-11-04,25.00,success
10039,1349,2023-10-04,25.00,success
10040,1349,2023-09-04,25.00,success
10041,1349,2023-08-04,25.00,success
10042,1350,2024-12-26,10.00,success
10043,1350,2024-11-26,10.00,success
10044,1350,2024-10-26,10.00,success
10045,1350,2024-09-26,10.00,success
10046,1350,2024-08-26,10.00,success
10047,1350,2024-07-26,10.00,failed
10048,1350,2024-06-26,10.00,success
10049,1351,2024-03-10,10.00,success
10050,1351,2024-02-10,10.00,success
10051,1351,2024-01-10,10.00,success
10052,1351,2023-12-10,10.00,success
10053,1351,2023-11-10,10.00,success
10054,1351,2023-10-10,10.00,success
10055,1351,2023-09-10,10.00,success
10056,1351,2023-08-10,10.00,success
10057,1351,2023-07-10,10.00,success
10058,1351,2023-06-10,10.00,success
10059,1351,2023-05-10,10.00,success
10060,1351,2023-04-10,10.00,success
10061,1352,2024-05-21,10.00,success
10062,1352,2024-04-21,10.00,failed
10063,1352,2024-03-21,10.00,success
10064,1352,2024-02-21,10.00,success
10065,1352,2024-01-21,10.00,success
10066,1352,2023-12-21,10.00,success
10067,1353,2023-10-24,10.00,success
10068,1353,2023-09-24,10.00,success
10069,1353,2023-08-24,10.00,success
10070,1353,2023-07-24,10.00,success
10071,1353,2023-06-24,10.00,success
10072,1354,2024-10-12,10.00,success
10073,1354,2024-09-12,10.00,success
10074,1354,2024-08-12,10.00,success
10075,1354,2024-07-12,10.00,success
10076,1354,2024-06-12,10.00,success
10077,1354,2024-05-12,10.00,success
10078,1354,2024-04-12,10.00,success
10079,1354,2024-03-12,10.00,success
10080,1354,2024-02-12,10.00,success
10081,1355,2024-10-04,25.00,success
10082,1355,2024-09-04,25.00,success
10083,1355,2024-08-04,25.00,success
10084,1355,2024-07-04,25.00,failed
10085,1355,2024-06-04,25.00,success
10086,1355,2024-05-04,25.00,failed
10087,1356,2024-03-26,25.00,success
10088,1356,2024-02-26,25.00,success
10089,1356,2024-01-26,25.00,success
10090,1356,2023-12-26,25.00,success
10091,1356,2023-11-26,25.00,success
10092,1356,2023-10-26,25.00,success
10093,1356,2023-09-26,25.00,success
10094,1356,2023-08-26,25.00,success
10095,1357,2024-02-29,10.00,success
10096,1357,2024-01-30,10.00,success
10097,1357,2023-12-30,10.00,success
10098,1357,2023-11-30,10.00,success
10099,1358,2024-01-16,10.00,success
10100,1358,2023-12-16,10.00,success
10101,1358,2023-11-16,10.00,success
10102,1359,2024-05-30,10.00,success
10103,1359,2024-04-30,10.00,success
10104,1359,2024-03-30,10.00,success
10105,1359,2024-02-29,10.00,success
10106,1359,2024-01-30,10.00,success
10107,1359,2023-12-30,10.00,success
10108,1360,2025-01-28,25.00,success
10109,1360,2024-12-28,25.00,success
10110,1360,2024-11-28,25.00,success
10111,1360,2024-10-28,25.00,success
10112,1360,2024-09-28,25.00,success
10113,1360,2024-08-28,25.00,success
10114,1360,2024-07-28,25.00,success
10115,1360,2024-06-28,25.00,success
10116,1360,2024-05-28,25.00,success
10117,1360,2024-04-28,25.00,success
10118,1360,2024-03-28,25.00,success
10119,1360,2024-02-28,25.00,success
10120,1361,2023-08-05,10.00,success
10121,1361,2023-07-05,10.00,success
10122,1362,2024-09-07,10.00,success
10123,1362,2024-08-07,10.00,success
10124,1362,2024-07-07,10.00,success
10125,1362,2024-06-07,10.00,success
10126,1362,2024-05-07,10.00,success
10127,1363,2023-12-22,25.00,success
10128,1363,2023-11-22,25.00,success
10129,1363,2023-10-22,25.00,success
10130,1363,2023-09-22,25.00,success
10131,1363,2023-08-22,25.00,success
10132,1363,2023-07-22,25.00,success
10133,1363,2023-06-22,25.00,success
10134,1363,2023-05-22,25.00,success
10135,1363,2023-04-22,25.00,success
10136,1363,2023-03-22,25.00,success
10137,1364,2025-02-20,25.00,success
10138,1364,2025-01-20,25.00,success
10139,1364,2024-12-20,25.00,success
10140,1364,2024-11-20,25.00,success
10141,1364,2024-10-20,25.00,success
10142,1364,2024-09-20,25.00,success
10143,1364,2024-08-20,25.00,success
10144,1364,2024-07-20,25.00,success
10145,1364,2024-06-20,25.00,success
10146,1364,2024-05-20,25.00,success
10147,1365,2024-05-09,10.00,success
10148,1365,2024-04-09,10.00,success
10149,1365,2024-03-09,10.00,success
10150,1365,2024-02-09,10.00,success
10151,1365,2024-01-09,10.00,success
10152,1366,2024-08-14,10.00,success
10153,1366,2024-07-14,10.00,success
10154,1366,2024-06-14,10.00,success
10155,1366,2024-05-14,10.00,success
10156,1366,2024-04-14,10.00,success
10157,1366,2024-03-14,10.00,success
10158,1366,2024-02-14,10.00,success
10159,1366,2024-01-14,10.00,success
10160,1366,2023-12-14,10.00,success
10161,1366,2023-11-14,10.00,success
10162,1366,2023-10-14,10.00,success
10163,1367,2024-05-13,25.00,success
10164,1367,2024-04-13,25.00,success
10165,1367,2024-03-13,25.00,success
10166,1367,2024-02-13,25.00,success
10167,1367,2024-01-13,25.00,success
10168,1367,2023-12-13,25.00,success
10169,1367,2023-11-13,25.00,failed
10170,1368,2024-05-19,60.00,success
10171,1368,2024-04-19,60.00,success
10172,1368,2024-03-19,60.00,success
10173,1368,2024-02-19,60.00,success
10174,1368,2024-01-19,60.00,failed
10175,1369,2025-04-09,10.00,success
10176,1369,2025-03-09,10.00,success
10177,1369,2025-02-09,10.00,success
10178,1369,2025-01-09,10.00,success
10179,1369,2024-12-09,10.00,failed
10180,1369,2024-11-09,10.00,success
10181,1369,2024-10-09,10.00,success
10182,1369,2024-09-09,10.00,success
10183,1369,2024-08-09,10.00,success
10184,1369,2024-07-09,10.00,success
10185,1370,2025-01-07,10.00,success
10186,1370,2024-12-07,10.00,success
10187,1370,2024-11-07,10.00,success
10188,1370,2024-10-07,10.00,success
10189,1370,2024-09-07,10.00,success
10190,1370,2024-08-07,10.00,success
10191,1370,2024-07-07,10.00,success
10192,1370,2024-06-07,10.00,success
10193,1370,2024-05-07,10.00,failed
10194,1370,2024-04-07,10.00,success
10195,1370,2024-03-07,10.00,success
10196,1370,2024-02-07,10.00,success
10197,1371,2023-09-30,25.00,success
10198,1371,2023-08-30,25.00,failed
10199,1371,2023-07-30,25.00,success
10200,1371,2023-06-30,25.00,success
10201,1371,2023-05-30,25.00,success
10202,1371,2023-04-30,25.00,success
10203,1371,2023-03-30,25.00,success
10204,1371,2023-02-28,25.00,failed
10205,1371,2023-01-30,25.00,success
10206,1372,2024-05-24,10.00,success
10207,1372,2024-04-24,10.00,success
10208,1372,2024-03-24,10.00,success
10209,1372,2024-02-24,10.00,success
10210,1372,2024-01-24,10.00,success
10211,1372,2023-12-24,10.00,success
10212,1372,2023-11-24,10.00,success
10213,1372,2023-10-24,10.00,success
10214,1372,2023-09-24,10.00,success
10215,1372,2023-08-24,10.00,success
10216,1372,2023-07-24,10.00,failed
10217,1372,2023-06-24,10.00,success
10218,1373,2024-09-05,10.00,success
10219,1373,2024-08-05,10.00,success
10220,1373,2024-07-05,10.00,success
10221,1373,2024-06-05,10.00,success
10222,1373,2024-05-05,10.00,success
10223,1373,2024-04-05,10.00,success
10224,1373,2024-03-05,10.00,success
10225,1374,2024-05-25,10.00,success
10226,1374,2024-04-25,10.00,success
10227,1374,2024-03-25,10.00,success
10228,1374,2024-02-25,10.00,success
10229,1374,2024-01-25,10.00,success
10230,1374,2023-12-25,10.00,success
10231,1374,2023-11-25,10.00,success
10232,1374,2023-10-25,10.00,success
10233,1374,2023-09-25,10.00,success
10234,1374,2023-08-25,10.00,success
10235,1375,2024-06-10,25.00,success
10236,1375,2024-05-10,25.00,success
10237,1375,2024-04-10,25.00,success
10238,1376,2024-06-11,10.00,success
10239,1376,2024-05-11,10.00,success
10240,1376,2024-04-11,10.00,success
10241,1377,2024-06-24,10.00,success
10242,1377,2024-05-24,10.00,success
10243,1377,2024-04-24,10.00,success
10244,1377,2024-03-24,10.00,success
10245,1377,2024-02-24,10.00,success
10246,1378,2024-04-17,10.00,success
10247,1378,2024-03-17,10.00,success
10248,1379,2023-11-02,10.00,success
10249,1379,2023-10-02,10.00,success
10250,1379,2023-09-02,10.00,success
10251,1379,2023-08-02,10.00,success
10252,1379,2023-07-02,10.00,success
10253,1379,2023-06-02,10.00,success
10254,1379,2023-05-02,10.00,success
10255,1380,2024-10-06,10.00,success
10256,1380,2024-09-06,10.00,success
10257,1380,2024-08-06,10.00,success
10258,1380,2024-07-06,10.00,failed
10259,1380,2024-06-06,10.00,success
10260,1380,2024-05-06,10.00,success
10261,1380,2024-04-06,10.00,success
10262,1380,2024-03-06,10.00,success
10263,1380,2024-02-06,10.00,success
10264,1381,2024-06-24,10.00,failed
10265,1381,2024-05-24,10.00,success
10266,1381,2024-04-24,10.00,failed
10267,1381,2024-03-24,10.00,success
10268,1381,2024-02-24,10.00,success
10269,1381,2024-01-24,10.00,success
10270,1381,2023-12-24,10.00,success
10271,1382,2025-02-07,10.00,success
10272,1382,2025-01-07,10.00,success
10273,1382,2024-12-07,10.00,success
10274,1382,2024-11-07,10.00,failed
10275,1382,2024-10-07,10.00,success
10276,1382,2024-09-07,10.00,success
10277,1382,2024-08-07,10.00,success
10278,1382,2024-07-07,10.00,success
10279,1382,2024-06-07,10.00,success
10280,1382,2024-05-07,10.00,success
10281,1382,2024-04-07,10.00,failed
10282,1382,2024-03-07,10.00,success
10283,1383,2024-07-18,10.00,success
10284,1383,2024-06-18,10.00,success
10285,1383,2024-05-18,10.00,success
10286,1383,2024-04-18,10.00,success
10287,1384,2024-11-24,10.00,success
10288,1384,2024-10-24,10.00,success
10289,1384,2024-09-24,10.00,success
10290,1384,2024-08-24,10.00,success
10291,1384,2024-07-24,10.00,success
10292,1384,2024-06-24,10.00,success
10293,1384,2024-05-24,10.00,success
10294,1384,2024-04-24,10.00,success
10295,1385,2023-11-16,10.00,failed
10296,1385,2023-10-16,10.00,success
10297,1385,2023-09-16,10.00,success
10298,1385,2023-08-16,10.00,success
10299,1386,2024-10-08,25.00,success
10300,1386,2024-09-08,25.00,success
10301,1386,2024-08-08,25.00,success
10302,1386,2024-07-08,25.00,success
10303,1386,2024-06-08,25.00,success
10304,1386,2024-05-08,25.00,failed
10305,1386,2024-04-08,25.00,success
10306,1386,2024-03-08,25.00,success
10307,1386,2024-02-08,25.00,success
10308,1386,2024-01-08,25.00,success
10309,1387,2024-04-05,10.00,success
10310,1387,2024-03-05,10.00,success
10311,1387,2024-02-05,10.00,success
10312,1387,2024-01-05,10.00,success
10313,1387,2023-12-05,10.00,success
10314,1387,2023-11-05,10.00,success
10315,1387,2023-10-05,10.00,success
10316,1388,2024-01-07,10.00,success
10317,1388,2023-12-07,10.00,failed
10318,1388,2023-11-07,10.00,success
10319,1388,2023-10-07,10.00,success
10320,1388,2023-09-07,10.00,success
10321,1388,2023-08-07,10.00,success
10322,1388,2023-07-07,10.00,success
10323,1388,2023-06-07,10.00,success
10324,1388,2023-05-07,10.00,success
10325,1388,2023-04-07,10.00,success
10326,1388,2023-03-07,10.00,success
10327,1388,2023-02-07,10.00,success
10328,1389,2024-07-21,10.00,success
10329,1389,2024-06-21,10.00,success
10330,1390,2024-09-01,10.00,success
10331,1390,2024-08-01,10.00,success
10332,1390,2024-07-01,10.00,success
10333,1390,2024-06-01,10.00,failed
10334,1390,2024-05-01,10.00,success
10335,1390,2024-04-01,10.00,success
10336,1390,2024-03-01,10.00,success
10337,1390,2024-02-01,10.00,success
10338,1390,2024-01-01,10.00,success
10339,1390,2023-12-01,10.00,success
10340,1390,2023-11-01,10.00,success
10341,1390,2023-10-01,10.00,success
10342,1391,2024-02-29,10.00,success
10343,1391,2024-01-31,10.00,success
10344,1391,2023-12-31,10.00,success
10345,1391,2023-11-30,10.00,success
10346,1391,2023-10-31,10.00,success
10347,1391,2023-09-30,10.00,success
10348,1391,2023-08-31,10.00,success
10349,1391,2023-07-31,10.00,success
10350,1392,2024-05-19,25.00,success
10351,1392,2024-04-19,25.00,success
10352,1392,2024-03-19,25.00,success
10353,1392,2024-02-19,25.00,failed
10354,1392,2024-01-19,25.00,success
10355,1392,2023-12-19,25.00,success
10356,1392,2023-11-19,25.00,success
10357,1392,2023-10-19,25.00,success
10358,1392,2023-09-19,25.00,success
10359,1392,2023-08-19,25.00,success
10360,1393,2025-01-29,10.00,success
10361,1393,2024-12-29,10.00,success
10362,1393,2024-11-29,10.00,success
10363,1393,2024-10-29,10.00,success
10364,1393,2024-09-29,10.00,success
10365,1393,2024-08-29,10.00,success
10366,1393,2024-07-29,10.00,success
10367,1393,2024-06-29,10.00,success
10368,1393,2024-05-29,10.00,success
10369,1393,2024-04-29,10.00,success
10370,1393,2024-03-29,10.00,success
10371,1393,2024-02-29,10.00,success
10372,1394,2024-08-06,25.00,success
10373,1394,2024-07-06,25.00,failed
10374,1394,2024-06-06,25.00,success
10375,1394,2024-05-06,25.00,success
10376,1394,2024-04-06,25.00,success
10377,1394,2024-03-06,25.00,success
10378,1394,2024-02-06,25.00,success
10379,1394,2024-01-06,25.00,success
10380,1394,2023-12-06,25.00,success
10381,1394,2023-11-06,25.00,success
10382,1394,2023-10-06,25.00,failed
10383,1394,2023-09-06,25.00,success
10384,1395,2024-07-21,25.00,success
10385,1395,2024-06-21,25.00,success
10386,1395,2024-05-21,25.00,success
10387,1395,2024-04-21,25.00,success
10388,1395,2024-03-21,25.00,success
10389,1395,2024-02-21,25.00,success
10390,1395,2024-01-21,25.00,success
10391,1395,2023-12-21,25.00,success
10392,1396,2023-09-14,25.00,success
10393,1396,2023-08-14,25.00,success
10394,1396,2023-07-14,25.00,success
10395,1396,2023-06-14,25.00,success
10396,1396,2023-05-14,25.00,success
10397,1397,2024-07-03,10.00,success
10398,1397,2024-06-03,10.00,success
10399,1397,2024-05-03,10.00,success
10400,1397,2024-04-03,10.00,success
10401,1397,2024-03-03,10.00,success
10402,1397,2024-02-03,10.00,success
10403,1397,2024-01-03,10.00,success
10404,1397,2023-12-03,10.00,success
10405,1397,2023-11-03,10.00,success
10406,1397,2023-10-03,10.00,success
10407,1398,2023-07-22,25.00,success
10408,1398,2023-06-22,25.00,success
10409,1398,2023-05-22,25.00,success
10410,1398,2023-04-22,25.00,success
10411,1399,2025-01-10,10.00,success
10412,1399,2024-12-10,10.00,success
10413,1399,2024-11-10,10.00,success
10414,1399,2024-10-10,10.00,success
10415,1399,2024-09-10,10.00,success
10416,1399,2024-08-10,10.00,success
10417,1399,2024-07-10,10.00,success
10418,1399,2024-06-10,10.00,success
10419,1399,2024-05-10,10.00,success
10420,1399,2024-04-10,10.00,success
10421,1399,2024-03-10,10.00,failed
10422,1399,2024-02-10,10.00,success
10423,1400,2025-05-02,25.00,success
10424,1400,2025-04-02,25.00,success
10425,1400,2025-03-02,25.00,success
10426,1400,2025-02-02,25.00,success
10427,1400,2025-01-02,25.00,success
10428,1400,2024-12-02,25.00,success
10429,1400,2024-11-02,25.00,success
10430,1400,2024-10-02,25.00,success
10431,1400,2024-09-02,25.00,success
10432,1400,2024-08-02,25.00,success
10433,1400,2024-07-02,25.00,success
10434,1400,2024-06-02,25.00,success
10435,1401,2024-04-15,25.00,success
10436,1401,2024-03-15,25.00,success
10437,1401,2024-02-15,25.00,success
10438,1402,2025-02-13,10.00,success
10439,1402,2025-01-13,10.00,success
10440,1402,2024-12-13,10.00,success
10441,1402,2024-11-13,10.00,success
10442,1402,2024-10-13,10.00,success
10443,1402,2024-09-13,10.00,success
10444,1402,2024-08-13,10.00,success
10445,1402,2024-07-13,10.00,success
10446,1402,2024-06-13,10.00,failed
10447,1402,2024-05-13,10.00,success
10448,1402,2024-04-13,10.00,success
10449,1402,2024-03-13,10.00,success
10450,1403,2023-10-23,10.00,success
10451,1403,2023-09-23,10.00,success
10452,1403,2023-08-23,10.00,success
10453,1403,2023-07-23,10.00,success
10454,1403,2023-06-23,10.00,success
10455,1403,2023-05-23,10.00,success
10456,1404,2024-07-01,25.00,success
10457,1404,2024-06-01,25.00,success
10458,1404,2024-05-01,25.00,success
10459,1404,2024-04-01,25.00,success
10460,1404,2024-03-01,25.00,success
10461,1404,2024-02-01,25.00,success
10462,1404,2024-01-01,25.00,success
10463,1404,2023-12-01,25.00,success
10464,1404,2023-11-01,25.00,success
10465,1404,2023-10-01,25.00,success
10466,1404,2023-09-01,25.00,success
10467,1405,2023-11-15,10.00,success
10468,1405,2023-10-15,10.00,success
10469,1405,2023-09-15,10.00,success
10470,1405,2023-08-15,10.00,success
10471,1406,2023-12-01,10.00,success
10472,1406,2023-11-01,10.00,success
10473,1406,2023-10-01,10.00,success
10474,1406,2023-09-01,10.00,success
10475,1406,2023-08-01,10.00,success
10476,1406,2023-07-01,10.00,success
10477,1406,2023-06-01,10.00,success
10478,1407,2025-02-24,25.00,success
10479,1407,2025-01-24,25.00,success
10480,1407,2024-12-24,25.00,success
10481,1407,2024-11-24,25.00,success
10482,1407,2024-10-24,25.00,success
10483,1407,2024-09-24,25.00,success
10484,1407,2024-08-24,25.00,success
10485,1407,2024-07-24,25.00,failed
10486,1407,2024-06-24,25.00,success
10487,1407,2024-05-24,25.00,success
10488,1407,2024-04-24,25.00,success
10489,1407,2024-03-24,25.00,success
10490,1408,2024-06-01,10.00,success
10491,1408,2024-05-01,10.00,success
10492,1408,2024-04-01,10.00,success
10493,1408,2024-03-01,10.00,success
10494,1408,2024-02-01,10.00,success
10495,1408,2024-01-01,10.00,success
10496,1408,2023-12-01,10.00,failed
10497,1408,2023-11-01,10.00,success
10498,1408,2023-10-01,10.00,success
10499,1408,2023-09-01,10.00,success
10500,1408,2023-08-01,10.00,success
10501,1408,2023-07-01,10.00,success
10502,1409,2023-12-23,10.00,success
10503,1409,2023-11-23,10.00,success
10504,1409,2023-10-23,10.00,failed
10505,1409,2023-09-23,10.00,success
10506,1409,2023-08-23,10.00,failed
10507,1409,2023-07-23,10.00,success
10508,1409,2023-06-23,10.00,success
10509,1409,2023-05-23,10.00,success
10510,1409,2023-04-23,10.00,success
10511,1409,2023-03-23,10.00,success
10512,1409,2023-02-23,10.00,success
10513,1410,2024-12-10,10.00,failed
10514,1410,2024-11-10,10.00,success
10515,1410,2024-10-10,10.00,success
10516,1410,2024-09-10,10.00,success
10517,1410,2024-08-10,10.00,success
10518,1410,2024-07-10,10.00,success
10519,1410,2024-06-10,10.00,success
10520,1410,2024-05-10,10.00,success
10521,1410,2024-04-10,10.00,success
10522,1411,2024-08-15,25.00,success
10523,1411,2024-07-15,25.00,success
10524,1411,2024-06-15,25.00,success
10525,1411,2024-05-15,25.00,success
10526,1411,2024-04-15,25.00,success
10527,1411,2024-03-15,25.00,success
10528,1411,2024-02-15,25.00,success
10529,1411,2024-01-15,25.00,success
10530,1411,2023-12-15,25.00,success
10531,1411,2023-11-15,25.00,success
10532,1411,2023-10-15,25.00,success
10533,1411,2023-09-15,25.00,success
10534,1412,2024-04-17,25.00,failed
10535,1412,2024-03-17,25.00,success
10536,1412,2024-02-17,25.00,success
10537,1412,2024-01-17,25.00,success
10538,1412,2023-12-17,25.00,success
10539,1412,2023-11-17,25.00,success
10540,1413,2023-08-17,25.00,success
10541,1413,2023-07-17,25.00,failed
10542,1413,2023-06-17,25.00,success
10543,1413,2023-05-17,25.00,success
10544,1413,2023-04-17,25.00,success
10545,1414,2024-04-11,10.00,success
10546,1414,2024-03-11,10.00,success
10547,1414,2024-02-11,10.00,success
10548,1414,2024-01-11,10.00,success
10549,1414,2023-12-11,10.00,success
10550,1414,2023-11-11,10.00,success
10551,1415,2024-08-18,10.00,success
10552,1415,2024-07-18,10.00,success
10553,1415,2024-06-18,10.00,success
10554,1415,2024-05-18,10.00,success
10555,1415,2024-04-18,10.00,success
10556,1416,2024-08-08,10.00,success
10557,1416,2024-07-08,10.00,success
10558,1416,2024-06-08,10.00,success
10559,1416,2024-05-08,10.00,success
10560,1416,2024-04-08,10.00,success
10561,1416,2024-03-08,10.00,success
10562,1416,2024-02-08,10.00,success
10563,1417,2023-11-11,10.00,success
10564,1417,2023-10-11,10.00,success
10565,1417,2023-09-11,10.00,success
10566,1417,2023-08-11,10.00,success
10567,1417,2023-07-11,10.00,success
10568,1417,2023-06-11,10.00,success
10569,1417,2023-05-11,10.00,success
10570,1417,2023-04-11,10.00,success
10571,1417,2023-03-11,10.00,success
10572,1417,2023-02-11,10.00,success
10573,1418,2023-07-13,10.00,success
10574,1418,2023-06-13,10.00,success
10575,1418,2023-05-13,10.00,success
10576,1418,2023-04-13,10.00,success
10577,1419,2024-07-15,10.00,success
10578,1419,2024-06-15,10.00,success
10579,1419,2024-05-15,10.00,success
10580,1420,2025-01-11,10.00,success
10581,1420,2024-12-11,10.00,success
10582,1420,2024-11-11,10.00,success
10583,1420,2024-10-11,10.00,success
10584,1420,2024-09-11,10.00,success
10585,1420,2024-08-11,10.00,success
10586,1420,2024-07-11,10.00,success
10587,1420,2024-06-11,10.00,success
10588,1421,2023-10-08,10.00,success
10589,1421,2023-09-08,10.00,success
10590,1421,2023-08-08,10.00,success
10591,1421,2023-07-08,10.00,failed
10592,1421,2023-06-08,10.00,success
10593,1422,2023-09-07,25.00,success
10594,1422,2023-08-07,25.00,success
10595,1422,2023-07-07,25.00,success
10596,1422,2023-06-07,25.00,success
10597,1423,2024-11-20,25.00,success
10598,1423,2024-10-20,25.00,success
10599,1423,2024-09-20,25.00,success
10600,1423,2024-08-20,25.00,success
10601,1423,2024-07-20,25.00,failed
10602,1423,2024-06-20,25.00,success
10603,1423,2024-05-20,25.00,success
10604,1423,2024-04-20,25.00,success
10605,1423,2024-03-20,25.00,success
10606,1423,2024-02-20,25.00,success
10607,1424,2024-04-03,10.00,success
10608,1424,2024-03-03,10.00,success
10609,1424,2024-02-03,10.00,success
10610,1424,2024-01-03,10.00,success
10611,1424,2023-12-03,10.00,success
10612,1424,2023-11-03,10.00,success
10613,1425,2024-06-15,10.00,success
10614,1425,2024-05-15,10.00,success
10615,1425,2024-04-15,10.00,success
10616,1425,2024-03-15,10.00,success
10617,1425,2024-02-15,10.00,success
10618,1425,2024-01-15,10.00,success
10619,1425,2023-12-15,10.00,success
10620,1425,2023-11-15,10.00,failed
10621,1425,2023-10-15,10.00,success
10622,1425,2023-09-15,10.00,success
10623,1425,2023-08-15,10.00,success
10624,1426,2024-09-28,10.00,success
10625,1426,2024-08-28,10.00,success
10626,1426,2024-07-28,10.00,success
10627,1426,2024-06-28,10.00,success
10628,1426,2024-05-28,10.00,success
10629,1426,2024-04-28,10.00,success
10630,1426,2024-03-28,10.00,failed
10631,1426,2024-02-28,10.00,success
10632,1427,2024-05-30,10.00,success
10633,1427,2024-04-30,10.00,success
10634,1427,2024-03-30,10.00,success
10635,1427,2024-02-29,10.00,success
10636,1427,2024-01-30,10.00,success
10637,1427,2023-12-30,10.00,success
10638,1427,2023-11-30,10.00,success
10639,1427,2023-10-30,10.00,success
10640,1427,2023-09-30,10.00,failed
10641,1427,2023-08-30,10.00,success
10642,1427,2023-07-30,10.00,success
10643,1427,2023-06-30,10.00,success
10644,1428,2023-12-25,10.00,success
10645,1428,2023-11-25,10.00,success
10646,1429,2024-02-24,25.00,success
10647,1429,2024-01-24,25.00,success
10648,1429,2023-12-24,25.00,success
10649,1429,2023-11-24,25.00,success
10650,1429,2023-10-24,25.00,success
10651,1430,2024-01-13,25.00,success
10652,1430,2023-12-13,25.00,success
10653,1430,2023-11-13,25.00,success
10654,1430,2023-10-13,25.00,success
10655,1430,2023-09-13,25.00,success
10656,1430,2023-08-13,25.00,success
10657,1430,2023-07-13,25.00,success
10658,1430,2023-06-13,25.00,success
10659,1430,2023-05-13,25.00,success
10660,1430,2023-04-13,25.00,success
10661,1431,2025-03-06,10.00,success
10662,1431,2025-02-06,10.00,success
10663,1431,2025-01-06,10.00,success
10664,1431,2024-12-06,10.00,success
10665,1431,2024-11-06,10.00,success
10666,1431,2024-10-06,10.00,success
10667,1431,2024-09-06,10.00,success
10668,1431,2024-08-06,10.00,success
10669,1431,2024-07-06,10.00,success
10670,1431,2024-06-06,10.00,success
10671,1431,2024-05-06,10.00,success
10672,1431,2024-04-06,10.00,success
10673,1432,2023-11-12,25.00,success
10674,1432,2023-10-12,25.00,success
10675,1432,2023-09-12,25.00,success
10676,1433,2025-01-07,10.00,success
10677,1433,2024-12-07,10.00,success
10678,1433,2024-11-07,10.00,success
10679,1433,2024-10-07,10.00,success
10680,1433,2024-09-07,10.00,success
10681,1433,2024-08-07,10.00,success
10682,1433,2024-07-07,10.00,success
10683,1433,2024-06-07,10.00,success
10684,1433,2024-05-07,10.00,success
10685,1433,2024-04-07,10.00,success
10686,1433,2024-03-07,10.00,success
10687,1433,2024-02-07,10.00,success
10688,1434,2024-04-25,10.00,success
10689,1434,2024-03-25,10.00,success
10690,1434,2024-02-25,10.00,success
10691,1434,2024-01-25,10.00,success
10692,1434,2023-12-25,10.00,success
10693,1435,2024-02-07,10.00,success
10694,1435,2024-01-07,10.00,success
10695,1435,2023-12-07,10.00,success
10696,1435,2023-11-07,10.00,success
10697,1435,2023-10-07,10.00,success
10698,1435,2023-09-07,10.00,success
10699,1435,2023-08-07,10.00,success
10700,1435,2023-07-07,10.00,success
10701,1435,2023-06-07,10.00,success
10702,1435,2023-05-07,10.00,success
10703,1436,2024-08-24,10.00,success
10704,1436,2024-07-24,10.00,success
10705,1436,2024-06-24,10.00,success
10706,1436,2024-05-24,10.00,success
10707,1436,2024-04-24,10.00,success
10708,1436,2024-03-24,10.00,success
10709,1436,2024-02-24,10.00,success
10710,1436,2024-01-24,10.00,success
10711,1436,2023-12-24,10.00,success
10712,1437,2024-02-20,10.00,success
10713,1437,2024-01-20,10.00,success
10714,1437,2023-12-20,10.00,success
10715,1437,2023-11-20,10.00,success
10716,1437,2023-10-20,10.00,success
10717,1437,2023-09-20,10.00,success
10718,1438,2024-12-08,10.00,success
10719,1438,2024-11-08,10.00,success
10720,1438,2024-10-08,10.00,success
10721,1438,2024-09-08,10.00,success
10722,1438,2024-08-08,10.00,success
10723,1438,2024-07-08,10.00,success
10724,1438,2024-06-08,10.00,success
10725,1438,2024-05-08,10.00,success
10726,1438,2024-04-08,10.00,success
10727,1438,2024-03-08,10.00,success
10728,1438,2024-02-08,10.00,success
10729,1438,2024-01-08,10.00,success
10730,1439,2024-06-01,10.00,success
10731,1439,2024-05-01,10.00,success
10732,1439,2024-04-01,10.00,success
10733,1439,2024-03-01,10.00,success
10734,1439,2024-02-01,10.00,success
10735,1439,2024-01-01,10.00,success
10736,1439,2023-12-01,10.00,success
10737,1439,2023-11-01,10.00,success
10738,1439,2023-10-01,10.00,success
10739,1439,2023-09-01,10.00,success
10740,1440,2024-10-21,10.00,failed
10741,1440,2024-09-21,10.00,success
10742,1440,2024-08-21,10.00,success
10743,1440,2024-07-21,10.00,success
10744,1440,2024-06-21,10.00,failed
10745,1441,2023-09-10,10.00,success
10746,1441,2023-08-10,10.00,success
10747,1441,2023-07-10,10.00,success
10748,1441,2023-06-10,10.00,success
10749,1441,2023-05-10,10.00,success
10750,1441,2023-04-10,10.00,success
10751,1441,2023-03-10,10.00,success
10752,1442,2024-05-14,25.00,success
10753,1442,2024-04-14,25.00,success
10754,1442,2024-03-14,25.00,success
10755,1442,2024-02-14,25.00,success
10756,1442,2024-01-14,25.00,success
10757,1443,2024-11-11,10.00,success
10758,1443,2024-10-11,10.00,success
10759,1443,2024-09-11,10.00,success
10760,1443,2024-08-11,10.00,success
10761,1443,2024-07-11,10.00,success
10762,1443,2024-06-11,10.00,success
10763,1443,2024-05-11,10.00,success
10764,1443,2024-04-11,10.00,success
10765,1443,2024-03-11,10.00,failed
10766,1443,2024-02-11,10.00,success
10767,1443,2024-01-11,10.00,success
10768,1444,2024-05-24,25.00,success
10769,1444,2024-04-24,25.00,success
10770,1444,2024-03-24,25.00,success
10771,1444,2024-02-24,25.00,success
10772,1444,2024-01-24,25.00,success
10773,1444,2023-12-24,25.00,success
10774,1444,2023-11-24,25.00,success
10775,1444,2023-10-24,25.00,success
10776,1444,2023-09-24,25.00,success
10777,1444,2023-08-24,25.00,success
10778,1445,2024-03-23,25.00,success
10779,1445,2024-02-23,25.00,success
10780,1445,2024-01-23,25.00,success
10781,1445,2023-12-23,25.00,success
10782,1445,2023-11-23,25.00,success
10783,1446,2024-10-27,25.00,success
10784,1446,2024-09-27,25.00,success
10785,1446,2024-08-27,25.00,success
10786,1446,2024-07-27,25.00,success
10787,1446,2024-06-27,25.00,success
10788,1446,2024-05-27,25.00,success
10789,1446,2024-04-27,25.00,success
10790,1446,2024-03-27,25.00,success
10791,1446,2024-02-27,25.00,success
10792,1446,2024-01-27,25.00,success
10793,1446,2023-12-27,25.00,success
10794,1447,2024-10-23,10.00,success
10795,1447,2024-09-23,10.00,success
10796,1447,2024-08-23,10.00,success
10797,1447,2024-07-23,10.00,success
10798,1447,2024-06-23,10.00,success
10799,1448,2024-04-10,10.00,success
10800,1448,2024-03-10,10.00,failed
10801,1448,2024-02-10,10.00,success
10802,1448,2024-01-10,10.00,success
10803,1448,2023-12-10,10.00,success
10804,1448,2023-11-10,10.00,success
10805,1448,2023-10-10,10.00,success
10806,1448,2023-09-10,10.00,success
10807,1448,2023-08-10,10.00,success
10808,1448,2023-07-10,10.00,success
10809,1449,2023-08-03,10.00,success
10810,1449,2023-07-03,10.00,success
10811,1449,2023-06-03,10.00,success
10812,1449,2023-05-03,10.00,success
10813,1449,2023-04-03,10.00,success
10814,1450,2024-08-15,25.00,success
10815,1450,2024-07-15,25.00,success
10816,1450,2024-06-15,25.00,failed
10817,1450,2024-05-15,25.00,success
10818,1450,2024-04-15,25.00,success
10819,1450,2024-03-15,25.00,success
10820,1450,2024-02-15,25.00,success
10821,1450,2024-01-15,25.00,success
10822,1450,2023-12-15,25.00,success
10823,1450,2023-11-15,25.00,success
10824,1451,2025-01-15,25.00,success
10825,1451,2024-12-15,25.00,success
10826,1451,2024-11-15,25.00,success
10827,1451,2024-10-15,25.00,success
10828,1451,2024-09-15,25.00,success
10829,1451,2024-08-15,25.00,success
10830,1451,2024-07-15,25.00,success
10831,1451,2024-06-15,25.00,failed
10832,1451,2024-05-15,25.00,success
10833,1451,2024-04-15,25.00,success
10834,1451,2024-03-15,25.00,success
10835,1452,2024-05-25,10.00,success
10836,1452,2024-04-25,10.00,success
10837,1452,2024-03-25,10.00,success
10838,1452,2024-02-25,10.00,success
10839,1452,2024-01-25,10.00,success
10840,1452,2023-12-25,10.00,success
10841,1452,2023-11-25,10.00,success
10842,1453,2024-02-15,25.00,success
10843,1453,2024-01-15,25.00,success
10844,1453,2023-12-15,25.00,success
10845,1453,2023-11-15,25.00,success
10846,1453,2023-10-15,25.00,success
10847,1453,2023-09-15,25.00,success
10848,1453,2023-08-15,25.00,success
10849,1453,2023-07-15,25.00,success
10850,1453,2023-06-15,25.00,success
10851,1453,2023-05-15,25.00,success
10852,1453,2023-04-15,25.00,success
10853,1454,2023-04-26,10.00,success
10854,1454,2023-03-26,10.00,success
10855,1454,2023-02-26,10.00,success
10856,1455,2025-02-28,10.00,success
10857,1455,2025-01-31,10.00,success
10858,1455,2024-12-31,10.00,success
10859,1455,2024-11-30,10.00,success
10860,1455,2024-10-31,10.00,success
10861,1455,2024-09-30,10.00,success
10862,1455,2024-08-31,10.00,success
10863,1455,2024-07-31,10.00,success
10864,1455,2024-06-30,10.00,success
10865,1455,2024-05-31,10.00,success
10866,1455,2024-04-30,10.00,success
10867,1455,2024-03-31,10.00,success
10868,1456,2024-02-06,25.00,failed
10869,1456,2024-01-06,25.00,success
10870,1456,2023-12-06,25.00,success
10871,1456,2023-11-06,25.00,success
10872,1456,2023-10-06,25.00,success
10873,1456,2023-09-06,25.00,success
10874,1456,2023-08-06,25.00,success
10875,1456,2023-07-06,25.00,failed
10876,1456,2023-06-06,25.00,success
10877,1456,2023-05-06,25.00,success
10878,1456,2023-04-06,25.00,success
10879,1456,2023-03-06,25.00,success
10880,1457,2023-08-17,10.00,success
10881,1457,2023-07-17,10.00,success
10882,1458,2024-06-17,10.00,success
10883,1458,2024-05-17,10.00,success
10884,1458,2024-04-17,10.00,success
10885,1458,2024-03-17,10.00,failed
10886,1458,2024-02-17,10.00,success
10887,1458,2024-01-17,10.00,success
10888,1458,2023-12-17,10.00,failed
10889,1458,2023-11-17,10.00,success
10890,1458,2023-10-17,10.00,success
10891,1458,2023-09-17,10.00,failed
10892,1458,2023-08-17,10.00,success
10893,1459,2023-08-27,10.00,success
10894,1459,2023-07-27,10.00,success
10895,1460,2023-09-19,10.00,success
10896,1460,2023-08-19,10.00,success
10897,1460,2023-07-19,10.00,success
10898,1460,2023-06-19,10.00,success
10899,1460,2023-05-19,10.00,success
10900,1460,2023-04-19,10.00,success
10901,1460,2023-03-19,10.00,success
10902,1461,2024-02-02,25.00,success
10903,1461,2024-01-02,25.00,success
10904,1461,2023-12-02,25.00,success
10905,1461,2023-11-02,25.00,success
10906,1461,2023-10-02,25.00,success
10907,1461,2023-09-02,25.00,success
10908,1462,2024-07-05,10.00,success
10909,1462,2024-06-05,10.00,success
10910,1462,2024-05-05,10.00,success
10911,1462,2024-04-05,10.00,success
10912,1462,2024-03-05,10.00,success
10913,1462,2024-02-05,10.00,success
10914,1463,2023-09-23,25.00,success
10915,1463,2023-08-23,25.00,success
10916,1463,2023-07-23,25.00,success
10917,1463,2023-06-23,25.00,success
10918,1463,2023-05-23,25.00,success
10919,1463,2023-04-23,25.00,success
10920,1464,2025-03-12,25.00,success
10921,1464,2025-02-12,25.00,success
10922,1464,2025-01-12,25.00,success
10923,1464,2024-12-12,25.00,failed
10924,1464,2024-11-12,25.00,success
10925,1464,2024-10-12,25.00,success
10926,1464,2024-09-12,25.00,success
10927,1464,2024-08-12,25.00,success
10928,1464,2024-07-12,25.00,success
10929,1464,2024-06-12,25.00,success
10930,1464,2024-05-12,25.00,success
10931,1465,2024-02-29,25.00,success
10932,1465,2024-01-30,25.00,success
10933,1465,2023-12-30,25.00,success
10934,1465,2023-11-30,25.00,success
10935,1465,2023-10-30,25.00,success
10936,1466,2024-11-27,10.00,success
10937,1466,2024-10-27,10.00,success
10938,1466,2024-09-27,10.00,success
10939,1466,2024-08-27,10.00,success
10940,1466,2024-07-27,10.00,success
10941,1466,2024-06-27,10.00,success
10942,1466,2024-05-27,10.00,success
10943,1467,2024-03-13,25.00,success
10944,1467,2024-02-13,25.00,success
10945,1467,2024-01-13,25.00,success
10946,1467,2023-12-13,25.00,success
10947,1467,2023-11-13,25.00,success
10948,1467,2023-10-13,25.00,success
10949,1467,2023-09-13,25.00,failed
10950,1467,2023-08-13,25.00,success
10951,1468,2025-06-01,10.00,success
10952,1468,2025-05-01,10.00,success
10953,1468,2025-04-01,10.00,success
10954,1468,2025-03-01,10.00,success
10955,1468,2025-02-01,10.00,success
10956,1468,2025-01-01,10.00,failed
10957,1468,2024-12-01,10.00,success
10958,1468,2024-11-01,10.00,success
10959,1468,2024-10-01,10.00,failed
10960,1468,2024-09-01,10.00,success
10961,1468,2024-08-01,10.00,success
10962,1468,2024-07-01,10.00,success
10963,1469,2024-12-06,10.00,success
10964,1469,2024-11-06,10.00,success
10965,1469,2024-10-06,10.00,success
10966,1469,2024-09-06,10.00,success
10967,1469,2024-08-06,10.00,success
10968,1469,2024-07-06,10.00,success
10969,1469,2024-06-06,10.00,success
10970,1469,2024-05-06,10.00,success
10971,1470,2023-11-23,10.00,success
10972,1470,2023-10-23,10.00,success
10973,1470,2023-09-23,10.00,success
10974,1471,2024-11-02,10.00,failed
10975,1471,2024-10-02,10.00,success
10976,1471,2024-09-02,10.00,success
10977,1471,2024-08-02,10.00,success
10978,1471,2024-07-02,10.00,success
10979,1471,2024-06-02,10.00,success
10980,1471,2024-05-02,10.00,success
10981,1471,2024-04-02,10.00,success
10982,1471,2024-03-02,10.00,failed
10983,1471,2024-02-02,10.00,success
10984,1471,2024-01-02,10.00,success
10985,1471,2023-12-02,10.00,success
10986,1472,2023-09-01,25.00,success
10987,1472,2023-08-01,25.00,success
10988,1472,2023-07-01,25.00,success
10989,1472,2023-06-01,25.00,success
10990,1472,2023-05-01,25.00,success
10991,1472,2023-04-01,25.00,success
10992,1473,2024-11-05,10.00,failed
10993,1473,2024-10-05,10.00,success
10994,1473,2024-09-05,10.00,success
10995,1473,2024-08-05,10.00,success
10996,1473,2024-07-05,10.00,success
10997,1473,2024-06-05,10.00,success
10998,1473,2024-05-05,10.00,success
10999,1473,2024-04-05,10.00,success
11000,1473,2024-03-05,10.00,success
11001,1474,2025-03-09,10.00,success
11002,1474,2025-02-09,10.00,success
11003,1474,2025-01-09,10.00,success
11004,1474,2024-12-09,10.00,success
11005,1474,2024-11-09,10.00,success
11006,1474,2024-10-09,10.00,success
11007,1474,2024-09-09,10.00,success
11008,1474,2024-08-09,10.00,success
11009,1474,2024-07-09,10.00,success
11010,1474,2024-06-09,10.00,success
11011,1474,2024-05-09,10.00,success
11012,1474,2024-04-09,10.00,success
11013,1475,2024-04-12,10.00,success
11014,1475,2024-03-12,10.00,success
11015,1475,2024-02-12,10.00,success
11016,1475,2024-01-12,10.00,success
11017,1475,2023-12-12,10.00,success
11018,1475,2023-11-12,10.00,success
11019,1475,2023-10-12,10.00,success
11020,1475,2023-09-12,10.00,success
11021,1476,2025-03-16,10.00,success
11022,1476,2025-02-16,10.00,success
11023,1476,2025-01-16,10.00,success
11024,1476,2024-12-16,10.00,success
11025,1476,2024-11-16,10.00,success
11026,1476,2024-10-16,10.00,success
11027,1476,2024-09-16,10.00,success
11028,1476,2024-08-16,10.00,success
11029,1476,2024-07-16,10.00,success
11030,1476,2024-06-16,10.00,success
11031,1476,2024-05-16,10.00,success
11032,1477,2024-06-11,10.00,success
11033,1477,2024-05-11,10.00,success
11034,1477,2024-04-11,10.00,success
11035,1477,2024-03-11,10.00,success
11036,1477,2024-02-11,10.00,success
11037,1477,2024-01-11,10.00,success
11038,1477,2023-12-11,10.00,failed
11039,1477,2023-11-11,10.00,success
11040,1477,2023-10-11,10.00,success
11041,1478,2023-12-22,10.00,success
11042,1478,2023-11-22,10.00,success
11043,1478,2023-10-22,10.00,success
11044,1478,2023-09-22,10.00,success
11045,1478,2023-08-22,10.00,success
11046,1478,2023-07-22,10.00,success
11047,1478,2023-06-22,10.00,success
11048,1478,2023-05-22,10.00,failed
11049,1479,2024-06-10,10.00,success
11050,1479,2024-05-10,10.00,success
11051,1479,2024-04-10,10.00,success
11052,1479,2024-03-10,10.00,success
11053,1479,2024-02-10,10.00,success
11054,1479,2024-01-10,10.00,success
11055,1480,2024-05-03,25.00,success
11056,1480,2024-04-03,25.00,success
11057,1480,2024-03-03,25.00,success
11058,1480,2024-02-03,25.00,success
11059,1480,2024-01-03,25.00,success
11060,1480,2023-12-03,25.00,success
11061,1480,2023-11-03,25.00,success
11062,1480,2023-10-03,25.00,success
11063,1480,2023-09-03,25.00,success
11064,1480,2023-08-03,25.00,success
11065,1480,2023-07-03,25.00,success
11066,1481,2023-12-05,25.00,success
11067,1481,2023-11-05,25.00,success
11068,1481,2023-10-05,25.00,failed
11069,1481,2023-09-05,25.00,failed
11070,1481,2023-08-05,25.00,success
11071,1482,2024-06-05,25.00,success
11072,1482,2024-05-05,25.00,success
11073,1482,2024-04-05,25.00,success
11074,1482,2024-03-05,25.00,success
11075,1482,2024-02-05,25.00,failed
11076,1482,2024-01-05,25.00,success
11077,1482,2023-12-05,25.00,success
11078,1482,2023-11-05,25.00,success
11079,1482,2023-10-05,25.00,success
11080,1482,2023-09-05,25.00,success
11081,1482,2023-08-05,25.00,success
11082,1482,2023-07-05,25.00,success
11083,1483,2024-12-06,10.00,failed
11084,1483,2024-11-06,10.00,success
11085,1483,2024-10-06,10.00,success
11086,1483,2024-09-06,10.00,success
11087,1483,2024-08-06,10.00,success
11088,1483,2024-07-06,10.00,success
11089,1483,2024-06-06,10.00,success
11090,1483,2024-05-06,10.00,success
11091,1483,2024-04-06,10.00,success
11092,1483,2024-03-06,10.00,success
11093,1483,2024-02-06,10.00,success
11094,1484,2025-02-11,25.00,success
11095,1484,2025-01-11,25.00,success
11096,1484,2024-12-11,25.00,success
11097,1484,2024-11-11,25.00,failed
11098,1484,2024-10-11,25.00,success
11099,1484,2024-09-11,25.00,success
11100,1484,2024-08-11,25.00,success
11101,1484,2024-07-11,25.00,success
11102,1484,2024-06-11,25.00,success
11103,1484,2024-05-11,25.00,success
11104,1485,2023-11-06,10.00,success
11105,1485,2023-10-06,10.00,success
11106,1485,2023-09-06,10.00,success
11107,1486,2025-05-20,10.00,success
11108,1486,2025-04-20,10.00,success
11109,1486,2025-03-20,10.00,success
11110,1486,2025-02-20,10.00,success
11111,1486,2025-01-20,10.00,success
11112,1486,2024-12-20,10.00,success
11113,1486,2024-11-20,10.00,success
11114,1486,2024-10-20,10.00,success
11115,1486,2024-09-20,10.00,success
11116,1486,2024-08-20,10.00,success
11117,1486,2024-07-20,10.00,success
11118,1486,2024-06-20,10.00,success
11119,1487,2023-11-24,10.00,success
11120,1487,2023-10-24,10.00,success
11121,1487,2023-09-24,10.00,success
11122,1487,2023-08-24,10.00,success
11123,1487,2023-07-24,10.00,success
11124,1487,2023-06-24,10.00,success
11125,1487,2023-05-24,10.00,success
11126,1488,2024-05-25,10.00,success
11127,1488,2024-04-25,10.00,success
11128,1488,2024-03-25,10.00,success
11129,1488,2024-02-25,10.00,success
11130,1488,2024-01-25,10.00,success
11131,1488,2023-12-25,10.00,success
11132,1488,2023-11-25,10.00,success
11133,1489,2024-02-21,10.00,success
11134,1489,2024-01-21,10.00,success
11135,1489,2023-12-21,10.00,success
11136,1489,2023-11-21,10.00,success
11137,1489,2023-10-21,10.00,success
11138,1489,2023-09-21,10.00,success
11139,1489,2023-08-21,10.00,success
11140,1489,2023-07-21,10.00,failed
11141,1489,2023-06-21,10.00,success
11142,1489,2023-05-21,10.00,success
11143,1489,2023-04-21,10.00,success
11144,1490,2024-05-29,10.00,success
11145,1490,2024-04-29,10.00,success
11146,1490,2024-03-29,10.00,success
11147,1490,2024-02-29,10.00,success
11148,1490,2024-01-29,10.00,success
11149,1490,2023-12-29,10.00,success
11150,1490,2023-11-29,10.00,success
11151,1490,2023-10-29,10.00,success
11152,1490,2023-09-29,10.00,success
11153,1491,2023-07-04,10.00,success
11154,1491,2023-06-04,10.00,success
11155,1491,2023-05-04,10.00,success
11156,1491,2023-04-04,10.00,success
11157,1492,2024-03-14,25.00,success
11158,1492,2024-02-14,25.00,success
11159,1493,2024-09-20,25.00,success
11160,1493,2024-08-20,25.00,success
11161,1493,2024-07-20,25.00,success
11162,1493,2024-06-20,25.00,success
11163,1493,2024-05-20,25.00,success
11164,1493,2024-04-20,25.00,success
11165,1493,2024-03-20,25.00,success
11166,1493,2024-02-20,25.00,success
11167,1493,2024-01-20,25.00,success
11168,1494,2024-05-09,10.00,failed
11169,1494,2024-04-09,10.00,success
11170,1494,2024-03-09,10.00,success
11171,1494,2024-02-09,10.00,success
11172,1494,2024-01-09,10.00,success
11173,1494,2023-12-09,10.00,success
11174,1495,2024-07-29,25.00,success
11175,1495,2024-06-29,25.00,success
11176,1495,2024-05-29,25.00,success
11177,1495,2024-04-29,25.00,success
11178,1495,2024-03-29,25.00,success
11179,1496,2024-02-26,25.00,success
11180,1496,2024-01-26,25.00,success
11181,1496,2023-12-26,25.00,success
11182,1496,2023-11-26,25.00,success
11183,1496,2023-10-26,25.00,success
11184,1496,2023-09-26,25.00,success
11185,1496,2023-08-26,25.00,success
11186,1496,2023-07-26,25.00,success
11187,1496,2023-06-26,25.00,success
11188,1496,2023-05-26,25.00,success
11189,1496,2023-04-26,25.00,success
11190,1497,2024-02-21,10.00,success
11191,1497,2024-01-21,10.00,success
11192,1498,2024-08-07,10.00,success
11193,1498,2024-07-07,10.00,success
11194,1498,2024-06-07,10.00,success
11195,1498,2024-05-07,10.00,success
11196,1498,2024-04-07,10.00,success
11197,1499,2024-08-02,10.00,success
11198,1499,2024-07-02,10.00,success
11199,1499,2024-06-02,10.00,failed
11200,1499,2024-05-02,10.00,success
11201,1499,2024-04-02,10.00,success
11202,1499,2024-03-02,10.00,success
11203,1499,2024-02-02,10.00,success
11204,1500,2025-02-19,10.00,success
11205,1500,2025-01-19,10.00,success
11206,1500,2024-12-19,10.00,success
11207,1500,2024-11-19,10.00,success
11208,1500,2024-10-19,10.00,success
11209,1500,2024-09-19,10.00,success
11210,1500,2024-08-19,10.00,success
11211,1500,2024-07-19,10.00,success
11212,1500,2024-06-19,10.00,success
11213,1500,2024-05-19,10.00,success
11214,1500,2024-04-19,10.00,success
11215,1500,2024-03-19,10.00,success
11216,1501,2024-03-07,10.00,success
11217,1501,2024-02-07,10.00,success
11218,1501,2024-01-07,10.00,failed
11219,1501,2023-12-07,10.00,success
11220,1502,2024-02-07,10.00,success
11221,1502,2024-01-07,10.00,success
11222,1502,2023-12-07,10.00,success
11223,1502,2023-11-07,10.00,success
11224,1502,2023-10-07,10.00,success
11225,1502,2023-09-07,10.00,success
11226,1503,2023-06-01,25.00,success
11227,1503,2023-05-01,25.00,success
11228,1503,2023-04-01,25.00,success
11229,1504,2024-04-29,10.00,success
11230,1504,2024-03-29,10.00,success
11231,1504,2024-02-29,10.00,success
11232,1504,2024-01-29,10.00,success
11233,1504,2023-12-29,10.00,success
11234,1504,2023-11-29,10.00,success
11235,1505,2024-02-23,25.00,success
11236,1505,2024-01-23,25.00,success
11237,1505,2023-12-23,25.00,success
11238,1505,2023-11-23,25.00,success
11239,1505,2023-10-23,25.00,success
11240,1505,2023-09-23,25.00,success
11241,1505,2023-08-23,25.00,success
11242,1505,2023-07-23,25.00,success
11243,1506,2023-03-29,10.00,success
11244,1506,2023-02-28,10.00,success
11245,1506,2023-01-29,10.00,success
11246,1507,2023-11-30,25.00,success
11247,1507,2023-10-30,25.00,success
11248,1507,2023-09-30,25.00,success
11249,1507,2023-08-30,25.00,success
11250,1507,2023-07-30,25.00,success
11251,1507,2023-06-30,25.00,success
11252,1507,2023-05-30,25.00,success
11253,1508,2023-12-10,25.00,success
11254,1508,2023-11-10,25.00,success
11255,1508,2023-10-10,25.00,success
11256,1508,2023-09-10,25.00,success
11257,1508,2023-08-10,25.00,success
11258,1508,2023-07-10,25.00,success
11259,1508,2023-06-10,25.00,failed
11260,1508,2023-05-10,25.00,success
11261,1509,2024-08-26,25.00,success
11262,1509,2024-07-26,25.00,success
11263,1509,2024-06-26,25.00,success
11264,1509,2024-05-26,25.00,success
11265,1509,2024-04-26,25.00,success
11266,1509,2024-03-26,25.00,success
11267,1509,2024-02-26,25.00,success
11268,1509,2024-01-26,25.00,success
11269,1509,2023-12-26,25.00,success
11270,1510,2024-12-22,10.00,success
11271,1510,2024-11-22,10.00,success
11272,1510,2024-10-22,10.00,success
11273,1510,2024-09-22,10.00,success
11274,1510,2024-08-22,10.00,failed
11275,1510,2024-07-22,10.00,success
11276,1510,2024-06-22,10.00,success
11277,1510,2024-05-22,10.00,failed
11278,1510,2024-04-22,10.00,success
11279,1510,2024-03-22,10.00,success
11280,1510,2024-02-22,10.00,success
11281,1510,2024-01-22,10.00,success
11282,1511,2024-12-06,10.00,success
11283,1511,2024-11-06,10.00,failed
11284,1511,2024-10-06,10.00,success
11285,1511,2024-09-06,10.00,success
11286,1511,2024-08-06,10.00,success
11287,1511,2024-07-06,10.00,success
11288,1511,2024-06-06,10.00,success
11289,1511,2024-05-06,10.00,success
11290,1511,2024-04-06,10.00,success
11291,1511,2024-03-06,10.00,success
11292,1511,2024-02-06,10.00,success
11293,1511,2024-01-06,10.00,success
11294,1512,2023-10-22,10.00,success
11295,1512,2023-09-22,10.00,success
11296,1512,2023-08-22,10.00,success
11297,1512,2023-07-22,10.00,success
11298,1512,2023-06-22,10.00,success
11299,1513,2024-05-17,60.00,success
11300,1513,2024-04-17,60.00,success
11301,1514,2024-03-29,10.00,success
11302,1514,2024-02-29,10.00,success
11303,1515,2023-12-09,25.00,success
11304,1515,2023-11-09,25.00,failed
11305,1515,2023-10-09,25.00,success
11306,1515,2023-09-09,25.00,success
11307,1516,2025-02-21,25.00,success
11308,1516,2025-01-21,25.00,success
11309,1516,2024-12-21,25.00,success
11310,1516,2024-11-21,25.00,success
11311,1516,2024-10-21,25.00,success
11312,1516,2024-09-21,25.00,success
11313,1516,2024-08-21,25.00,success
11314,1516,2024-07-21,25.00,success
11315,1516,2024-06-21,25.00,success
11316,1516,2024-05-21,25.00,success
11317,1516,2024-04-21,25.00,success
11318,1517,2024-04-12,25.00,success
11319,1517,2024-03-12,25.00,success
11320,1517,2024-02-12,25.00,success
11321,1517,2024-01-12,25.00,success
11322,1517,2023-12-12,25.00,success
11323,1517,2023-11-12,25.00,success
11324,1517,2023-10-12,25.00,success
11325,1517,2023-09-12,25.00,failed
11326,1517,2023-08-12,25.00,failed
11327,1517,2023-07-12,25.00,success
11328,1518,2024-10-13,10.00,success
11329,1518,2024-09-13,10.00,success
11330,1518,2024-08-13,10.00,success
11331,1518,2024-07-13,10.00,success
11332,1518,2024-06-13,10.00,success
11333,1518,2024-05-13,10.00,success
11334,1518,2024-04-13,10.00,success
11335,1518,2024-03-13,10.00,success
11336,1518,2024-02-13,10.00,success
11337,1518,2024-01-13,10.00,success
11338,1518,2023-12-13,10.00,success
11339,1519,2024-02-12,10.00,success
11340,1519,2024-01-12,10.00,success
11341,1519,2023-12-12,10.00,success
11342,1520,2023-09-06,10.00,success
11343,1520,2023-08-06,10.00,success
11344,1520,2023-07-06,10.00,success
11345,1520,2023-06-06,10.00,success
11346,1520,2023-05-06,10.00,success
11347,1520,2023-04-06,10.00,success
11348,1521,2023-07-28,10.00,success
11349,1521,2023-06-28,10.00,success
11350,1521,2023-05-28,10.00,success
11351,1522,2024-08-08,25.00,success
11352,1522,2024-07-08,25.00,success
11353,1522,2024-06-08,25.00,success
11354,1522,2024-05-08,25.00,success
11355,1522,2024-04-08,25.00,success
11356,1522,2024-03-08,25.00,success
11357,1522,2024-02-08,25.00,success
11358,1522,2024-01-08,25.00,success
11359,1522,2023-12-08,25.00,success
11360,1522,2023-11-08,25.00,success
11361,1522,2023-10-08,25.00,success
11362,1522,2023-09-08,25.00,success
11363,1523,2024-05-26,25.00,success
11364,1523,2024-04-26,25.00,success
11365,1524,2025-05-26,10.00,success
11366,1524,2025-04-26,10.00,success
11367,1524,2025-03-26,10.00,success
11368,1524,2025-02-26,10.00,success
11369,1524,2025-01-26,10.00,success
11370,1524,2024-12-26,10.00,success
11371,1524,2024-11-26,10.00,success
11372,1524,2024-10-26,10.00,success
11373,1524,2024-09-26,10.00,success
11374,1524,2024-08-26,10.00,success
11375,1524,2024-07-26,10.00,success
11376,1524,2024-06-26,10.00,success
11377,1525,2024-02-25,25.00,success
11378,1525,2024-01-25,25.00,success
11379,1525,2023-12-25,25.00,success
11380,1525,2023-11-25,25.00,success
11381,1525,2023-10-25,25.00,success
11382,1526,2024-04-25,10.00,success
11383,1526,2024-03-25,10.00,success
11384,1526,2024-02-25,10.00,success
11385,1526,2024-01-25,10.00,success
11386,1526,2023-12-25,10.00,success
11387,1526,2023-11-25,10.00,success
11388,1526,2023-10-25,10.00,success
11389,1526,2023-09-25,10.00,success
11390,1526,2023-08-25,10.00,success
11391,1526,2023-07-25,10.00,success
11392,1527,2023-11-27,25.00,success
11393,1527,2023-10-27,25.00,success
11394,1527,2023-09-27,25.00,success
11395,1527,2023-08-27,25.00,success
11396,1527,2023-07-27,25.00,success
11397,1527,2023-06-27,25.00,success
11398,1527,2023-05-27,25.00,success
11399,1527,2023-04-27,25.00,success
11400,1527,2023-03-27,25.00,success
11401,1527,2023-02-27,25.00,success
11402,1527,2023-01-27,25.00,success
11403,1528,2024-04-02,25.00,success
11404,1528,2024-03-02,25.00,success
11405,1528,2024-02-02,25.00,success
11406,1528,2024-01-02,25.00,success
11407,1528,2023-12-02,25.00,success
11408,1528,2023-11-02,25.00,success
11409,1528,2023-10-02,25.00,success
11410,1528,2023-09-02,25.00,success
11411,1528,2023-08-02,25.00,success
11412,1528,2023-07-02,25.00,success
11413,1528,2023-06-02,25.00,success
11414,1528,2023-05-02,25.00,success
11415,1529,2024-02-20,10.00,success
11416,1529,2024-01-20,10.00,success
11417,1529,2023-12-20,10.00,failed
11418,1529,2023-11-20,10.00,success
11419,1529,2023-10-20,10.00,success
11420,1529,2023-09-20,10.00,success
11421,1529,2023-08-20,10.00,success
11422,1529,2023-07-20,10.00,success
11423,1529,2023-06-20,10.00,success
11424,1529,2023-05-20,10.00,success
11425,1530,2024-09-30,10.00,success
11426,1530,2024-08-30,10.00,success
11427,1530,2024-07-30,10.00,success
11428,1530,2024-06-30,10.00,success
11429,1530,2024-05-30,10.00,success
11430,1530,2024-04-30,10.00,success
11431,1530,2024-03-30,10.00,success
11432,1530,2024-02-29,10.00,success
11433,1530,2024-01-30,10.00,success
11434,1530,2023-12-30,10.00,success
11435,1530,2023-11-30,10.00,success
11436,1531,2024-07-07,10.00,success
11437,1531,2024-06-07,10.00,success
11438,1531,2024-05-07,10.00,success
11439,1531,2024-04-07,10.00,success
11440,1531,2024-03-07,10.00,success
11441,1531,2024-02-07,10.00,success
11442,1532,2024-03-06,25.00,success
11443,1532,2024-02-06,25.00,success
11444,1532,2024-01-06,25.00,success
11445,1533,2023-12-15,25.00,success
11446,1533,2023-11-15,25.00,success
11447,1533,2023-10-15,25.00,success
11448,1533,2023-09-15,25.00,success
11449,1533,2023-08-15,25.00,success
11450,1533,2023-07-15,25.00,success
11451,1533,2023-06-15,25.00,success
11452,1534,2024-06-04,10.00,failed
11453,1534,2024-05-04,10.00,success
11454,1535,2023-03-03,10.00,success
11455,1535,2023-02-03,10.00,success
11456,1536,2024-11-21,60.00,success
11457,1536,2024-10-21,60.00,success
11458,1536,2024-09-21,60.00,success
11459,1536,2024-08-21,60.00,success
11460,1536,2024-07-21,60.00,success
11461,1536,2024-06-21,60.00,success
11462,1536,2024-05-21,60.00,success
11463,1536,2024-04-21,60.00,success
11464,1537,2024-05-26,10.00,success
11465,1537,2024-04-26,10.00,success
11466,1537,2024-03-26,10.00,success
11467,1537,2024-02-26,10.00,success
11468,1537,2024-01-26,10.00,success
11469,1537,2023-12-26,10.00,success
11470,1537,2023-11-26,10.00,success
11471,1537,2023-10-26,10.00,success
11472,1538,2024-04-30,25.00,success
11473,1538,2024-03-30,25.00,success
11474,1538,2024-02-29,25.00,success
11475,1538,2024-01-30,25.00,success
11476,1538,2023-12-30,25.00,success
11477,1538,2023-11-30,25.00,failed
11478,1538,2023-10-30,25.00,success
11479,1538,2023-09-30,25.00,success
11480,1538,2023-08-30,25.00,success
11481,1539,2024-03-19,10.00,success
11482,1539,2024-02-19,10.00,success
11483,1539,2024-01-19,10.00,success
11484,1539,2023-12-19,10.00,success
11485,1540,2023-10-03,10.00,success
11486,1540,2023-09-03,10.00,success
11487,1540,2023-08-03,10.00,success
11488,1541,2025-04-18,10.00,success
11489,1541,2025-03-18,10.00,success
11490,1541,2025-02-18,10.00,success
11491,1541,2025-01-18,10.00,success
11492,1541,2024-12-18,10.00,success
11493,1541,2024-11-18,10.00,success
11494,1541,2024-10-18,10.00,success
11495,1541,2024-09-18,10.00,success
11496,1541,2024-08-18,10.00,success
11497,1541,2024-07-18,10.00,success
11498,1541,2024-06-18,10.00,success
11499,1541,2024-05-18,10.00,success
11500,1542,2024-08-26,25.00,success
11501,1542,2024-07-26,25.00,success
11502,1542,2024-06-26,25.00,success
11503,1542,2024-05-26,25.00,success
11504,1542,2024-04-26,25.00,success
11505,1542,2024-03-26,25.00,success
11506,1542,2024-02-26,25.00,success
11507,1543,2024-01-20,25.00,success
11508,1543,2023-12-20,25.00,success
11509,1544,2024-07-17,10.00,success
11510,1544,2024-06-17,10.00,success
11511,1545,2025-04-21,25.00,success
11512,1545,2025-03-21,25.00,success
11513,1545,2025-02-21,25.00,success
11514,1545,2025-01-21,25.00,success
11515,1545,2024-12-21,25.00,success
11516,1545,2024-11-21,25.00,success
11517,1545,2024-10-21,25.00,failed
11518,1545,2024-09-21,25.00,success
11519,1545,2024-08-21,25.00,success
11520,1545,2024-07-21,25.00,success
11521,1545,2024-06-21,25.00,success
11522,1545,2024-05-21,25.00,success
11523,1546,2024-05-01,10.00,success
11524,1546,2024-04-01,10.00,success
11525,1546,2024-03-01,10.00,success
11526,1546,2024-02-01,10.00,success
11527,1546,2024-01-01,10.00,success
11528,1546,2023-12-01,10.00,success
11529,1546,2023-11-01,10.00,success
11530,1547,2024-07-23,10.00,success
11531,1547,2024-06-23,10.00,success
11532,1547,2024-05-23,10.00,success
11533,1547,2024-04-23,10.00,failed
11534,1547,2024-03-23,10.00,failed
11535,1547,2024-02-23,10.00,success
11536,1547,2024-01-23,10.00,success
11537,1548,2024-08-06,10.00,success
11538,1548,2024-07-06,10.00,failed
11539,1548,2024-06-06,10.00,success
11540,1548,2024-05-06,10.00,success
11541,1548,2024-04-06,10.00,success
11542,1548,2024-03-06,10.00,success
11543,1548,2024-02-06,10.00,success
11544,1548,2024-01-06,10.00,success
11545,1549,2023-03-11,10.00,success
11546,1549,2023-02-11,10.00,success
11547,1550,2024-08-15,10.00,success
11548,1550,2024-07-15,10.00,success
11549,1550,2024-06-15,10.00,success
11550,1550,2024-05-15,10.00,success
11551,1550,2024-04-15,10.00,success
11552,1550,2024-03-15,10.00,success
11553,1550,2024-02-15,10.00,success
11554,1550,2024-01-15,10.00,success
11555,1550,2023-12-15,10.00,failed
11556,1550,2023-11-15,10.00,success
11557,1550,2023-10-15,10.00,success
11558,1550,2023-09-15,10.00,success
11559,1551,2024-12-23,25.00,success
11560,1551,2024-11-23,25.00,success
11561,1551,2024-10-23,25.00,success
11562,1551,2024-09-23,25.00,success
11563,1551,2024-08-23,25.00,failed
11564,1551,2024-07-23,25.00,success
11565,1551,2024-06-23,25.00,success
11566,1552,2024-10-13,25.00,success
11567,1552,2024-09-13,25.00,success
11568,1552,2024-08-13,25.00,success
11569,1552,2024-07-13,25.00,success
11570,1552,2024-06-13,25.00,success
11571,1552,2024-05-13,25.00,success
11572,1553,2024-03-26,60.00,success
11573,1553,2024-02-26,60.00,success
11574,1553,2024-01-26,60.00,success
11575,1553,2023-12-26,60.00,failed
11576,1553,2023-11-26,60.00,success
11577,1553,2023-10-26,60.00,success
11578,1553,2023-09-26,60.00,success
11579,1553,2023-08-26,60.00,success
11580,1553,2023-07-26,60.00,success
11581,1553,2023-06-26,60.00,success
11582,1554,2023-05-27,10.00,success
11583,1554,2023-04-27,10.00,success
11584,1554,2023-03-27,10.00,success
11585,1554,2023-02-27,10.00,success
11586,1554,2023-01-27,10.00,success
11587,1555,2025-04-26,60.00,success
11588,1555,2025-03-26,60.00,success
11589,1555,2025-02-26,60.00,success
11590,1555,2025-01-26,60.00,success
11591,1555,2024-12-26,60.00,success
11592,1555,2024-11-26,60.00,success
11593,1555,2024-10-26,60.00,failed
11594,1555,2024-09-26,60.00,success
11595,1555,2024-08-26,60.00,failed
11596,1555,2024-07-26,60.00,success
11597,1555,2024-06-26,60.00,success
11598,1555,2024-05-26,60.00,failed
11599,1556,2024-04-24,10.00,success
11600,1556,2024-03-24,10.00,success
11601,1556,2024-02-24,10.00,success
11602,1557,2025-03-04,10.00,failed
11603,1557,2025-02-04,10.00,success
11604,1557,2025-01-04,10.00,success
11605,1557,2024-12-04,10.00,success
11606,1557,2024-11-04,10.00,success
11607,1557,2024-10-04,10.00,success
11608,1557,2024-09-04,10.00,success
11609,1557,2024-08-04,10.00,success
11610,1557,2024-07-04,10.00,success
11611,1557,2024-06-04,10.00,success
11612,1557,2024-05-04,10.00,success
11613,1558,2023-08-03,10.00,success
11614,1558,2023-07-03,10.00,success
11615,1559,2024-03-25,10.00,success
11616,1559,2024-02-25,10.00,failed
11617,1559,2024-01-25,10.00,success
11618,1559,2023-12-25,10.00,success
11619,1559,2023-11-25,10.00,success
11620,1560,2024-10-20,10.00,success
11621,1560,2024-09-20,10.00,success
11622,1560,2024-08-20,10.00,success
11623,1560,2024-07-20,10.00,success
11624,1560,2024-06-20,10.00,failed
11625,1560,2024-05-20,10.00,success
11626,1560,2024-04-20,10.00,success
11627,1560,2024-03-20,10.00,success
11628,1560,2024-02-20,10.00,success
11629,1560,2024-01-20,10.00,success
11630,1560,2023-12-20,10.00,success
11631,1560,2023-11-20,10.00,success
11632,1561,2024-01-07,10.00,success
11633,1561,2023-12-07,10.00,success
11634,1562,2023-09-24,60.00,failed
11635,1562,2023-08-24,60.00,success
11636,1562,2023-07-24,60.00,success
11637,1562,2023-06-24,60.00,success
11638,1562,2023-05-24,60.00,success
11639,1562,2023-04-24,60.00,success
11640,1562,2023-03-24,60.00,success
11641,1562,2023-02-24,60.00,success
11642,1562,2023-01-24,60.00,success
11643,1563,2023-11-27,10.00,success
11644,1563,2023-10-27,10.00,success
11645,1563,2023-09-27,10.00,success
11646,1564,2023-10-01,10.00,success
11647,1564,2023-09-01,10.00,success
11648,1564,2023-08-01,10.00,success
11649,1565,2024-01-13,25.00,success
11650,1565,2023-12-13,25.00,success
11651,1565,2023-11-13,25.00,success
11652,1565,2023-10-13,25.00,success
11653,1565,2023-09-13,25.00,success
11654,1565,2023-08-13,25.00,success
11655,1565,2023-07-13,25.00,success
11656,1565,2023-06-13,25.00,success
11657,1565,2023-05-13,25.00,success
11658,1566,2024-04-28,10.00,success
11659,1566,2024-03-28,10.00,success
11660,1566,2024-02-28,10.00,success
11661,1566,2024-01-28,10.00,success
11662,1566,2023-12-28,10.00,success
11663,1566,2023-11-28,10.00,success
11664,1566,2023-10-28,10.00,success
11665,1566,2023-09-28,10.00,success
11666,1566,2023-08-28,10.00,success
11667,1566,2023-07-28,10.00,success
11668,1567,2024-10-16,25.00,success
11669,1567,2024-09-16,25.00,success
11670,1567,2024-08-16,25.00,success
11671,1567,2024-07-16,25.00,success
11672,1567,2024-06-16,25.00,success
11673,1568,2024-08-01,25.00,success
11674,1568,2024-07-01,25.00,success
11675,1568,2024-06-01,25.00,success
11676,1568,2024-05-01,25.00,success
11677,1568,2024-04-01,25.00,success
11678,1568,2024-03-01,25.00,success
11679,1568,2024-02-01,25.00,success
11680,1568,2024-01-01,25.00,success
11681,1568,2023-12-01,25.00,success
11682,1568,2023-11-01,25.00,success
11683,1568,2023-10-01,25.00,success
11684,1568,2023-09-01,25.00,failed
11685,1569,2023-09-12,10.00,success
11686,1569,2023-08-12,10.00,success
11687,1569,2023-07-12,10.00,success
11688,1569,2023-06-12,10.00,success
11689,1569,2023-05-12,10.00,success
11690,1569,2023-04-12,10.00,success
11691,1569,2023-03-12,10.00,success
11692,1570,2024-02-19,10.00,failed
11693,1570,2024-01-19,10.00,success
11694,1570,2023-12-19,10.00,success
11695,1570,2023-11-19,10.00,success
11696,1570,2023-10-19,10.00,success
11697,1571,2024-01-17,10.00,success
11698,1571,2023-12-17,10.00,success
11699,1571,2023-11-17,10.00,success
11700,1571,2023-10-17,10.00,success
11701,1571,2023-09-17,10.00,success
11702,1571,2023-08-17,10.00,success
11703,1571,2023-07-17,10.00,success
11704,1571,2023-06-17,10.00,success
11705,1571,2023-05-17,10.00,success
11706,1571,2023-04-17,10.00,success
11707,1571,2023-03-17,10.00,success
11708,1572,2024-02-20,10.00,failed
11709,1572,2024-01-20,10.00,success
11710,1572,2023-12-20,10.00,success
11711,1572,2023-11-20,10.00,success
11712,1573,2024-07-03,10.00,success
11713,1573,2024-06-03,10.00,success
11714,1573,2024-05-03,10.00,success
11715,1573,2024-04-03,10.00,success
11716,1573,2024-03-03,10.00,success
11717,1573,2024-02-03,10.00,success
11718,1574,2023-05-17,10.00,success
11719,1574,2023-04-17,10.00,success
11720,1574,2023-03-17,10.00,success
11721,1574,2023-02-17,10.00,success
11722,1575,2023-10-23,10.00,success
11723,1575,2023-09-23,10.00,success
11724,1576,2024-01-22,10.00,success
11725,1576,2023-12-22,10.00,success
11726,1576,2023-11-22,10.00,success
11727,1576,2023-10-22,10.00,success
11728,1576,2023-09-22,10.00,success
11729,1576,2023-08-22,10.00,success
11730,1576,2023-07-22,10.00,success
11731,1576,2023-06-22,10.00,success
11732,1576,2023-05-22,10.00,success
11733,1576,2023-04-22,10.00,success
11734,1577,2024-04-13,10.00,success
11735,1577,2024-03-13,10.00,success
11736,1577,2024-02-13,10.00,success
11737,1577,2024-01-13,10.00,success
11738,1577,2023-12-13,10.00,success
11739,1577,2023-11-13,10.00,success
11740,1577,2023-10-13,10.00,success
11741,1577,2023-09-13,10.00,success
11742,1577,2023-08-13,10.00,success
11743,1577,2023-07-13,10.00,success
11744,1577,2023-06-13,10.00,success
11745,1577,2023-05-13,10.00,success
11746,1578,2023-09-21,10.00,success
11747,1578,2023-08-21,10.00,success
11748,1578,2023-07-21,10.00,success
11749,1578,2023-06-21,10.00,success
11750,1578,2023-05-21,10.00,success
11751,1578,2023-04-21,10.00,success
11752,1578,2023-03-21,10.00,success
11753,1578,2023-02-21,10.00,success
11754,1579,2024-01-05,25.00,success
11755,1579,2023-12-05,25.00,success
11756,1579,2023-11-05,25.00,success
11757,1579,2023-10-05,25.00,success
11758,1579,2023-09-05,25.00,success
11759,1579,2023-08-05,25.00,success
11760,1579,2023-07-05,25.00,success
11761,1579,2023-06-05,25.00,success
11762,1579,2023-05-05,25.00,success
11763,1579,2023-04-05,25.00,success
11764,1580,2024-02-27,10.00,success
11765,1580,2024-01-27,10.00,success
11766,1580,2023-12-27,10.00,success
11767,1580,2023-11-27,10.00,success
11768,1580,2023-10-27,10.00,success
11769,1580,2023-09-27,10.00,success
11770,1580,2023-08-27,10.00,success
11771,1580,2023-07-27,10.00,success
11772,1580,2023-06-27,10.00,success
11773,1580,2023-05-27,10.00,success
11774,1580,2023-04-27,10.00,success
11775,1580,2023-03-27,10.00,success
11776,1581,2023-07-31,10.00,success
11777,1581,2023-06-30,10.00,success
11778,1581,2023-05-31,10.00,success
11779,1581,2023-04-30,10.00,success
11780,1581,2023-03-31,10.00,success
11781,1582,2024-08-03,10.00,success
11782,1582,2024-07-03,10.00,success
11783,1582,2024-06-03,10.00,success
11784,1582,2024-05-03,10.00,success
11785,1582,2024-04-03,10.00,success
11786,1582,2024-03-03,10.00,success
11787,1582,2024-02-03,10.00,success
11788,1583,2024-06-20,10.00,success
11789,1583,2024-05-20,10.00,success
11790,1583,2024-04-20,10.00,success
11791,1583,2024-03-20,10.00,failed
11792,1583,2024-02-20,10.00,success
11793,1583,2024-01-20,10.00,success
11794,1583,2023-12-20,10.00,success
11795,1583,2023-11-20,10.00,success
11796,1583,2023-10-20,10.00,success
11797,1583,2023-09-20,10.00,success
11798,1583,2023-08-20,10.00,success
11799,1583,2023-07-20,10.00,success
11800,1584,2025-02-28,25.00,success
11801,1584,2025-01-31,25.00,success
11802,1584,2024-12-31,25.00,success
11803,1584,2024-11-30,25.00,success
11804,1584,2024-10-31,25.00,success
11805,1584,2024-09-30,25.00,success
11806,1584,2024-08-31,25.00,success
11807,1584,2024-07-31,25.00,success
11808,1584,2024-06-30,25.00,success
11809,1584,2024-05-31,25.00,success
11810,1584,2024-04-30,25.00,success
11811,1584,2024-03-31,25.00,success
11812,1585,2024-04-21,10.00,success
11813,1585,2024-03-21,10.00,failed
11814,1585,2024-02-21,10.00,success
11815,1585,2024-01-21,10.00,success
11816,1585,2023-12-21,10.00,success
11817,1585,2023-11-21,10.00,success
11818,1585,2023-10-21,10.00,failed
11819,1585,2023-09-21,10.00,success
11820,1585,2023-08-21,10.00,success
11821,1586,2023-04-02,10.00,success
11822,1586,2023-03-02,10.00,success
11823,1587,2025-02-27,10.00,success
11824,1587,2025-01-27,10.00,success
11825,1587,2024-12-27,10.00,success
11826,1587,2024-11-27,10.00,success
11827,1587,2024-10-27,10.00,failed
11828,1587,2024-09-27,10.00,success
11829,1587,2024-08-27,10.00,success
11830,1587,2024-07-27,10.00,success
11831,1587,2024-06-27,10.00,success
11832,1588,2024-08-01,10.00,success
11833,1588,2024-07-01,10.00,success
11834,1588,2024-06-01,10.00,success
11835,1588,2024-05-01,10.00,success
11836,1588,2024-04-01,10.00,success
11837,1588,2024-03-01,10.00,success
11838,1588,2024-02-01,10.00,success
11839,1588,2024-01-01,10.00,success
11840,1588,2023-12-01,10.00,success
11841,1588,2023-11-01,10.00,success
11842,1589,2024-06-06,25.00,success
11843,1589,2024-05-06,25.00,success
11844,1589,2024-04-06,25.00,success
11845,1589,2024-03-06,25.00,success
11846,1589,2024-02-06,25.00,success
11847,1589,2024-01-06,25.00,success
11848,1590,2024-04-20,10.00,success
11849,1590,2024-03-20,10.00,failed
11850,1591,2024-03-18,25.00,success
11851,1591,2024-02-18,25.00,success
11852,1592,2023-08-25,10.00,success
11853,1592,2023-07-25,10.00,success
11854,1593,2023-08-27,10.00,success
11855,1593,2023-07-27,10.00,success
11856,1593,2023-06-27,10.00,success
11857,1593,2023-05-27,10.00,success
11858,1593,2023-04-27,10.00,success
11859,1593,2023-03-27,10.00,success
11860,1593,2023-02-27,10.00,success
11861,1594,2025-02-20,10.00,success
11862,1594,2025-01-20,10.00,success
11863,1594,2024-12-20,10.00,success
11864,1594,2024-11-20,10.00,success
11865,1594,2024-10-20,10.00,success
11866,1594,2024-09-20,10.00,failed
11867,1594,2024-08-20,10.00,success
11868,1594,2024-07-20,10.00,success
11869,1594,2024-06-20,10.00,success
11870,1594,2024-05-20,10.00,success
11871,1594,2024-04-20,10.00,success
11872,1594,2024-03-20,10.00,success
11873,1595,2023-11-01,10.00,success
11874,1595,2023-10-01,10.00,success
11875,1595,2023-09-01,10.00,success
11876,1595,2023-08-01,10.00,success
11877,1595,2023-07-01,10.00,success
11878,1595,2023-06-01,10.00,success
11879,1595,2023-05-01,10.00,success
11880,1595,2023-04-01,10.00,success
11881,1595,2023-03-01,10.00,failed
11882,1596,2024-11-09,25.00,success
11883,1596,2024-10-09,25.00,success
11884,1596,2024-09-09,25.00,success
11885,1596,2024-08-09,25.00,success
11886,1596,2024-07-09,25.00,success
11887,1597,2024-01-06,10.00,success
11888,1597,2023-12-06,10.00,success
11889,1597,2023-11-06,10.00,success
11890,1598,2024-11-16,25.00,success
11891,1598,2024-10-16,25.00,success
11892,1598,2024-09-16,25.00,success
11893,1598,2024-08-16,25.00,success
11894,1598,2024-07-16,25.00,success
11895,1598,2024-06-16,25.00,success
11896,1599,2024-07-13,25.00,success
11897,1599,2024-06-13,25.00,success
11898,1599,2024-05-13,25.00,success
11899,1599,2024-04-13,25.00,success
11900,1599,2024-03-13,25.00,success
11901,1599,2024-02-13,25.00,success
11902,1600,2023-05-08,10.00,success
11903,1600,2023-04-08,10.00,success
11904,1600,2023-03-08,10.00,success
11905,1601,2023-08-15,10.00,success
11906,1601,2023-07-15,10.00,success
11907,1601,2023-06-15,10.00,success
11908,1601,2023-05-15,10.00,success
11909,1601,2023-04-15,10.00,success
11910,1602,2023-03-13,10.00,success
11911,1602,2023-02-13,10.00,success
11912,1603,2024-12-26,10.00,success
11913,1603,2024-11-26,10.00,success
11914,1603,2024-10-26,10.00,success
11915,1603,2024-09-26,10.00,success
11916,1603,2024-08-26,10.00,failed
11917,1603,2024-07-26,10.00,success
11918,1603,2024-06-26,10.00,success
11919,1603,2024-05-26,10.00,success
11920,1603,2024-04-26,10.00,success
11921,1603,2024-03-26,10.00,success
11922,1603,2024-02-26,10.00,success
11923,1604,2024-09-10,10.00,success
11924,1604,2024-08-10,10.00,success
11925,1604,2024-07-10,10.00,failed
11926,1604,2024-06-10,10.00,success
11927,1604,2024-05-10,10.00,success
11928,1604,2024-04-10,10.00,success
11929,1604,2024-03-10,10.00,success
11930,1604,2024-02-10,10.00,failed
11931,1605,2025-01-07,25.00,success
11932,1605,2024-12-07,25.00,success
11933,1605,2024-11-07,25.00,success
11934,1605,2024-10-07,25.00,success
11935,1605,2024-09-07,25.00,success
11936,1605,2024-08-07,25.00,success
11937,1605,2024-07-07,25.00,success
11938,1605,2024-06-07,25.00,success
11939,1605,2024-05-07,25.00,success
11940,1605,2024-04-07,25.00,success
11941,1605,2024-03-07,25.00,success
11942,1606,2024-07-07,10.00,success
11943,1606,2024-06-07,10.00,success
11944,1606,2024-05-07,10.00,success
11945,1606,2024-04-07,10.00,success
11946,1606,2024-03-07,10.00,success
11947,1606,2024-02-07,10.00,success
11948,1606,2024-01-07,10.00,success
11949,1606,2023-12-07,10.00,success
11950,1606,2023-11-07,10.00,success
11951,1606,2023-10-07,10.00,success
11952,1606,2023-09-07,10.00,success
11953,1607,2023-11-23,10.00,success
11954,1607,2023-10-23,10.00,success
11955,1607,2023-09-23,10.00,failed
11956,1607,2023-08-23,10.00,success
11957,1607,2023-07-23,10.00,success
11958,1607,2023-06-23,10.00,success
11959,1607,2023-05-23,10.00,failed
11960,1607,2023-04-23,10.00,success
11961,1607,2023-03-23,10.00,success
11962,1607,2023-02-23,10.00,success
11963,1608,2025-03-18,10.00,success
11964,1608,2025-02-18,10.00,failed
11965,1608,2025-01-18,10.00,success
11966,1608,2024-12-18,10.00,success
11967,1608,2024-11-18,10.00,success
11968,1608,2024-10-18,10.00,success
11969,1608,2024-09-18,10.00,success
11970,1608,2024-08-18,10.00,success
11971,1608,2024-07-18,10.00,success
11972,1608,2024-06-18,10.00,success
11973,1608,2024-05-18,10.00,success
11974,1609,2023-08-30,10.00,success
11975,1609,2023-07-30,10.00,success
11976,1609,2023-06-30,10.00,success
11977,1609,2023-05-30,10.00,success
11978,1609,2023-04-30,10.00,success
11979,1610,2025-04-12,10.00,success
11980,1610,2025-03-12,10.00,success
11981,1610,2025-02-12,10.00,success
11982,1610,2025-01-12,10.00,success
11983,1610,2024-12-12,10.00,success
11984,1610,2024-11-12,10.00,success
11985,1610,2024-10-12,10.00,failed
11986,1610,2024-09-12,10.00,success
11987,1610,2024-08-12,10.00,success
11988,1610,2024-07-12,10.00,success
11989,1610,2024-06-12,10.00,success
11990,1610,2024-05-12,10.00,success
11991,1611,2024-09-12,10.00,success
11992,1611,2024-08-12,10.00,success
11993,1611,2024-07-12,10.00,success
11994,1611,2024-06-12,10.00,success
11995,1611,2024-05-12,10.00,failed
11996,1611,2024-04-12,10.00,success
11997,1611,2024-03-12,10.00,success
11998,1611,2024-02-12,10.00,success
11999,1612,2023-09-30,25.00,success
12000,1612,2023-08-30,25.00,success
12001,1612,2023-07-30,25.00,failed
12002,1612,2023-06-30,25.00,success
12003,1612,2023-05-30,25.00,success
12004,1612,2023-04-30,25.00,failed
12005,1613,2024-09-18,25.00,success
12006,1613,2024-08-18,25.00,success
12007,1613,2024-07-18,25.00,success
12008,1613,2024-06-18,25.00,success
12009,1613,2024-05-18,25.00,success
12010,1613,2024-04-18,25.00,success
12011,1613,2024-03-18,25.00,success
12012,1613,2024-02-18,25.00,success
12013,1613,2024-01-18,25.00,success
12014,1614,2024-05-29,10.00,success
12015,1614,2024-04-29,10.00,success
12016,1614,2024-03-29,10.00,failed
12017,1614,2024-02-29,10.00,success
12018,1614,2024-01-29,10.00,success
12019,1614,2023-12-29,10.00,failed
12020,1614,2023-11-29,10.00,success
12021,1614,2023-10-29,10.00,success
12022,1614,2023-09-29,10.00,failed
12023,1615,2023-03-05,60.00,success
12024,1615,2023-02-05,60.00,success
12025,1616,2024-03-10,25.00,success
12026,1616,2024-02-10,25.00,success
12027,1616,2024-01-10,25.00,success
12028,1616,2023-12-10,25.00,success
12029,1616,2023-11-10,25.00,success
12030,1616,2023-10-10,25.00,success
12031,1616,2023-09-10,25.00,success
12032,1616,2023-08-10,25.00,success
12033,1617,2023-07-17,10.00,success
12034,1617,2023-06-17,10.00,success
12035,1617,2023-05-17,10.00,success
12036,1617,2023-04-17,10.00,success
12037,1617,2023-03-17,10.00,success
12038,1618,2024-09-08,10.00,success
12039,1618,2024-08-08,10.00,success
12040,1618,2024-07-08,10.00,success
12041,1619,2025-03-17,25.00,success
12042,1619,2025-02-17,25.00,success
12043,1619,2025-01-17,25.00,success
12044,1619,2024-12-17,25.00,success
12045,1619,2024-11-17,25.00,success
12046,1619,2024-10-17,25.00,success
12047,1619,2024-09-17,25.00,success
12048,1619,2024-08-17,25.00,success
12049,1619,2024-07-17,25.00,success
12050,1619,2024-06-17,25.00,success
12051,1619,2024-05-17,25.00,success
12052,1619,2024-04-17,25.00,success
12053,1620,2023-08-11,10.00,success
12054,1620,2023-07-11,10.00,success
12055,1620,2023-06-11,10.00,success
12056,1620,2023-05-11,10.00,success
12057,1620,2023-04-11,10.00,success
12058,1621,2024-10-11,10.00,success
12059,1621,2024-09-11,10.00,success
12060,1621,2024-08-11,10.00,success
12061,1621,2024-07-11,10.00,success
12062,1621,2024-06-11,10.00,success
12063,1621,2024-05-11,10.00,success
12064,1621,2024-04-11,10.00,success
12065,1621,2024-03-11,10.00,success
12066,1621,2024-02-11,10.00,success
12067,1621,2024-01-11,10.00,success
12068,1621,2023-12-11,10.00,success
12069,1621,2023-11-11,10.00,success
12070,1622,2024-04-30,10.00,success
12071,1622,2024-03-30,10.00,success
12072,1622,2024-02-29,10.00,success
12073,1622,2024-01-30,10.00,success
12074,1623,2024-05-15,10.00,success
12075,1623,2024-04-15,10.00,success
12076,1623,2024-03-15,10.00,success
12077,1623,2024-02-15,10.00,success
12078,1623,2024-01-15,10.00,success
12079,1623,2023-12-15,10.00,success
12080,1623,2023-11-15,10.00,success
12081,1623,2023-10-15,10.00,success
12082,1623,2023-09-15,10.00,success
12083,1623,2023-08-15,10.00,success
12084,1623,2023-07-15,10.00,success
12085,1624,2024-03-01,10.00,success
12086,1624,2024-02-01,10.00,success
12087,1624,2024-01-01,10.00,success
12088,1624,2023-12-01,10.00,success
12089,1624,2023-11-01,10.00,success
12090,1624,2023-10-01,10.00,success
12091,1624,2023-09-01,10.00,success
12092,1625,2023-04-22,10.00,success
12093,1625,2023-03-22,10.00,success
12094,1626,2024-01-29,10.00,success
12095,1626,2023-12-29,10.00,success
12096,1626,2023-11-29,10.00,failed
12097,1626,2023-10-29,10.00,success
12098,1626,2023-09-29,10.00,success
12099,1626,2023-08-29,10.00,success
12100,1626,2023-07-29,10.00,success
12101,1626,2023-06-29,10.00,success
12102,1627,2024-08-11,10.00,success
12103,1627,2024-07-11,10.00,success
12104,1627,2024-06-11,10.00,success
12105,1628,2024-04-11,10.00,success
12106,1628,2024-03-11,10.00,success
12107,1628,2024-02-11,10.00,success
12108,1628,2024-01-11,10.00,success
12109,1628,2023-12-11,10.00,success
12110,1628,2023-11-11,10.00,success
12111,1628,2023-10-11,10.00,success
12112,1628,2023-09-11,10.00,success
12113,1628,2023-08-11,10.00,success
12114,1628,2023-07-11,10.00,failed
12115,1628,2023-06-11,10.00,success
12116,1628,2023-05-11,10.00,success
12117,1629,2025-01-26,10.00,success
12118,1629,2024-12-26,10.00,success
12119,1629,2024-11-26,10.00,success
12120,1629,2024-10-26,10.00,success
12121,1629,2024-09-26,10.00,success
12122,1629,2024-08-26,10.00,success
12123,1629,2024-07-26,10.00,success
12124,1629,2024-06-26,10.00,success
12125,1629,2024-05-26,10.00,success
12126,1629,2024-04-26,10.00,success
12127,1629,2024-03-26,10.00,success
12128,1629,2024-02-26,10.00,success
12129,1630,2024-04-21,10.00,success
12130,1630,2024-03-21,10.00,success
12131,1630,2024-02-21,10.00,success
12132,1630,2024-01-21,10.00,success
12133,1630,2023-12-21,10.00,success
12134,1630,2023-11-21,10.00,success
12135,1630,2023-10-21,10.00,success
12136,1630,2023-09-21,10.00,success
12137,1630,2023-08-21,10.00,success
12138,1630,2023-07-21,10.00,success
12139,1630,2023-06-21,10.00,success
12140,1630,2023-05-21,10.00,success
12141,1631,2024-04-08,25.00,success
12142,1631,2024-03-08,25.00,success
12143,1631,2024-02-08,25.00,success
12144,1631,2024-01-08,25.00,success
12145,1631,2023-12-08,25.00,success
12146,1631,2023-11-08,25.00,success
12147,1631,2023-10-08,25.00,success
12148,1631,2023-09-08,25.00,success
12149,1632,2024-01-26,10.00,success
12150,1632,2023-12-26,10.00,success
12151,1632,2023-11-26,10.00,success
12152,1632,2023-10-26,10.00,success
12153,1632,2023-09-26,10.00,success
12154,1632,2023-08-26,10.00,success
12155,1632,2023-07-26,10.00,success
12156,1632,2023-06-26,10.00,success
12157,1632,2023-05-26,10.00,success
12158,1632,2023-04-26,10.00,success
12159,1632,2023-03-26,10.00,success
12160,1632,2023-02-26,10.00,success
12161,1633,2024-04-06,25.00,success
12162,1633,2024-03-06,25.00,success
12163,1633,2024-02-06,25.00,success
12164,1633,2024-01-06,25.00,success
12165,1634,2024-04-17,10.00,success
12166,1634,2024-03-17,10.00,success
12167,1634,2024-02-17,10.00,success
12168,1634,2024-01-17,10.00,success
12169,1634,2023-12-17,10.00,success
12170,1634,2023-11-17,10.00,success
12171,1634,2023-10-17,10.00,success
12172,1634,2023-09-17,10.00,success
12173,1634,2023-08-17,10.00,success
12174,1634,2023-07-17,10.00,success
12175,1634,2023-06-17,10.00,success
12176,1634,2023-05-17,10.00,success
12177,1635,2024-07-01,10.00,success
12178,1635,2024-06-01,10.00,success
12179,1635,2024-05-01,10.00,failed
12180,1636,2023-11-30,10.00,success
12181,1636,2023-10-31,10.00,success
12182,1636,2023-09-30,10.00,success
12183,1636,2023-08-31,10.00,success
12184,1636,2023-07-31,10.00,success
12185,1636,2023-06-30,10.00,success
12186,1636,2023-05-31,10.00,success
12187,1637,2024-07-23,10.00,success
12188,1637,2024-06-23,10.00,success
12189,1637,2024-05-23,10.00,success
12190,1637,2024-04-23,10.00,success
12191,1637,2024-03-23,10.00,success
12192,1637,2024-02-23,10.00,success
12193,1638,2024-01-13,10.00,success
12194,1638,2023-12-13,10.00,success
12195,1638,2023-11-13,10.00,success
12196,1638,2023-10-13,10.00,success
12197,1639,2024-12-24,10.00,success
12198,1639,2024-11-24,10.00,success
12199,1639,2024-10-24,10.00,success
12200,1639,2024-09-24,10.00,success
12201,1639,2024-08-24,10.00,success
12202,1639,2024-07-24,10.00,success
12203,1639,2024-06-24,10.00,success
12204,1639,2024-05-24,10.00,failed
12205,1639,2024-04-24,10.00,failed
12206,1639,2024-03-24,10.00,success
12207,1639,2024-02-24,10.00,success
12208,1639,2024-01-24,10.00,success
12209,1640,2024-03-24,25.00,success
12210,1640,2024-02-24,25.00,success
12211,1640,2024-01-24,25.00,success
12212,1640,2023-12-24,25.00,success
12213,1640,2023-11-24,25.00,success
12214,1640,2023-10-24,25.00,success
12215,1640,2023-09-24,25.00,success
12216,1640,2023-08-24,25.00,success
12217,1641,2023-12-22,10.00,success
12218,1641,2023-11-22,10.00,success
12219,1641,2023-10-22,10.00,success
12220,1641,2023-09-22,10.00,success
12221,1641,2023-08-22,10.00,success
12222,1641,2023-07-22,10.00,failed
12223,1641,2023-06-22,10.00,success
12224,1641,2023-05-22,10.00,success
12225,1641,2023-04-22,10.00,success
12226,1641,2023-03-22,10.00,success
12227,1641,2023-02-22,10.00,success
12228,1641,2023-01-22,10.00,success
12229,1642,2024-08-19,10.00,success
12230,1642,2024-07-19,10.00,success
12231,1642,2024-06-19,10.00,success
12232,1642,2024-05-19,10.00,success
12233,1642,2024-04-19,10.00,success
12234,1642,2024-03-19,10.00,success
12235,1643,2023-11-09,10.00,success
12236,1643,2023-10-09,10.00,success
12237,1643,2023-09-09,10.00,success
12238,1643,2023-08-09,10.00,success
12239,1643,2023-07-09,10.00,success
12240,1643,2023-06-09,10.00,success
12241,1643,2023-05-09,10.00,success
12242,1643,2023-04-09,10.00,success
12243,1643,2023-03-09,10.00,success
12244,1643,2023-02-09,10.00,success
12245,1644,2024-03-24,25.00,failed
12246,1644,2024-02-24,25.00,success
12247,1644,2024-01-24,25.00,success
12248,1644,2023-12-24,25.00,success
12249,1644,2023-11-24,25.00,success
12250,1644,2023-10-24,25.00,success
12251,1644,2023-09-24,25.00,success
12252,1644,2023-08-24,25.00,success
12253,1644,2023-07-24,25.00,success
12254,1644,2023-06-24,25.00,success
12255,1644,2023-05-24,25.00,success
12256,1644,2023-04-24,25.00,success
12257,1645,2024-10-06,10.00,success
12258,1645,2024-09-06,10.00,success
12259,1645,2024-08-06,10.00,success
12260,1645,2024-07-06,10.00,success
12261,1645,2024-06-06,10.00,success
12262,1646,2024-02-26,10.00,success
12263,1646,2024-01-26,10.00,success
12264,1646,2023-12-26,10.00,success
12265,1646,2023-11-26,10.00,success
12266,1646,2023-10-26,10.00,success
12267,1646,2023-09-26,10.00,success
12268,1646,2023-08-26,10.00,success
12269,1646,2023-07-26,10.00,success
12270,1646,2023-06-26,10.00,success
12271,1646,2023-05-26,10.00,success
12272,1646,2023-04-26,10.00,success
12273,1647,2024-05-13,10.00,success
12274,1647,2024-04-13,10.00,success
12275,1647,2024-03-13,10.00,success
12276,1647,2024-02-13,10.00,success
12277,1647,2024-01-13,10.00,success
12278,1647,2023-12-13,10.00,failed
12279,1647,2023-11-13,10.00,success
12280,1647,2023-10-13,10.00,success
12281,1648,2025-03-16,10.00,success
12282,1648,2025-02-16,10.00,success
12283,1648,2025-01-16,10.00,success
12284,1648,2024-12-16,10.00,success
12285,1648,2024-11-16,10.00,success
12286,1648,2024-10-16,10.00,success
12287,1648,2024-09-16,10.00,success
12288,1648,2024-08-16,10.00,success
12289,1648,2024-07-16,10.00,success
12290,1648,2024-06-16,10.00,failed
12291,1648,2024-05-16,10.00,success
12292,1648,2024-04-16,10.00,success
12293,1649,2025-01-02,25.00,success
12294,1649,2024-12-02,25.00,success
12295,1649,2024-11-02,25.00,success
12296,1649,2024-10-02,25.00,success
12297,1649,2024-09-02,25.00,success
12298,1649,2024-08-02,25.00,success
12299,1649,2024-07-02,25.00,success
12300,1649,2024-06-02,25.00,success
12301,1649,2024-05-02,25.00,success
12302,1649,2024-04-02,25.00,success
12303,1649,2024-03-02,25.00,success
12304,1649,2024-02-02,25.00,success
12305,1650,2024-05-26,10.00,success
12306,1650,2024-04-26,10.00,success
12307,1650,2024-03-26,10.00,success
12308,1650,2024-02-26,10.00,success
12309,1650,2024-01-26,10.00,success
12310,1650,2023-12-26,10.00,success
12311,1650,2023-11-26,10.00,success
12312,1650,2023-10-26,10.00,success
12313,1650,2023-09-26,10.00,success
12314,1650,2023-08-26,10.00,success
12315,1650,2023-07-26,10.00,success
12316,1650,2023-06-26,10.00,success
12317,1651,2024-09-20,10.00,success
12318,1651,2024-08-20,10.00,success
12319,1651,2024-07-20,10.00,failed
12320,1651,2024-06-20,10.00,success
12321,1651,2024-05-20,10.00,success
12322,1651,2024-04-20,10.00,success
12323,1651,2024-03-20,10.00,success
12324,1651,2024-02-20,10.00,success
12325,1651,2024-01-20,10.00,success
12326,1652,2025-03-18,10.00,success
12327,1652,2025-02-18,10.00,success
12328,1652,2025-01-18,10.00,failed
12329,1652,2024-12-18,10.00,success
12330,1652,2024-11-18,10.00,success
12331,1652,2024-10-18,10.00,success
12332,1652,2024-09-18,10.00,success
12333,1652,2024-08-18,10.00,success
12334,1652,2024-07-18,10.00,success
12335,1652,2024-06-18,10.00,success
12336,1653,2024-06-15,25.00,success
12337,1653,2024-05-15,25.00,success
12338,1653,2024-04-15,25.00,success
12339,1653,2024-03-15,25.00,success
12340,1653,2024-02-15,25.00,success
12341,1653,2024-01-15,25.00,success
12342,1653,2023-12-15,25.00,success
12343,1653,2023-11-15,25.00,success
12344,1653,2023-10-15,25.00,success
12345,1654,2024-12-02,25.00,success
12346,1654,2024-11-02,25.00,success
12347,1654,2024-10-02,25.00,success
12348,1654,2024-09-02,25.00,success
12349,1654,2024-08-02,25.00,success
12350,1654,2024-07-02,25.00,success
12351,1654,2024-06-02,25.00,success
12352,1654,2024-05-02,25.00,success
12353,1654,2024-04-02,25.00,success
12354,1654,2024-03-02,25.00,success
12355,1654,2024-02-02,25.00,success
12356,1654,2024-01-02,25.00,success
12357,1655,2024-05-11,10.00,success
12358,1655,2024-04-11,10.00,success
12359,1655,2024-03-11,10.00,success
12360,1655,2024-02-11,10.00,success
12361,1656,2024-07-04,10.00,success
12362,1656,2024-06-04,10.00,success
12363,1656,2024-05-04,10.00,success
12364,1656,2024-04-04,10.00,success
12365,1656,2024-03-04,10.00,success
12366,1656,2024-02-04,10.00,success
12367,1657,2024-01-11,10.00,success
12368,1657,2023-12-11,10.00,success
12369,1657,2023-11-11,10.00,success
12370,1657,2023-10-11,10.00,success
12371,1657,2023-09-11,10.00,failed
12372,1657,2023-08-11,10.00,success
12373,1657,2023-07-11,10.00,success
12374,1657,2023-06-11,10.00,success
12375,1657,2023-05-11,10.00,success
12376,1657,2023-04-11,10.00,success
12377,1657,2023-03-11,10.00,success
12378,1658,2024-04-28,10.00,success
12379,1658,2024-03-28,10.00,success
12380,1658,2024-02-28,10.00,success
12381,1658,2024-01-28,10.00,success
12382,1659,2024-11-24,25.00,success
12383,1659,2024-10-24,25.00,success
12384,1659,2024-09-24,25.00,success
12385,1659,2024-08-24,25.00,success
12386,1659,2024-07-24,25.00,success
12387,1659,2024-06-24,25.00,success
12388,1659,2024-05-24,25.00,success
12389,1659,2024-04-24,25.00,success
12390,1659,2024-03-24,25.00,success
12391,1659,2024-02-24,25.00,success
12392,1659,2024-01-24,25.00,success
12393,1659,2023-12-24,25.00,success
12394,1660,2024-10-17,25.00,success
12395,1660,2024-09-17,25.00,success
12396,1660,2024-08-17,25.00,success
12397,1660,2024-07-17,25.00,success
12398,1660,2024-06-17,25.00,success
12399,1660,2024-05-17,25.00,success
12400,1660,2024-04-17,25.00,success
12401,1660,2024-03-17,25.00,success
12402,1660,2024-02-17,25.00,success
12403,1660,2024-01-17,25.00,success
12404,1661,2024-05-02,25.00,success
12405,1661,2024-04-02,25.00,success
12406,1662,2024-08-07,25.00,success
12407,1662,2024-07-07,25.00,success
12408,1662,2024-06-07,25.00,success
12409,1663,2024-01-01,25.00,success
12410,1663,2023-12-01,25.00,success
12411,1663,2023-11-01,25.00,success
12412,1663,2023-10-01,25.00,success
12413,1663,2023-09-01,25.00,success
12414,1664,2023-09-29,10.00,success
12415,1664,2023-08-29,10.00,success
12416,1664,2023-07-29,10.00,success
12417,1664,2023-06-29,10.00,failed
12418,1664,2023-05-29,10.00,success
12419,1664,2023-04-29,10.00,success
12420,1664,2023-03-29,10.00,success
12421,1665,2024-05-05,25.00,success
12422,1665,2024-04-05,25.00,success
12423,1665,2024-03-05,25.00,failed
12424,1665,2024-02-05,25.00,success
12425,1665,2024-01-05,25.00,success
12426,1665,2023-12-05,25.00,success
12427,1665,2023-11-05,25.00,success
12428,1666,2024-07-09,10.00,success
12429,1666,2024-06-09,10.00,success
12430,1666,2024-05-09,10.00,success
12431,1666,2024-04-09,10.00,success
12432,1666,2024-03-09,10.00,success
12433,1666,2024-02-09,10.00,success
12434,1666,2024-01-09,10.00,success
12435,1666,2023-12-09,10.00,success
12436,1666,2023-11-09,10.00,success
12437,1666,2023-10-09,10.00,success
12438,1666,2023-09-09,10.00,success
12439,1666,2023-08-09,10.00,success
12440,1667,2024-01-04,25.00,success
12441,1667,2023-12-04,25.00,success
12442,1667,2023-11-04,25.00,success
12443,1667,2023-10-04,25.00,success
12444,1667,2023-09-04,25.00,success
12445,1667,2023-08-04,25.00,success
12446,1667,2023-07-04,25.00,success
12447,1668,2024-09-20,10.00,success
12448,1668,2024-08-20,10.00,success
12449,1668,2024-07-20,10.00,success
12450,1668,2024-06-20,10.00,success
12451,1668,2024-05-20,10.00,success
12452,1669,2025-04-21,25.00,success
12453,1669,2025-03-21,25.00,success
12454,1669,2025-02-21,25.00,success
12455,1669,2025-01-21,25.00,success
12456,1669,2024-12-21,25.00,success
12457,1669,2024-11-21,25.00,success
12458,1669,2024-10-21,25.00,success
12459,1669,2024-09-21,25.00,success
12460,1669,2024-08-21,25.00,success
12461,1669,2024-07-21,25.00,success
12462,1669,2024-06-21,25.00,success
12463,1669,2024-05-21,25.00,success
12464,1670,2024-11-12,10.00,success
12465,1670,2024-10-12,10.00,success
12466,1670,2024-09-12,10.00,success
12467,1670,2024-08-12,10.00,success
12468,1670,2024-07-12,10.00,success
12469,1670,2024-06-12,10.00,success
12470,1670,2024-05-12,10.00,success
12471,1670,2024-04-12,10.00,success
12472,1671,2024-11-18,25.00,success
12473,1671,2024-10-18,25.00,success
12474,1671,2024-09-18,25.00,success
12475,1671,2024-08-18,25.00,success
12476,1671,2024-07-18,25.00,success
12477,1671,2024-06-18,25.00,success
12478,1671,2024-05-18,25.00,success
12479,1671,2024-04-18,25.00,success
12480,1671,2024-03-18,25.00,success
12481,1671,2024-02-18,25.00,success
12482,1671,2024-01-18,25.00,success
12483,1671,2023-12-18,25.00,success
12484,1672,2025-02-03,25.00,success
12485,1672,2025-01-03,25.00,success
12486,1672,2024-12-03,25.00,failed
12487,1672,2024-11-03,25.00,success
12488,1672,2024-10-03,25.00,success
12489,1672,2024-09-03,25.00,success
12490,1672,2024-08-03,25.00,success
12491,1672,2024-07-03,25.00,success
12492,1672,2024-06-03,25.00,success
12493,1672,2024-05-03,25.00,success
12494,1672,2024-04-03,25.00,failed
12495,1672,2024-03-03,25.00,success
12496,1673,2024-04-05,25.00,success
12497,1673,2024-03-05,25.00,success
12498,1673,2024-02-05,25.00,success
12499,1673,2024-01-05,25.00,success
12500,1673,2023-12-05,25.00,success
12501,1673,2023-11-05,25.00,success
12502,1673,2023-10-05,25.00,success
12503,1673,2023-09-05,25.00,success
12504,1673,2023-08-05,25.00,success
12505,1673,2023-07-05,25.00,success
12506,1674,2024-08-29,60.00,success
12507,1674,2024-07-29,60.00,success
12508,1674,2024-06-29,60.00,success
12509,1674,2024-05-29,60.00,success
12510,1674,2024-04-29,60.00,success
12511,1674,2024-03-29,60.00,success
12512,1674,2024-02-29,60.00,success
12513,1674,2024-01-29,60.00,success
12514,1675,2023-08-11,10.00,success
12515,1675,2023-07-11,10.00,success
12516,1675,2023-06-11,10.00,success
12517,1675,2023-05-11,10.00,success
12518,1675,2023-04-11,10.00,success
12519,1676,2024-07-08,25.00,success
12520,1676,2024-06-08,25.00,failed
12521,1676,2024-05-08,25.00,success
12522,1676,2024-04-08,25.00,success
12523,1676,2024-03-08,25.00,success
12524,1676,2024-02-08,25.00,success
12525,1676,2024-01-08,25.00,success
12526,1676,2023-12-08,25.00,success
12527,1676,2023-11-08,25.00,success
12528,1676,2023-10-08,25.00,success
12529,1676,2023-09-08,25.00,success
12530,1677,2023-12-25,25.00,success
12531,1677,2023-11-25,25.00,success
12532,1677,2023-10-25,25.00,success
12533,1677,2023-09-25,25.00,success
12534,1677,2023-08-25,25.00,success
12535,1677,2023-07-25,25.00,success
12536,1677,2023-06-25,25.00,success
12537,1678,2024-08-16,10.00,success
12538,1678,2024-07-16,10.00,success
12539,1678,2024-06-16,10.00,success
12540,1678,2024-05-16,10.00,success
12541,1678,2024-04-16,10.00,success
12542,1678,2024-03-16,10.00,success
12543,1678,2024-02-16,10.00,success
12544,1678,2024-01-16,10.00,success
12545,1678,2023-12-16,10.00,success
12546,1678,2023-11-16,10.00,success
12547,1679,2023-11-12,10.00,success
12548,1679,2023-10-12,10.00,success
12549,1679,2023-09-12,10.00,success
12550,1679,2023-08-12,10.00,success
12551,1679,2023-07-12,10.00,success
12552,1679,2023-06-12,10.00,failed
12553,1679,2023-05-12,10.00,success
12554,1679,2023-04-12,10.00,success
12555,1679,2023-03-12,10.00,success
12556,1679,2023-02-12,10.00,failed
12557,1680,2024-04-01,10.00,success
12558,1680,2024-03-01,10.00,success
12559,1680,2024-02-01,10.00,success
12560,1680,2024-01-01,10.00,success
12561,1680,2023-12-01,10.00,success
12562,1680,2023-11-01,10.00,success
12563,1680,2023-10-01,10.00,success
12564,1680,2023-09-01,10.00,success
12565,1680,2023-08-01,10.00,success
12566,1681,2024-03-09,10.00,success
12567,1681,2024-02-09,10.00,success
12568,1681,2024-01-09,10.00,success
12569,1681,2023-12-09,10.00,success
12570,1681,2023-11-09,10.00,success
12571,1681,2023-10-09,10.00,success
12572,1681,2023-09-09,10.00,success
12573,1681,2023-08-09,10.00,success
12574,1681,2023-07-09,10.00,failed
12575,1681,2023-06-09,10.00,success
12576,1681,2023-05-09,10.00,success
12577,1681,2023-04-09,10.00,success
12578,1682,2025-02-28,25.00,success
12579,1682,2025-01-29,25.00,success
12580,1682,2024-12-29,25.00,success
12581,1682,2024-11-29,25.00,success
12582,1682,2024-10-29,25.00,success
12583,1682,2024-09-29,25.00,success
12584,1682,2024-08-29,25.00,success
12585,1682,2024-07-29,25.00,success
12586,1682,2024-06-29,25.00,success
12587,1683,2024-12-17,10.00,success
12588,1683,2024-11-17,10.00,success
12589,1683,2024-10-17,10.00,failed
12590,1683,2024-09-17,10.00,success
12591,1683,2024-08-17,10.00,success
12592,1683,2024-07-17,10.00,success
12593,1683,2024-06-17,10.00,failed
12594,1684,2023-09-03,10.00,success
12595,1684,2023-08-03,10.00,success
12596,1684,2023-07-03,10.00,success
12597,1684,2023-06-03,10.00,success
12598,1685,2025-04-17,10.00,success
12599,1685,2025-03-17,10.00,success
12600,1685,2025-02-17,10.00,success
12601,1685,2025-01-17,10.00,success
12602,1685,2024-12-17,10.00,success
12603,1685,2024-11-17,10.00,success
12604,1685,2024-10-17,10.00,success
12605,1685,2024-09-17,10.00,success
12606,1685,2024-08-17,10.00,success
12607,1685,2024-07-17,10.00,success
12608,1685,2024-06-17,10.00,success
12609,1685,2024-05-17,10.00,success
12610,1686,2024-04-18,10.00,success
12611,1686,2024-03-18,10.00,failed
12612,1687,2023-12-02,25.00,success
12613,1687,2023-11-02,25.00,success
12614,1687,2023-10-02,25.00,success
12615,1687,2023-09-02,25.00,success
12616,1687,2023-08-02,25.00,success
12617,1688,2023-10-29,25.00,success
12618,1688,2023-09-29,25.00,success
12619,1688,2023-08-29,25.00,success
12620,1689,2023-08-07,10.00,success
12621,1689,2023-07-07,10.00,failed
12622,1689,2023-06-07,10.00,success
12623,1690,2024-02-03,10.00,success
12624,1690,2024-01-03,10.00,success
12625,1690,2023-12-03,10.00,success
12626,1690,2023-11-03,10.00,success
12627,1690,2023-10-03,10.00,success
12628,1690,2023-09-03,10.00,success
12629,1691,2024-06-09,25.00,success
12630,1691,2024-05-09,25.00,success
12631,1691,2024-04-09,25.00,success
12632,1691,2024-03-09,25.00,success
12633,1691,2024-02-09,25.00,success
12634,1691,2024-01-09,25.00,success
12635,1691,2023-12-09,25.00,failed
12636,1691,2023-11-09,25.00,success
12637,1691,2023-10-09,25.00,success
12638,1692,2024-01-22,10.00,success
12639,1692,2023-12-22,10.00,success
12640,1692,2023-11-22,10.00,success
12641,1692,2023-10-22,10.00,success
12642,1692,2023-09-22,10.00,success
12643,1692,2023-08-22,10.00,success
12644,1693,2024-12-27,10.00,success
12645,1693,2024-11-27,10.00,success
12646,1693,2024-10-27,10.00,success
12647,1693,2024-09-27,10.00,success
12648,1693,2024-08-27,10.00,success
12649,1693,2024-07-27,10.00,success
12650,1693,2024-06-27,10.00,success
12651,1693,2024-05-27,10.00,success
12652,1693,2024-04-27,10.00,success
12653,1693,2024-03-27,10.00,success
12654,1693,2024-02-27,10.00,success
12655,1693,2024-01-27,10.00,success
12656,1694,2024-06-24,10.00,success
12657,1694,2024-05-24,10.00,success
12658,1694,2024-04-24,10.00,success
12659,1694,2024-03-24,10.00,success
12660,1694,2024-02-24,10.00,success
12661,1694,2024-01-24,10.00,success
12662,1694,2023-12-24,10.00,success
12663,1694,2023-11-24,10.00,success
12664,1694,2023-10-24,10.00,success
12665,1695,2023-07-07,10.00,success
12666,1695,2023-06-07,10.00,success
12667,1695,2023-05-07,10.00,success
12668,1695,2023-04-07,10.00,success
12669,1695,2023-03-07,10.00,success
12670,1696,2024-12-03,25.00,success
12671,1696,2024-11-03,25.00,success
12672,1696,2024-10-03,25.00,success
12673,1696,2024-09-03,25.00,success
12674,1696,2024-08-03,25.00,success
12675,1696,2024-07-03,25.00,success
12676,1696,2024-06-03,25.00,success
12677,1696,2024-05-03,25.00,success
12678,1696,2024-04-03,25.00,success
12679,1696,2024-03-03,25.00,success
12680,1696,2024-02-03,25.00,failed
12681,1696,2024-01-03,25.00,success
12682,1697,2023-08-01,10.00,success
12683,1697,2023-07-01,10.00,failed
12684,1697,2023-06-01,10.00,success
12685,1697,2023-05-01,10.00,success
12686,1697,2023-04-01,10.00,success
12687,1697,2023-03-01,10.00,success
12688,1698,2024-05-20,10.00,success
12689,1698,2024-04-20,10.00,success
12690,1698,2024-03-20,10.00,success
12691,1698,2024-02-20,10.00,failed
12692,1698,2024-01-20,10.00,success
12693,1698,2023-12-20,10.00,success
12694,1698,2023-11-20,10.00,success
12695,1698,2023-10-20,10.00,success
12696,1698,2023-09-20,10.00,success
12697,1698,2023-08-20,10.00,success
12698,1698,2023-07-20,10.00,success
12699,1699,2025-01-27,25.00,success
12700,1699,2024-12-27,25.00,success
12701,1699,2024-11-27,25.00,success
12702,1699,2024-10-27,25.00,success
12703,1699,2024-09-27,25.00,success
12704,1699,2024-08-27,25.00,success
12705,1699,2024-07-27,25.00,success
12706,1699,2024-06-27,25.00,success
12707,1700,2024-07-16,25.00,success
12708,1700,2024-06-16,25.00,success
12709,1700,2024-05-16,25.00,success
12710,1700,2024-04-16,25.00,success
12711,1700,2024-03-16,25.00,success
12712,1700,2024-02-16,25.00,success
12713,1700,2024-01-16,25.00,success
12714,1700,2023-12-16,25.00,success
12715,1700,2023-11-16,25.00,success
12716,1701,2024-06-06,10.00,success
12717,1701,2024-05-06,10.00,success
12718,1701,2024-04-06,10.00,success
12719,1702,2024-01-27,10.00,success
12720,1702,2023-12-27,10.00,success
12721,1702,2023-11-27,10.00,success
12722,1702,2023-10-27,10.00,success
12723,1702,2023-09-27,10.00,failed
12724,1702,2023-08-27,10.00,success
12725,1702,2023-07-27,10.00,success
12726,1703,2023-05-13,25.00,success
12727,1703,2023-04-13,25.00,success
12728,1703,2023-03-13,25.00,success
12729,1703,2023-02-13,25.00,success
12730,1704,2024-01-25,10.00,success
12731,1704,2023-12-25,10.00,success
12732,1704,2023-11-25,10.00,failed
12733,1704,2023-10-25,10.00,success
12734,1704,2023-09-25,10.00,success
12735,1704,2023-08-25,10.00,success
12736,1704,2023-07-25,10.00,success
12737,1704,2023-06-25,10.00,success
12738,1704,2023-05-25,10.00,success
12739,1704,2023-04-25,10.00,success
12740,1704,2023-03-25,10.00,success
12741,1704,2023-02-25,10.00,success
12742,1705,2025-02-12,10.00,success
12743,1705,2025-01-12,10.00,success
12744,1705,2024-12-12,10.00,success
12745,1705,2024-11-12,10.00,success
12746,1705,2024-10-12,10.00,success
12747,1705,2024-09-12,10.00,success
12748,1705,2024-08-12,10.00,success
12749,1705,2024-07-12,10.00,success
12750,1705,2024-06-12,10.00,success
12751,1705,2024-05-12,10.00,success
12752,1705,2024-04-12,10.00,failed
12753,1706,2024-07-29,10.00,success
12754,1706,2024-06-29,10.00,success
12755,1706,2024-05-29,10.00,success
12756,1706,2024-04-29,10.00,success
12757,1706,2024-03-29,10.00,success
12758,1706,2024-02-29,10.00,success
12759,1706,2024-01-29,10.00,success
12760,1706,2023-12-29,10.00,success
12761,1706,2023-11-29,10.00,success
12762,1706,2023-10-29,10.00,success
12763,1706,2023-09-29,10.00,success
12764,1707,2024-03-08,10.00,failed
12765,1707,2024-02-08,10.00,success
12766,1707,2024-01-08,10.00,success
12767,1707,2023-12-08,10.00,success
12768,1707,2023-11-08,10.00,success
12769,1707,2023-10-08,10.00,success
12770,1707,2023-09-08,10.00,success
12771,1707,2023-08-08,10.00,success
12772,1707,2023-07-08,10.00,success
12773,1707,2023-06-08,10.00,success
12774,1707,2023-05-08,10.00,success
12775,1707,2023-04-08,10.00,success
12776,1708,2024-08-09,25.00,success
12777,1708,2024-07-09,25.00,success
12778,1708,2024-06-09,25.00,success
12779,1708,2024-05-09,25.00,success
12780,1708,2024-04-09,25.00,success
12781,1709,2023-12-04,10.00,success
12782,1709,2023-11-04,10.00,success
12783,1709,2023-10-04,10.00,success
12784,1709,2023-09-04,10.00,success
12785,1709,2023-08-04,10.00,success
12786,1710,2023-12-19,10.00,success
12787,1710,2023-11-19,10.00,success
12788,1710,2023-10-19,10.00,success
12789,1710,2023-09-19,10.00,success
12790,1711,2024-03-15,25.00,success
12791,1711,2024-02-15,25.00,success
12792,1711,2024-01-15,25.00,success
12793,1711,2023-12-15,25.00,success
12794,1711,2023-11-15,25.00,success
12795,1711,2023-10-15,25.00,success
12796,1711,2023-09-15,25.00,success
12797,1711,2023-08-15,25.00,success
12798,1711,2023-07-15,25.00,success
12799,1711,2023-06-15,25.00,success
12800,1712,2023-08-07,25.00,success
12801,1712,2023-07-07,25.00,success
12802,1712,2023-06-07,25.00,failed
12803,1712,2023-05-07,25.00,success
12804,1713,2024-09-22,10.00,success
12805,1713,2024-08-22,10.00,success
12806,1713,2024-07-22,10.00,success
12807,1713,2024-06-22,10.00,success
12808,1713,2024-05-22,10.00,success
12809,1713,2024-04-22,10.00,success
12810,1713,2024-03-22,10.00,success
12811,1713,2024-02-22,10.00,success
12812,1713,2024-01-22,10.00,success
12813,1714,2023-05-06,10.00,success
12814,1714,2023-04-06,10.00,success
12815,1715,2025-01-20,25.00,success
12816,1715,2024-12-20,25.00,success
12817,1715,2024-11-20,25.00,success
12818,1715,2024-10-20,25.00,success
12819,1715,2024-09-20,25.00,success
12820,1715,2024-08-20,25.00,success
12821,1715,2024-07-20,25.00,success
12822,1715,2024-06-20,25.00,success
12823,1715,2024-05-20,25.00,success
12824,1715,2024-04-20,25.00,success
12825,1715,2024-03-20,25.00,success
12826,1716,2024-04-24,10.00,success
12827,1716,2024-03-24,10.00,success
12828,1716,2024-02-24,10.00,success
12829,1716,2024-01-24,10.00,success
12830,1716,2023-12-24,10.00,success
12831,1716,2023-11-24,10.00,success
12832,1716,2023-10-24,10.00,success
12833,1716,2023-09-24,10.00,success
12834,1716,2023-08-24,10.00,success
12835,1717,2024-02-24,10.00,success
12836,1717,2024-01-24,10.00,success
12837,1717,2023-12-24,10.00,success
12838,1717,2023-11-24,10.00,success
12839,1717,2023-10-24,10.00,success
12840,1717,2023-09-24,10.00,success
12841,1717,2023-08-24,10.00,success
12842,1717,2023-07-24,10.00,success
12843,1717,2023-06-24,10.00,success
12844,1718,2024-05-18,10.00,success
12845,1718,2024-04-18,10.00,success
12846,1718,2024-03-18,10.00,success
12847,1719,2024-04-19,10.00,success
12848,1719,2024-03-19,10.00,success
12849,1719,2024-02-19,10.00,success
12850,1719,2024-01-19,10.00,success
12851,1719,2023-12-19,10.00,success
12852,1719,2023-11-19,10.00,success
12853,1719,2023-10-19,10.00,success
12854,1719,2023-09-19,10.00,success
12855,1719,2023-08-19,10.00,success
12856,1719,2023-07-19,10.00,success
12857,1719,2023-06-19,10.00,success
12858,1720,2024-06-30,10.00,success
12859,1720,2024-05-31,10.00,success
12860,1720,2024-04-30,10.00,success
12861,1720,2024-03-31,10.00,success
12862,1720,2024-02-29,10.00,success
12863,1720,2024-01-31,10.00,success
12864,1720,2023-12-31,10.00,failed
12865,1720,2023-11-30,10.00,success
12866,1720,2023-10-31,10.00,success
12867,1721,2023-08-26,10.00,success
12868,1721,2023-07-26,10.00,success
12869,1721,2023-06-26,10.00,success
12870,1721,2023-05-26,10.00,success
12871,1721,2023-04-26,10.00,failed
12872,1722,2025-02-01,25.00,failed
12873,1722,2025-01-01,25.00,success
12874,1722,2024-12-01,25.00,success
12875,1722,2024-11-01,25.00,success
12876,1722,2024-10-01,25.00,success
12877,1722,2024-09-01,25.00,success
12878,1722,2024-08-01,25.00,success
12879,1722,2024-07-01,25.00,success
12880,1722,2024-06-01,25.00,failed
12881,1722,2024-05-01,25.00,success
12882,1722,2024-04-01,25.00,success
12883,1723,2023-12-20,10.00,success
12884,1723,2023-11-20,10.00,success
12885,1723,2023-10-20,10.00,success
12886,1723,2023-09-20,10.00,success
12887,1723,2023-08-20,10.00,success
12888,1723,2023-07-20,10.00,success
12889,1723,2023-06-20,10.00,success
12890,1724,2025-02-18,25.00,success
12891,1724,2025-01-18,25.00,failed
12892,1724,2024-12-18,25.00,success
12893,1724,2024-11-18,25.00,success
12894,1724,2024-10-18,25.00,success
12895,1724,2024-09-18,25.00,success
12896,1724,2024-08-18,25.00,success
12897,1724,2024-07-18,25.00,success
12898,1724,2024-06-18,25.00,success
12899,1724,2024-05-18,25.00,success
12900,1724,2024-04-18,25.00,success
12901,1725,2024-12-27,10.00,success
12902,1725,2024-11-27,10.00,success
12903,1725,2024-10-27,10.00,success
12904,1725,2024-09-27,10.00,failed
12905,1725,2024-08-27,10.00,success
12906,1725,2024-07-27,10.00,success
12907,1725,2024-06-27,10.00,success
12908,1725,2024-05-27,10.00,success
12909,1725,2024-04-27,10.00,failed
12910,1725,2024-03-27,10.00,success
12911,1725,2024-02-27,10.00,success
12912,1726,2024-07-25,10.00,success
12913,1726,2024-06-25,10.00,success
12914,1726,2024-05-25,10.00,success
12915,1726,2024-04-25,10.00,success
12916,1726,2024-03-25,10.00,success
12917,1726,2024-02-25,10.00,success
12918,1727,2024-02-09,10.00,success
12919,1727,2024-01-09,10.00,success
12920,1727,2023-12-09,10.00,success
12921,1727,2023-11-09,10.00,success
12922,1727,2023-10-09,10.00,success
12923,1727,2023-09-09,10.00,success
12924,1727,2023-08-09,10.00,success
12925,1727,2023-07-09,10.00,success
12926,1727,2023-06-09,10.00,success
12927,1727,2023-05-09,10.00,success
12928,1727,2023-04-09,10.00,success
12929,1728,2024-01-03,25.00,success
12930,1728,2023-12-03,25.00,success
12931,1728,2023-11-03,25.00,success
12932,1728,2023-10-03,25.00,success
12933,1728,2023-09-03,25.00,success
12934,1728,2023-08-03,25.00,success
12935,1728,2023-07-03,25.00,success
12936,1729,2023-10-30,25.00,success
12937,1729,2023-09-30,25.00,success
12938,1729,2023-08-30,25.00,success
12939,1730,2024-01-04,25.00,success
12940,1730,2023-12-04,25.00,success
12941,1730,2023-11-04,25.00,success
12942,1730,2023-10-04,25.00,success
12943,1730,2023-09-04,25.00,success
12944,1730,2023-08-04,25.00,success
12945,1730,2023-07-04,25.00,success
12946,1730,2023-06-04,25.00,failed
12947,1730,2023-05-04,25.00,success
12948,1730,2023-04-04,25.00,success
12949,1730,2023-03-04,25.00,success
12950,1730,2023-02-04,25.00,success
12951,1731,2024-05-28,10.00,success
12952,1731,2024-04-28,10.00,success
12953,1731,2024-03-28,10.00,success
12954,1731,2024-02-28,10.00,success
12955,1731,2024-01-28,10.00,success
12956,1731,2023-12-28,10.00,success
12957,1731,2023-11-28,10.00,success
12958,1731,2023-10-28,10.00,success
12959,1731,2023-09-28,10.00,success
12960,1731,2023-08-28,10.00,success
12961,1732,2024-06-01,25.00,success
12962,1732,2024-05-01,25.00,success
12963,1732,2024-04-01,25.00,success
12964,1732,2024-03-01,25.00,success
12965,1732,2024-02-01,25.00,success
12966,1732,2024-01-01,25.00,success
12967,1732,2023-12-01,25.00,success
12968,1732,2023-11-01,25.00,success
12969,1732,2023-10-01,25.00,success
12970,1732,2023-09-01,25.00,success
12971,1732,2023-08-01,25.00,success
12972,1733,2024-01-05,10.00,success
12973,1733,2023-12-05,10.00,success
12974,1733,2023-11-05,10.00,success
12975,1734,2024-12-14,10.00,success
12976,1734,2024-11-14,10.00,success
12977,1734,2024-10-14,10.00,success
12978,1734,2024-09-14,10.00,success
12979,1734,2024-08-14,10.00,success
12980,1734,2024-07-14,10.00,success
12981,1734,2024-06-14,10.00,success
12982,1735,2023-08-01,10.00,failed
12983,1735,2023-07-01,10.00,success
12984,1735,2023-06-01,10.00,success
12985,1735,2023-05-01,10.00,success
12986,1736,2024-11-28,10.00,success
12987,1736,2024-10-28,10.00,failed
12988,1736,2024-09-28,10.00,success
12989,1736,2024-08-28,10.00,success
12990,1736,2024-07-28,10.00,success
12991,1736,2024-06-28,10.00,success
12992,1736,2024-05-28,10.00,success
12993,1736,2024-04-28,10.00,success
12994,1736,2024-03-28,10.00,success
12995,1736,2024-02-28,10.00,success
12996,1736,2024-01-28,10.00,success
12997,1736,2023-12-28,10.00,failed
12998,1737,2024-06-20,10.00,success
12999,1737,2024-05-20,10.00,success
13000,1738,2025-01-04,25.00,success
13001,1738,2024-12-04,25.00,success
13002,1738,2024-11-04,25.00,failed
13003,1738,2024-10-04,25.00,success
13004,1738,2024-09-04,25.00,success
13005,1738,2024-08-04,25.00,success
13006,1738,2024-07-04,25.00,failed
13007,1738,2024-06-04,25.00,success
13008,1738,2024-05-04,25.00,success
13009,1738,2024-04-04,25.00,success
13010,1738,2024-03-04,25.00,success
13011,1738,2024-02-04,25.00,success
13012,1739,2024-06-27,10.00,success
13013,1739,2024-05-27,10.00,success
13014,1739,2024-04-27,10.00,success
13015,1739,2024-03-27,10.00,success
13016,1739,2024-02-27,10.00,success
13017,1739,2024-01-27,10.00,success
13018,1739,2023-12-27,10.00,success
13019,1740,2024-05-17,25.00,success
13020,1740,2024-04-17,25.00,success
13021,1740,2024-03-17,25.00,success
13022,1740,2024-02-17,25.00,success
13023,1740,2024-01-17,25.00,success
13024,1741,2024-06-08,10.00,success
13025,1741,2024-05-08,10.00,success
13026,1741,2024-04-08,10.00,success
13027,1741,2024-03-08,10.00,success
13028,1741,2024-02-08,10.00,success
13029,1741,2024-01-08,10.00,success
13030,1741,2023-12-08,10.00,success
13031,1741,2023-11-08,10.00,success
13032,1741,2023-10-08,10.00,success
13033,1741,2023-09-08,10.00,success
13034,1742,2024-11-20,10.00,success
13035,1742,2024-10-20,10.00,success
13036,1742,2024-09-20,10.00,success
13037,1742,2024-08-20,10.00,success
13038,1742,2024-07-20,10.00,success
13039,1742,2024-06-20,10.00,success
13040,1742,2024-05-20,10.00,success
13041,1742,2024-04-20,10.00,success
13042,1742,2024-03-20,10.00,success
13043,1742,2024-02-20,10.00,success
13044,1742,2024-01-20,10.00,success
13045,1742,2023-12-20,10.00,success
13046,1743,2024-04-18,10.00,success
13047,1743,2024-03-18,10.00,success
13048,1743,2024-02-18,10.00,success
13049,1743,2024-01-18,10.00,success
13050,1743,2023-12-18,10.00,success
13051,1743,2023-11-18,10.00,success
13052,1743,2023-10-18,10.00,success
13053,1743,2023-09-18,10.00,success
13054,1743,2023-08-18,10.00,success
13055,1743,2023-07-18,10.00,success
13056,1744,2024-02-13,25.00,success
13057,1744,2024-01-13,25.00,success
13058,1744,2023-12-13,25.00,success
13059,1744,2023-11-13,25.00,success
13060,1744,2023-10-13,25.00,success
13061,1744,2023-09-13,25.00,success
13062,1745,2024-02-02,10.00,success
13063,1745,2024-01-02,10.00,success
13064,1745,2023-12-02,10.00,success
13065,1746,2023-12-16,10.00,success
13066,1746,2023-11-16,10.00,success
13067,1746,2023-10-16,10.00,success
13068,1746,2023-09-16,10.00,success
13069,1746,2023-08-16,10.00,success
13070,1746,2023-07-16,10.00,success
13071,1747,2025-03-06,10.00,success
13072,1747,2025-02-06,10.00,success
13073,1747,2025-01-06,10.00,success
13074,1747,2024-12-06,10.00,success
13075,1747,2024-11-06,10.00,success
13076,1747,2024-10-06,10.00,success
13077,1747,2024-09-06,10.00,success
13078,1747,2024-08-06,10.00,success
13079,1747,2024-07-06,10.00,success
13080,1747,2024-06-06,10.00,success
13081,1747,2024-05-06,10.00,success
13082,1747,2024-04-06,10.00,success
13083,1748,2024-05-28,10.00,failed
13084,1748,2024-04-28,10.00,success
13085,1748,2024-03-28,10.00,success
13086,1748,2024-02-28,10.00,success
13087,1748,2024-01-28,10.00,success
13088,1748,2023-12-28,10.00,success
13089,1748,2023-11-28,10.00,success
13090,1748,2023-10-28,10.00,success
13091,1748,2023-09-28,10.00,success
13092,1749,2024-06-02,25.00,success
13093,1749,2024-05-02,25.00,success
13094,1749,2024-04-02,25.00,success
13095,1750,2024-03-14,10.00,success
13096,1750,2024-02-14,10.00,success
13097,1751,2024-04-25,10.00,success
13098,1751,2024-03-25,10.00,success
13099,1751,2024-02-25,10.00,success
13100,1752,2024-02-13,10.00,success
13101,1752,2024-01-13,10.00,success
13102,1753,2025-01-03,10.00,success
13103,1753,2024-12-03,10.00,success
13104,1753,2024-11-03,10.00,success
13105,1753,2024-10-03,10.00,success
13106,1753,2024-09-03,10.00,success
13107,1753,2024-08-03,10.00,success
13108,1753,2024-07-03,10.00,success
13109,1753,2024-06-03,10.00,success
13110,1753,2024-05-03,10.00,failed
13111,1754,2023-10-03,25.00,success
13112,1754,2023-09-03,25.00,success
13113,1754,2023-08-03,25.00,success
13114,1754,2023-07-03,25.00,success
13115,1755,2023-06-08,10.00,success
13116,1755,2023-05-08,10.00,failed
13117,1755,2023-04-08,10.00,success
13118,1756,2024-08-09,25.00,success
13119,1756,2024-07-09,25.00,success
13120,1756,2024-06-09,25.00,success
13121,1756,2024-05-09,25.00,success
13122,1756,2024-04-09,25.00,success
13123,1756,2024-03-09,25.00,success
13124,1757,2024-07-18,25.00,success
13125,1757,2024-06-18,25.00,success
13126,1757,2024-05-18,25.00,success
13127,1757,2024-04-18,25.00,success
13128,1757,2024-03-18,25.00,success
13129,1757,2024-02-18,25.00,success
13130,1758,2023-08-03,10.00,success
13131,1758,2023-07-03,10.00,success
13132,1759,2024-03-29,25.00,success
13133,1759,2024-02-29,25.00,success
13134,1759,2024-01-29,25.00,success
13135,1759,2023-12-29,25.00,success
13136,1759,2023-11-29,25.00,success
13137,1759,2023-10-29,25.00,success
13138,1759,2023-09-29,25.00,success
13139,1759,2023-08-29,25.00,success
13140,1759,2023-07-29,25.00,success
13141,1759,2023-06-29,25.00,success
13142,1760,2023-05-30,10.00,success
13143,1760,2023-04-30,10.00,success
13144,1760,2023-03-30,10.00,success
13145,1760,2023-02-28,10.00,success
13146,1760,2023-01-30,10.00,success
13147,1761,2024-11-13,10.00,success
13148,1761,2024-10-13,10.00,failed
13149,1761,2024-09-13,10.00,success
13150,1761,2024-08-13,10.00,success
13151,1761,2024-07-13,10.00,success
13152,1761,2024-06-13,10.00,success
13153,1762,2024-01-26,10.00,success
13154,1762,2023-12-26,10.00,success
13155,1762,2023-11-26,10.00,success
13156,1762,2023-10-26,10.00,success
13157,1762,2023-09-26,10.00,success
13158,1762,2023-08-26,10.00,success
13159,1762,2023-07-26,10.00,success
13160,1762,2023-06-26,10.00,success
13161,1762,2023-05-26,10.00,success
13162,1762,2023-04-26,10.00,success
13163,1762,2023-03-26,10.00,success
13164,1762,2023-02-26,10.00,success
13165,1763,2023-05-28,25.00,success
13166,1763,2023-04-28,25.00,success
13167,1763,2023-03-28,25.00,success
13168,1763,2023-02-28,25.00,success
13169,1763,2023-01-28,25.00,success
13170,1764,2023-11-09,10.00,success
13171,1764,2023-10-09,10.00,success
13172,1764,2023-09-09,10.00,success
13173,1764,2023-08-09,10.00,success
13174,1764,2023-07-09,10.00,success
13175,1764,2023-06-09,10.00,success
13176,1764,2023-05-09,10.00,success
13177,1764,2023-04-09,10.00,success
13178,1765,2025-04-21,10.00,success
13179,1765,2025-03-21,10.00,success
13180,1765,2025-02-21,10.00,success
13181,1765,2025-01-21,10.00,success
13182,1765,2024-12-21,10.00,success
13183,1765,2024-11-21,10.00,success
13184,1765,2024-10-21,10.00,success
13185,1765,2024-09-21,10.00,success
13186,1765,2024-08-21,10.00,success
13187,1765,2024-07-21,10.00,success
13188,1765,2024-06-21,10.00,failed
13189,1766,2025-01-23,10.00,success
13190,1766,2024-12-23,10.00,success
13191,1766,2024-11-23,10.00,success
13192,1766,2024-10-23,10.00,success
13193,1766,2024-09-23,10.00,success
13194,1766,2024-08-23,10.00,success
13195,1766,2024-07-23,10.00,success
13196,1766,2024-06-23,10.00,success
13197,1766,2024-05-23,10.00,success
13198,1766,2024-04-23,10.00,success
13199,1766,2024-03-23,10.00,success
13200,1766,2024-02-23,10.00,failed
13201,1767,2023-04-16,60.00,success
13202,1767,2023-03-16,60.00,success
13203,1767,2023-02-16,60.00,success
13204,1768,2025-05-08,10.00,success
13205,1768,2025-04-08,10.00,success
13206,1768,2025-03-08,10.00,success
13207,1768,2025-02-08,10.00,success
13208,1768,2025-01-08,10.00,success
13209,1768,2024-12-08,10.00,success
13210,1768,2024-11-08,10.00,success
13211,1768,2024-10-08,10.00,success
13212,1768,2024-09-08,10.00,success
13213,1768,2024-08-08,10.00,success
13214,1768,2024-07-08,10.00,success
13215,1769,2023-11-27,10.00,success
13216,1769,2023-10-27,10.00,success
13217,1770,2024-02-12,10.00,success
13218,1770,2024-01-12,10.00,success
13219,1770,2023-12-12,10.00,success
13220,1770,2023-11-12,10.00,success
13221,1770,2023-10-12,10.00,success
13222,1770,2023-09-12,10.00,success
13223,1771,2024-02-06,25.00,success
13224,1771,2024-01-06,25.00,success
13225,1771,2023-12-06,25.00,success
13226,1771,2023-11-06,25.00,success
13227,1771,2023-10-06,25.00,success
13228,1771,2023-09-06,25.00,success
13229,1771,2023-08-06,25.00,success
13230,1772,2024-10-06,10.00,success
13231,1772,2024-09-06,10.00,success
13232,1772,2024-08-06,10.00,success
13233,1772,2024-07-06,10.00,success
13234,1772,2024-06-06,10.00,success
13235,1772,2024-05-06,10.00,success
13236,1772,2024-04-06,10.00,success
13237,1772,2024-03-06,10.00,success
13238,1772,2024-02-06,10.00,success
13239,1772,2024-01-06,10.00,success
13240,1772,2023-12-06,10.00,success
13241,1772,2023-11-06,10.00,success
13242,1773,2024-12-16,10.00,success
13243,1773,2024-11-16,10.00,success
13244,1773,2024-10-16,10.00,success
13245,1773,2024-09-16,10.00,success
13246,1773,2024-08-16,10.00,success
13247,1773,2024-07-16,10.00,success
13248,1773,2024-06-16,10.00,failed
13249,1773,2024-05-16,10.00,success
13250,1773,2024-04-16,10.00,success
13251,1773,2024-03-16,10.00,success
13252,1773,2024-02-16,10.00,failed
13253,1774,2024-06-21,25.00,failed
13254,1774,2024-05-21,25.00,success
13255,1774,2024-04-21,25.00,success
13256,1774,2024-03-21,25.00,success
13257,1774,2024-02-21,25.00,success
13258,1774,2024-01-21,25.00,success
13259,1774,2023-12-21,25.00,success
13260,1774,2023-11-21,25.00,success
13261,1774,2023-10-21,25.00,success
13262,1774,2023-09-21,25.00,success
13263,1774,2023-08-21,25.00,success
13264,1774,2023-07-21,25.00,success
13265,1775,2024-04-13,10.00,success
13266,1775,2024-03-13,10.00,success
13267,1775,2024-02-13,10.00,success
13268,1775,2024-01-13,10.00,success
13269,1775,2023-12-13,10.00,success
13270,1775,2023-11-13,10.00,success
13271,1775,2023-10-13,10.00,success
13272,1775,2023-09-13,10.00,success
13273,1775,2023-08-13,10.00,success
13274,1775,2023-07-13,10.00,success
13275,1776,2024-03-01,10.00,success
13276,1776,2024-02-01,10.00,success
13277,1777,2024-08-15,10.00,success
13278,1777,2024-07-15,10.00,success
13279,1777,2024-06-15,10.00,success
13280,1778,2024-07-20,10.00,success
13281,1778,2024-06-20,10.00,success
13282,1778,2024-05-20,10.00,failed
13283,1778,2024-04-20,10.00,success
13284,1778,2024-03-20,10.00,success
13285,1778,2024-02-20,10.00,success
13286,1778,2024-01-20,10.00,success
13287,1778,2023-12-20,10.00,success
13288,1778,2023-11-20,10.00,success
13289,1778,2023-10-20,10.00,success
13290,1778,2023-09-20,10.00,success
13291,1778,2023-08-20,10.00,success
13292,1779,2023-08-22,10.00,success
13293,1779,2023-07-22,10.00,success
13294,1779,2023-06-22,10.00,success
13295,1779,2023-05-22,10.00,success
13296,1779,2023-04-22,10.00,success
13297,1779,2023-03-22,10.00,success
13298,1780,2023-12-03,10.00,success
13299,1780,2023-11-03,10.00,success
13300,1781,2025-04-04,25.00,success
13301,1781,2025-03-04,25.00,success
13302,1781,2025-02-04,25.00,success
13303,1781,2025-01-04,25.00,success
13304,1781,2024-12-04,25.00,success
13305,1781,2024-11-04,25.00,success
13306,1781,2024-10-04,25.00,success
13307,1781,2024-09-04,25.00,success
13308,1781,2024-08-04,25.00,success
13309,1781,2024-07-04,25.00,failed
13310,1782,2024-01-09,25.00,success
13311,1782,2023-12-09,25.00,success
13312,1782,2023-11-09,25.00,success
13313,1782,2023-10-09,25.00,success
13314,1782,2023-09-09,25.00,success
13315,1782,2023-08-09,25.00,success
13316,1783,2024-07-14,10.00,success
13317,1783,2024-06-14,10.00,success
13318,1783,2024-05-14,10.00,success
13319,1783,2024-04-14,10.00,success
13320,1783,2024-03-14,10.00,success
13321,1784,2024-01-10,10.00,success
13322,1784,2023-12-10,10.00,success
13323,1784,2023-11-10,10.00,success
13324,1784,2023-10-10,10.00,success
13325,1784,2023-09-10,10.00,success
13326,1785,2024-03-21,10.00,success
13327,1785,2024-02-21,10.00,success
13328,1785,2024-01-21,10.00,success
13329,1786,2024-11-04,10.00,success
13330,1786,2024-10-04,10.00,success
13331,1786,2024-09-04,10.00,success
13332,1786,2024-08-04,10.00,success
13333,1786,2024-07-04,10.00,success
13334,1786,2024-06-04,10.00,success
13335,1786,2024-05-04,10.00,success
13336,1786,2024-04-04,10.00,success
13337,1786,2024-03-04,10.00,success
13338,1786,2024-02-04,10.00,success
13339,1786,2024-01-04,10.00,success
13340,1787,2024-05-02,10.00,success
13341,1787,2024-04-02,10.00,success
13342,1787,2024-03-02,10.00,success
13343,1787,2024-02-02,10.00,success
13344,1787,2024-01-02,10.00,success
13345,1787,2023-12-02,10.00,success
13346,1787,2023-11-02,10.00,success
13347,1787,2023-10-02,10.00,success
13348,1787,2023-09-02,10.00,success
13349,1787,2023-08-02,10.00,success
13350,1787,2023-07-02,10.00,success
13351,1787,2023-06-02,10.00,success
13352,1788,2023-12-08,25.00,failed
13353,1788,2023-11-08,25.00,success
13354,1789,2023-05-26,10.00,success
13355,1789,2023-04-26,10.00,success
13356,1790,2024-04-20,10.00,success
13357,1790,2024-03-20,10.00,success
13358,1790,2024-02-20,10.00,success
13359,1790,2024-01-20,10.00,success
13360,1790,2023-12-20,10.00,success
13361,1790,2023-11-20,10.00,success
13362,1790,2023-10-20,10.00,success
13363,1790,2023-09-20,10.00,success
13364,1790,2023-08-20,10.00,success
13365,1790,2023-07-20,10.00,success
13366,1790,2023-06-20,10.00,success
13367,1790,2023-05-20,10.00,success
13368,1791,2024-09-03,25.00,success
13369,1791,2024-08-03,25.00,success
13370,1791,2024-07-03,25.00,success
13371,1791,2024-06-03,25.00,success
13372,1792,2024-06-23,25.00,success
13373,1792,2024-05-23,25.00,success
13374,1792,2024-04-23,25.00,success
13375,1792,2024-03-23,25.00,success
13376,1792,2024-02-23,25.00,success
13377,1792,2024-01-23,25.00,success
13378,1792,2023-12-23,25.00,success
13379,1792,2023-11-23,25.00,success
13380,1793,2023-08-19,25.00,success
13381,1793,2023-07-19,25.00,success
13382,1793,2023-06-19,25.00,success
13383,1793,2023-05-19,25.00,success
13384,1793,2023-04-19,25.00,success
13385,1793,2023-03-19,25.00,success
13386,1793,2023-02-19,25.00,success
13387,1794,2024-01-27,10.00,success
13388,1794,2023-12-27,10.00,success
13389,1794,2023-11-27,10.00,success
13390,1794,2023-10-27,10.00,success
13391,1794,2023-09-27,10.00,failed
13392,1794,2023-08-27,10.00,success
13393,1794,2023-07-27,10.00,success
13394,1794,2023-06-27,10.00,success
13395,1795,2024-10-15,10.00,success
13396,1795,2024-09-15,10.00,success
13397,1795,2024-08-15,10.00,success
13398,1795,2024-07-15,10.00,success
13399,1795,2024-06-15,10.00,success
13400,1795,2024-05-15,10.00,success
13401,1795,2024-04-15,10.00,success
13402,1796,2024-07-10,10.00,success
13403,1796,2024-06-10,10.00,success
13404,1796,2024-05-10,10.00,success
13405,1796,2024-04-10,10.00,success
13406,1796,2024-03-10,10.00,failed
13407,1796,2024-02-10,10.00,success
13408,1796,2024-01-10,10.00,success
13409,1796,2023-12-10,10.00,success
13410,1796,2023-11-10,10.00,success
13411,1796,2023-10-10,10.00,success
13412,1796,2023-09-10,10.00,success
13413,1796,2023-08-10,10.00,success
13414,1797,2024-09-10,10.00,success
13415,1797,2024-08-10,10.00,success
13416,1797,2024-07-10,10.00,success
13417,1797,2024-06-10,10.00,success
13418,1798,2024-04-03,10.00,failed
13419,1798,2024-03-03,10.00,success
13420,1798,2024-02-03,10.00,success
13421,1798,2024-01-03,10.00,success
13422,1798,2023-12-03,10.00,success
13423,1798,2023-11-03,10.00,success
13424,1798,2023-10-03,10.00,success
13425,1798,2023-09-03,10.00,success
13426,1799,2024-01-22,10.00,success
13427,1799,2023-12-22,10.00,success
13428,1799,2023-11-22,10.00,success
13429,1800,2023-04-17,10.00,success
13430,1800,2023-03-17,10.00,success
13431,1800,2023-02-17,10.00,success
13432,1801,2024-04-21,25.00,success
13433,1801,2024-03-21,25.00,success
13434,1801,2024-02-21,25.00,success
13435,1801,2024-01-21,25.00,success
13436,1801,2023-12-21,25.00,success
13437,1801,2023-11-21,25.00,success
13438,1801,2023-10-21,25.00,success
13439,1801,2023-09-21,25.00,success
13440,1802,2024-04-07,10.00,success
13441,1802,2024-03-07,10.00,success
13442,1802,2024-02-07,10.00,success
13443,1802,2024-01-07,10.00,success
13444,1803,2024-08-09,25.00,success
13445,1803,2024-07-09,25.00,success
13446,1803,2024-06-09,25.00,success
13447,1804,2023-07-11,10.00,success
13448,1804,2023-06-11,10.00,success
13449,1804,2023-05-11,10.00,success
13450,1805,2024-08-29,10.00,success
13451,1805,2024-07-29,10.00,success
13452,1805,2024-06-29,10.00,success
13453,1805,2024-05-29,10.00,success
13454,1805,2024-04-29,10.00,success
13455,1806,2024-04-27,10.00,success
13456,1806,2024-03-27,10.00,success
13457,1806,2024-02-27,10.00,success
13458,1806,2024-01-27,10.00,success
13459,1806,2023-12-27,10.00,success
13460,1806,2023-11-27,10.00,success
13461,1806,2023-10-27,10.00,success
13462,1806,2023-09-27,10.00,success
13463,1806,2023-08-27,10.00,success
13464,1806,2023-07-27,10.00,success
13465,1806,2023-06-27,10.00,success
13466,1806,2023-05-27,10.00,success
13467,1807,2024-02-27,10.00,success
13468,1807,2024-01-27,10.00,success
13469,1807,2023-12-27,10.00,success
13470,1807,2023-11-27,10.00,success
13471,1807,2023-10-27,10.00,success
13472,1807,2023-09-27,10.00,success
13473,1807,2023-08-27,10.00,success
13474,1807,2023-07-27,10.00,success
13475,1807,2023-06-27,10.00,success
13476,1807,2023-05-27,10.00,success
13477,1807,2023-04-27,10.00,success
13478,1807,2023-03-27,10.00,success
13479,1808,2023-10-18,10.00,success
13480,1808,2023-09-18,10.00,success
13481,1808,2023-08-18,10.00,success
13482,1808,2023-07-18,10.00,success
13483,1808,2023-06-18,10.00,success
13484,1808,2023-05-18,10.00,success
13485,1808,2023-04-18,10.00,success
13486,1808,2023-03-18,10.00,success
13487,1809,2023-10-18,10.00,success
13488,1809,2023-09-18,10.00,success
13489,1809,2023-08-18,10.00,success
13490,1809,2023-07-18,10.00,success
13491,1809,2023-06-18,10.00,success
13492,1809,2023-05-18,10.00,success
13493,1810,2024-05-08,25.00,success
13494,1810,2024-04-08,25.00,success
13495,1810,2024-03-08,25.00,failed
13496,1810,2024-02-08,25.00,success
13497,1810,2024-01-08,25.00,success
13498,1810,2023-12-08,25.00,success
13499,1811,2023-07-28,10.00,success
13500,1811,2023-06-28,10.00,success
13501,1811,2023-05-28,10.00,success
13502,1812,2024-03-20,10.00,success
13503,1812,2024-02-20,10.00,success
13504,1812,2024-01-20,10.00,success
13505,1812,2023-12-20,10.00,success
13506,1812,2023-11-20,10.00,success
13507,1812,2023-10-20,10.00,success
13508,1812,2023-09-20,10.00,success
13509,1812,2023-08-20,10.00,success
13510,1812,2023-07-20,10.00,success
13511,1813,2024-12-15,10.00,success
13512,1813,2024-11-15,10.00,success
13513,1813,2024-10-15,10.00,success
13514,1813,2024-09-15,10.00,success
13515,1813,2024-08-15,10.00,success
13516,1813,2024-07-15,10.00,success
13517,1814,2024-01-01,10.00,success
13518,1814,2023-12-01,10.00,success
13519,1814,2023-11-01,10.00,success
13520,1814,2023-10-01,10.00,success
13521,1814,2023-09-01,10.00,success
13522,1814,2023-08-01,10.00,failed
13523,1815,2024-03-28,10.00,success
13524,1815,2024-02-28,10.00,success
13525,1815,2024-01-28,10.00,success
13526,1815,2023-12-28,10.00,success
13527,1815,2023-11-28,10.00,success
13528,1815,2023-10-28,10.00,success
13529,1815,2023-09-28,10.00,failed
13530,1815,2023-08-28,10.00,success
13531,1815,2023-07-28,10.00,success
13532,1816,2024-02-22,10.00,success
13533,1816,2024-01-22,10.00,success
13534,1816,2023-12-22,10.00,failed
13535,1817,2024-03-01,10.00,success
13536,1817,2024-02-01,10.00,success
13537,1817,2024-01-01,10.00,success
13538,1818,2023-10-03,10.00,success
13539,1818,2023-09-03,10.00,success
13540,1818,2023-08-03,10.00,success
13541,1818,2023-07-03,10.00,success
13542,1818,2023-06-03,10.00,success
13543,1818,2023-05-03,10.00,success
13544,1818,2023-04-03,10.00,success
13545,1818,2023-03-03,10.00,success
13546,1819,2024-04-29,10.00,success
13547,1819,2024-03-29,10.00,success
13548,1819,2024-02-29,10.00,success
13549,1819,2024-01-29,10.00,success
13550,1819,2023-12-29,10.00,success
13551,1819,2023-11-29,10.00,success
13552,1819,2023-10-29,10.00,success
13553,1820,2024-11-29,25.00,success
13554,1820,2024-10-29,25.00,success
13555,1820,2024-09-29,25.00,success
13556,1820,2024-08-29,25.00,success
13557,1820,2024-07-29,25.00,success
13558,1820,2024-06-29,25.00,success
13559,1821,2024-11-25,25.00,success
13560,1821,2024-10-25,25.00,success
13561,1821,2024-09-25,25.00,success
13562,1821,2024-08-25,25.00,success
13563,1821,2024-07-25,25.00,success
13564,1821,2024-06-25,25.00,success
13565,1821,2024-05-25,25.00,success
13566,1821,2024-04-25,25.00,success
13567,1821,2024-03-25,25.00,success
13568,1822,2023-08-23,10.00,success
13569,1822,2023-07-23,10.00,success
13570,1822,2023-06-23,10.00,success
13571,1822,2023-05-23,10.00,success
13572,1822,2023-04-23,10.00,success
13573,1822,2023-03-23,10.00,success
13574,1823,2023-05-30,10.00,success
13575,1823,2023-04-30,10.00,success
13576,1823,2023-03-30,10.00,success
13577,1823,2023-02-28,10.00,success
13578,1823,2023-01-30,10.00,success
13579,1824,2024-04-24,10.00,failed
13580,1824,2024-03-24,10.00,success
13581,1824,2024-02-24,10.00,success
13582,1824,2024-01-24,10.00,success
13583,1824,2023-12-24,10.00,success
13584,1825,2024-05-29,10.00,success
13585,1825,2024-04-29,10.00,success
13586,1825,2024-03-29,10.00,success
13587,1825,2024-02-29,10.00,success
13588,1825,2024-01-29,10.00,success
13589,1826,2024-05-07,25.00,success
13590,1826,2024-04-07,25.00,success
13591,1826,2024-03-07,25.00,success
13592,1826,2024-02-07,25.00,success
13593,1826,2024-01-07,25.00,success
13594,1826,2023-12-07,25.00,success
13595,1827,2024-10-27,10.00,success
13596,1827,2024-09-27,10.00,success
13597,1827,2024-08-27,10.00,success
13598,1827,2024-07-27,10.00,success
13599,1827,2024-06-27,10.00,success
13600,1828,2023-10-06,10.00,success
13601,1828,2023-09-06,10.00,success
13602,1828,2023-08-06,10.00,success
13603,1828,2023-07-06,10.00,success
13604,1828,2023-06-06,10.00,success
13605,1828,2023-05-06,10.00,success
13606,1828,2023-04-06,10.00,success
13607,1828,2023-03-06,10.00,success
13608,1828,2023-02-06,10.00,success
13609,1829,2024-06-03,10.00,success
13610,1829,2024-05-03,10.00,success
13611,1829,2024-04-03,10.00,success
13612,1829,2024-03-03,10.00,success
13613,1829,2024-02-03,10.00,success
13614,1829,2024-01-03,10.00,success
13615,1830,2023-12-27,25.00,success
13616,1830,2023-11-27,25.00,success
13617,1830,2023-10-27,25.00,success
13618,1830,2023-09-27,25.00,success
13619,1830,2023-08-27,25.00,success
13620,1830,2023-07-27,25.00,success
13621,1830,2023-06-27,25.00,success
13622,1830,2023-05-27,25.00,success
13623,1830,2023-04-27,25.00,success
13624,1830,2023-03-27,25.00,success
13625,1830,2023-02-27,25.00,success
13626,1831,2024-06-03,25.00,success
13627,1831,2024-05-03,25.00,success
13628,1831,2024-04-03,25.00,success
13629,1831,2024-03-03,25.00,failed
13630,1831,2024-02-03,25.00,success
13631,1831,2024-01-03,25.00,success
13632,1832,2024-07-02,25.00,success
13633,1832,2024-06-02,25.00,success
13634,1832,2024-05-02,25.00,success
13635,1832,2024-04-02,25.00,success
13636,1832,2024-03-02,25.00,success
13637,1832,2024-02-02,25.00,success
13638,1832,2024-01-02,25.00,success
13639,1833,2024-01-15,25.00,success
13640,1833,2023-12-15,25.00,failed
13641,1833,2023-11-15,25.00,success
13642,1833,2023-10-15,25.00,success
13643,1833,2023-09-15,25.00,success
13644,1833,2023-08-15,25.00,success
13645,1833,2023-07-15,25.00,success
13646,1834,2024-04-08,10.00,success
13647,1834,2024-03-08,10.00,success
13648,1834,2024-02-08,10.00,success
13649,1834,2024-01-08,10.00,success
13650,1834,2023-12-08,10.00,success
13651,1834,2023-11-08,10.00,success
13652,1834,2023-10-08,10.00,success
13653,1834,2023-09-08,10.00,success
13654,1834,2023-08-08,10.00,success
13655,1834,2023-07-08,10.00,failed
13656,1834,2023-06-08,10.00,success
13657,1834,2023-05-08,10.00,success
13658,1835,2025-02-28,10.00,success
13659,1835,2025-01-29,10.00,success
13660,1835,2024-12-29,10.00,success
13661,1835,2024-11-29,10.00,success
13662,1835,2024-10-29,10.00,success
13663,1835,2024-09-29,10.00,success
13664,1835,2024-08-29,10.00,failed
13665,1835,2024-07-29,10.00,success
13666,1835,2024-06-29,10.00,success
13667,1835,2024-05-29,10.00,success
13668,1835,2024-04-29,10.00,failed
13669,1835,2024-03-29,10.00,success
13670,1836,2024-01-02,10.00,success
13671,1836,2023-12-02,10.00,success
13672,1836,2023-11-02,10.00,success
13673,1836,2023-10-02,10.00,success
13674,1836,2023-09-02,10.00,success
13675,1836,2023-08-02,10.00,success
13676,1837,2024-01-20,10.00,success
13677,1837,2023-12-20,10.00,success
13678,1837,2023-11-20,10.00,success
13679,1837,2023-10-20,10.00,success
13680,1837,2023-09-20,10.00,success
13681,1837,2023-08-20,10.00,success
13682,1837,2023-07-20,10.00,failed
13683,1837,2023-06-20,10.00,success
13684,1837,2023-05-20,10.00,success
13685,1837,2023-04-20,10.00,success
13686,1837,2023-03-20,10.00,success
13687,1837,2023-02-20,10.00,success
13688,1838,2023-12-07,10.00,success
13689,1838,2023-11-07,10.00,success
13690,1838,2023-10-07,10.00,success
13691,1839,2024-02-04,10.00,success
13692,1839,2024-01-04,10.00,success
13693,1839,2023-12-04,10.00,success
13694,1839,2023-11-04,10.00,success
13695,1839,2023-10-04,10.00,success
13696,1839,2023-09-04,10.00,success
13697,1839,2023-08-04,10.00,success
13698,1839,2023-07-04,10.00,success
13699,1839,2023-06-04,10.00,success
13700,1839,2023-05-04,10.00,success
13701,1839,2023-04-04,10.00,success
13702,1839,2023-03-04,10.00,success
13703,1840,2024-08-21,25.00,success
13704,1840,2024-07-21,25.00,success
13705,1840,2024-06-21,25.00,success
13706,1840,2024-05-21,25.00,success
13707,1840,2024-04-21,25.00,success
13708,1840,2024-03-21,25.00,success
13709,1840,2024-02-21,25.00,success
13710,1840,2024-01-21,25.00,success
13711,1840,2023-12-21,25.00,success
13712,1840,2023-11-21,25.00,success
13713,1840,2023-10-21,25.00,success
13714,1840,2023-09-21,25.00,success
13715,1841,2024-11-11,25.00,success
13716,1841,2024-10-11,25.00,success
13717,1841,2024-09-11,25.00,success
13718,1841,2024-08-11,25.00,success
13719,1841,2024-07-11,25.00,success
13720,1841,2024-06-11,25.00,success
13721,1841,2024-05-11,25.00,success
13722,1841,2024-04-11,25.00,success
13723,1841,2024-03-11,25.00,success
13724,1842,2023-09-27,10.00,success
13725,1842,2023-08-27,10.00,success
13726,1842,2023-07-27,10.00,success
13727,1842,2023-06-27,10.00,success
13728,1842,2023-05-27,10.00,success
13729,1842,2023-04-27,10.00,success
13730,1843,2024-06-15,10.00,success
13731,1843,2024-05-15,10.00,success
13732,1843,2024-04-15,10.00,success
13733,1843,2024-03-15,10.00,success
13734,1843,2024-02-15,10.00,success
13735,1843,2024-01-15,10.00,success
13736,1843,2023-12-15,10.00,success
13737,1844,2025-05-05,10.00,success
13738,1844,2025-04-05,10.00,success
13739,1844,2025-03-05,10.00,success
13740,1844,2025-02-05,10.00,success
13741,1844,2025-01-05,10.00,success
13742,1844,2024-12-05,10.00,success
13743,1844,2024-11-05,10.00,success
13744,1844,2024-10-05,10.00,success
13745,1844,2024-09-05,10.00,success
13746,1844,2024-08-05,10.00,success
13747,1844,2024-07-05,10.00,success
13748,1844,2024-06-05,10.00,success
13749,1845,2024-07-26,25.00,success
13750,1845,2024-06-26,25.00,success
13751,1845,2024-05-26,25.00,success
13752,1845,2024-04-26,25.00,success
13753,1845,2024-03-26,25.00,success
13754,1845,2024-02-26,25.00,success
13755,1845,2024-01-26,25.00,success
13756,1845,2023-12-26,25.00,success
13757,1846,2023-11-24,10.00,success
13758,1846,2023-10-24,10.00,failed
13759,1846,2023-09-24,10.00,success
13760,1846,2023-08-24,10.00,success
13761,1846,2023-07-24,10.00,success
13762,1846,2023-06-24,10.00,success
13763,1846,2023-05-24,10.00,success
13764,1846,2023-04-24,10.00,success
13765,1846,2023-03-24,10.00,success
13766,1846,2023-02-24,10.00,success
13767,1846,2023-01-24,10.00,success
13768,1847,2024-02-22,10.00,failed
13769,1847,2024-01-22,10.00,success
13770,1847,2023-12-22,10.00,success
13771,1847,2023-11-22,10.00,success
13772,1847,2023-10-22,10.00,success
13773,1848,2024-12-12,10.00,success
13774,1848,2024-11-12,10.00,success
13775,1848,2024-10-12,10.00,success
13776,1848,2024-09-12,10.00,success
13777,1848,2024-08-12,10.00,success
13778,1848,2024-07-12,10.00,success
13779,1848,2024-06-12,10.00,success
13780,1848,2024-05-12,10.00,success
13781,1848,2024-04-12,10.00,success
13782,1848,2024-03-12,10.00,success
13783,1848,2024-02-12,10.00,success
13784,1849,2024-10-13,25.00,success
13785,1849,2024-09-13,25.00,success
13786,1849,2024-08-13,25.00,success
13787,1849,2024-07-13,25.00,success
13788,1849,2024-06-13,25.00,failed
13789,1849,2024-05-13,25.00,success
13790,1849,2024-04-13,25.00,success
13791,1849,2024-03-13,25.00,success
13792,1850,2024-03-07,10.00,success
13793,1850,2024-02-07,10.00,success
13794,1850,2024-01-07,10.00,success
13795,1850,2023-12-07,10.00,success
13796,1850,2023-11-07,10.00,success
13797,1850,2023-10-07,10.00,success
13798,1851,2023-12-20,10.00,success
13799,1851,2023-11-20,10.00,failed
13800,1851,2023-10-20,10.00,success
13801,1851,2023-09-20,10.00,success
13802,1851,2023-08-20,10.00,success
13803,1851,2023-07-20,10.00,success
13804,1852,2024-08-27,60.00,success
13805,1852,2024-07-27,60.00,failed
13806,1852,2024-06-27,60.00,success
13807,1852,2024-05-27,60.00,success
13808,1852,2024-04-27,60.00,success
13809,1852,2024-03-27,60.00,success
13810,1852,2024-02-27,60.00,success
13811,1852,2024-01-27,60.00,success
13812,1853,2023-09-05,10.00,success
13813,1853,2023-08-05,10.00,success
13814,1853,2023-07-05,10.00,success
13815,1853,2023-06-05,10.00,success
13816,1853,2023-05-05,10.00,success
13817,1854,2024-02-03,25.00,success
13818,1854,2024-01-03,25.00,success
13819,1854,2023-12-03,25.00,success
13820,1854,2023-11-03,25.00,success
13821,1854,2023-10-03,25.00,success
13822,1854,2023-09-03,25.00,success
13823,1854,2023-08-03,25.00,success
13824,1854,2023-07-03,25.00,success
13825,1854,2023-06-03,25.00,success
13826,1854,2023-05-03,25.00,success
13827,1854,2023-04-03,25.00,success
13828,1854,2023-03-03,25.00,success
13829,1855,2023-12-14,10.00,success
13830,1855,2023-11-14,10.00,success
13831,1855,2023-10-14,10.00,success
13832,1855,2023-09-14,10.00,success
13833,1855,2023-08-14,10.00,success
13834,1856,2024-04-03,10.00,success
13835,1856,2024-03-03,10.00,success
13836,1856,2024-02-03,10.00,success
13837,1856,2024-01-03,10.00,success
13838,1856,2023-12-03,10.00,success
13839,1857,2024-09-21,25.00,success
13840,1857,2024-08-21,25.00,success
13841,1857,2024-07-21,25.00,success
13842,1857,2024-06-21,25.00,success
13843,1858,2024-02-01,10.00,success
13844,1858,2024-01-01,10.00,success
13845,1858,2023-12-01,10.00,success
13846,1858,2023-11-01,10.00,success
13847,1858,2023-10-01,10.00,success
13848,1858,2023-09-01,10.00,success
13849,1858,2023-08-01,10.00,success
13850,1859,2024-08-04,25.00,success
13851,1859,2024-07-04,25.00,success
13852,1859,2024-06-04,25.00,failed
13853,1859,2024-05-04,25.00,success
13854,1859,2024-04-04,25.00,failed
13855,1859,2024-03-04,25.00,success
13856,1859,2024-02-04,25.00,success
13857,1859,2024-01-04,25.00,success
13858,1860,2024-07-01,10.00,success
13859,1860,2024-06-01,10.00,success
13860,1860,2024-05-01,10.00,success
13861,1861,2024-08-09,10.00,success
13862,1861,2024-07-09,10.00,success
13863,1861,2024-06-09,10.00,success
13864,1861,2024-05-09,10.00,success
13865,1861,2024-04-09,10.00,success
13866,1861,2024-03-09,10.00,failed
13867,1861,2024-02-09,10.00,success
13868,1862,2023-05-25,10.00,success
13869,1862,2023-04-25,10.00,failed
13870,1863,2023-03-20,25.00,success
13871,1863,2023-02-20,25.00,success
13872,1863,2023-01-20,25.00,success
13873,1864,2024-01-16,25.00,success
13874,1864,2023-12-16,25.00,success
13875,1864,2023-11-16,25.00,success
13876,1864,2023-10-16,25.00,success
13877,1865,2024-07-25,25.00,success
13878,1865,2024-06-25,25.00,success
13879,1865,2024-05-25,25.00,success
13880,1865,2024-04-25,25.00,success
13881,1865,2024-03-25,25.00,success
13882,1865,2024-02-25,25.00,success
13883,1865,2024-01-25,25.00,success
13884,1865,2023-12-25,25.00,success
13885,1865,2023-11-25,25.00,success
13886,1865,2023-10-25,25.00,success
13887,1865,2023-09-25,25.00,success
13888,1865,2023-08-25,25.00,success
13889,1866,2024-05-04,10.00,success
13890,1866,2024-04-04,10.00,success
13891,1866,2024-03-04,10.00,success
13892,1866,2024-02-04,10.00,success
13893,1866,2024-01-04,10.00,success
13894,1866,2023-12-04,10.00,success
13895,1867,2024-11-20,25.00,success
13896,1867,2024-10-20,25.00,success
13897,1867,2024-09-20,25.00,success
13898,1867,2024-08-20,25.00,success
13899,1867,2024-07-20,25.00,success
13900,1867,2024-06-20,25.00,success
13901,1867,2024-05-20,25.00,success
13902,1867,2024-04-20,25.00,success
13903,1867,2024-03-20,25.00,success
13904,1867,2024-02-20,25.00,success
13905,1867,2024-01-20,25.00,success
13906,1868,2024-05-19,10.00,success
13907,1868,2024-04-19,10.00,failed
13908,1868,2024-03-19,10.00,success
13909,1868,2024-02-19,10.00,success
13910,1868,2024-01-19,10.00,success
13911,1868,2023-12-19,10.00,success
13912,1869,2024-03-09,25.00,success
13913,1869,2024-02-09,25.00,success
13914,1869,2024-01-09,25.00,success
13915,1869,2023-12-09,25.00,success
13916,1869,2023-11-09,25.00,success
13917,1869,2023-10-09,25.00,success
13918,1869,2023-09-09,25.00,success
13919,1869,2023-08-09,25.00,success
13920,1869,2023-07-09,25.00,success
13921,1869,2023-06-09,25.00,success
13922,1870,2024-07-17,25.00,success
13923,1870,2024-06-17,25.00,success
13924,1870,2024-05-17,25.00,success
13925,1870,2024-04-17,25.00,success
13926,1870,2024-03-17,25.00,success
13927,1871,2024-12-28,10.00,success
13928,1871,2024-11-28,10.00,success
13929,1871,2024-10-28,10.00,success
13930,1871,2024-09-28,10.00,success
13931,1871,2024-08-28,10.00,success
13932,1871,2024-07-28,10.00,success
13933,1871,2024-06-28,10.00,success
13934,1872,2024-04-15,10.00,success
13935,1872,2024-03-15,10.00,success
13936,1872,2024-02-15,10.00,success
13937,1872,2024-01-15,10.00,success
13938,1873,2025-05-08,10.00,success
13939,1873,2025-04-08,10.00,success
13940,1873,2025-03-08,10.00,success
13941,1873,2025-02-08,10.00,success
13942,1873,2025-01-08,10.00,success
13943,1873,2024-12-08,10.00,success
13944,1873,2024-11-08,10.00,failed
13945,1873,2024-10-08,10.00,success
13946,1873,2024-09-08,10.00,success
13947,1873,2024-08-08,10.00,success
13948,1873,2024-07-08,10.00,success
13949,1873,2024-06-08,10.00,success
13950,1874,2024-01-12,25.00,success
13951,1874,2023-12-12,25.00,success
13952,1874,2023-11-12,25.00,success
13953,1874,2023-10-12,25.00,success
13954,1874,2023-09-12,25.00,success
13955,1875,2023-12-29,10.00,success
13956,1875,2023-11-29,10.00,success
13957,1875,2023-10-29,10.00,success
13958,1875,2023-09-29,10.00,success
13959,1875,2023-08-29,10.00,success
13960,1875,2023-07-29,10.00,success
13961,1876,2024-04-01,10.00,success
13962,1876,2024-03-01,10.00,success
13963,1876,2024-02-01,10.00,success
13964,1876,2024-01-01,10.00,success
13965,1876,2023-12-01,10.00,success
13966,1876,2023-11-01,10.00,success
13967,1876,2023-10-01,10.00,failed
13968,1877,2024-04-12,10.00,success
13969,1877,2024-03-12,10.00,failed
13970,1877,2024-02-12,10.00,success
13971,1877,2024-01-12,10.00,success
13972,1877,2023-12-12,10.00,success
13973,1877,2023-11-12,10.00,success
13974,1877,2023-10-12,10.00,success
13975,1877,2023-09-12,10.00,success
13976,1877,2023-08-12,10.00,success
13977,1877,2023-07-12,10.00,success
13978,1877,2023-06-12,10.00,success
13979,1878,2024-08-17,10.00,success
13980,1878,2024-07-17,10.00,success
13981,1878,2024-06-17,10.00,success
13982,1878,2024-05-17,10.00,success
13983,1878,2024-04-17,10.00,success
13984,1878,2024-03-17,10.00,success
13985,1878,2024-02-17,10.00,success
13986,1878,2024-01-17,10.00,success
13987,1878,2023-12-17,10.00,success
13988,1878,2023-11-17,10.00,success
13989,1878,2023-10-17,10.00,success
13990,1878,2023-09-17,10.00,success
13991,1879,2024-10-30,10.00,success
13992,1879,2024-09-30,10.00,success
13993,1879,2024-08-30,10.00,success
13994,1879,2024-07-30,10.00,success
13995,1879,2024-06-30,10.00,success
13996,1879,2024-05-30,10.00,success
13997,1879,2024-04-30,10.00,success
13998,1880,2024-12-13,10.00,success
13999,1880,2024-11-13,10.00,success
14000,1880,2024-10-13,10.00,success
14001,1880,2024-09-13,10.00,success
14002,1880,2024-08-13,10.00,success
14003,1880,2024-07-13,10.00,success
14004,1880,2024-06-13,10.00,success
14005,1880,2024-05-13,10.00,success
14006,1880,2024-04-13,10.00,success
14007,1881,2024-11-05,10.00,success
14008,1881,2024-10-05,10.00,success
14009,1881,2024-09-05,10.00,success
14010,1881,2024-08-05,10.00,success
14011,1881,2024-07-05,10.00,failed
14012,1881,2024-06-05,10.00,success
14013,1881,2024-05-05,10.00,success
14014,1881,2024-04-05,10.00,success
14015,1881,2024-03-05,10.00,success
14016,1882,2024-10-21,25.00,success
14017,1882,2024-09-21,25.00,success
14018,1882,2024-08-21,25.00,success
14019,1882,2024-07-21,25.00,success
14020,1882,2024-06-21,25.00,failed
14021,1882,2024-05-21,25.00,success
14022,1882,2024-04-21,25.00,success
14023,1882,2024-03-21,25.00,success
14024,1882,2024-02-21,25.00,success
14025,1882,2024-01-21,25.00,success
14026,1883,2024-05-26,10.00,success
14027,1883,2024-04-26,10.00,success
14028,1883,2024-03-26,10.00,success
14029,1883,2024-02-26,10.00,success
14030,1883,2024-01-26,10.00,success
14031,1883,2023-12-26,10.00,success
14032,1883,2023-11-26,10.00,success
14033,1884,2023-09-28,10.00,success
14034,1884,2023-08-28,10.00,failed
14035,1884,2023-07-28,10.00,failed
14036,1884,2023-06-28,10.00,success
14037,1884,2023-05-28,10.00,success
14038,1884,2023-04-28,10.00,success
14039,1884,2023-03-28,10.00,success
14040,1884,2023-02-28,10.00,success
14041,1885,2024-02-18,10.00,success
14042,1885,2024-01-18,10.00,success
14043,1885,2023-12-18,10.00,success
14044,1885,2023-11-18,10.00,success
14045,1885,2023-10-18,10.00,success
14046,1885,2023-09-18,10.00,success
14047,1885,2023-08-18,10.00,success
14048,1885,2023-07-18,10.00,success
14049,1886,2024-08-24,10.00,success
14050,1886,2024-07-24,10.00,success
14051,1886,2024-06-24,10.00,success
14052,1886,2024-05-24,10.00,success
14053,1886,2024-04-24,10.00,success
14054,1886,2024-03-24,10.00,success
14055,1887,2024-07-25,25.00,success
14056,1887,2024-06-25,25.00,success
14057,1887,2024-05-25,25.00,success
14058,1887,2024-04-25,25.00,success
14059,1887,2024-03-25,25.00,success
14060,1887,2024-02-25,25.00,success
14061,1887,2024-01-25,25.00,success
14062,1887,2023-12-25,25.00,success
14063,1887,2023-11-25,25.00,success
14064,1888,2024-09-09,10.00,success
14065,1888,2024-08-09,10.00,success
14066,1888,2024-07-09,10.00,success
14067,1888,2024-06-09,10.00,success
14068,1888,2024-05-09,10.00,success
14069,1888,2024-04-09,10.00,success
14070,1888,2024-03-09,10.00,success
14071,1888,2024-02-09,10.00,success
14072,1889,2024-04-07,10.00,success
14073,1889,2024-03-07,10.00,success
14074,1889,2024-02-07,10.00,success
14075,1890,2024-10-28,25.00,success
14076,1890,2024-09-28,25.00,success
14077,1890,2024-08-28,25.00,failed
14078,1890,2024-07-28,25.00,success
14079,1890,2024-06-28,25.00,success
14080,1890,2024-05-28,25.00,success
14081,1890,2024-04-28,25.00,success
14082,1890,2024-03-28,25.00,success
14083,1890,2024-02-28,25.00,success
14084,1890,2024-01-28,25.00,success
14085,1890,2023-12-28,25.00,success
14086,1890,2023-11-28,25.00,success
14087,1891,2024-05-05,25.00,success
14088,1891,2024-04-05,25.00,success
14089,1891,2024-03-05,25.00,success
14090,1891,2024-02-05,25.00,success
14091,1892,2024-10-26,25.00,success
14092,1892,2024-09-26,25.00,failed
14093,1892,2024-08-26,25.00,success
14094,1892,2024-07-26,25.00,success
14095,1892,2024-06-26,25.00,success
14096,1892,2024-05-26,25.00,success
14097,1892,2024-04-26,25.00,failed
14098,1892,2024-03-26,25.00,failed
14099,1892,2024-02-26,25.00,success
14100,1893,2023-10-22,10.00,success
14101,1893,2023-09-22,10.00,success
14102,1893,2023-08-22,10.00,success
14103,1893,2023-07-22,10.00,success
14104,1893,2023-06-22,10.00,success
14105,1893,2023-05-22,10.00,success
14106,1894,2024-02-28,60.00,success
14107,1894,2024-01-28,60.00,success
14108,1894,2023-12-28,60.00,success
14109,1894,2023-11-28,60.00,failed
14110,1894,2023-10-28,60.00,success
14111,1894,2023-09-28,60.00,success
14112,1894,2023-08-28,60.00,success
14113,1894,2023-07-28,60.00,success
14114,1894,2023-06-28,60.00,success
14115,1894,2023-05-28,60.00,success
14116,1894,2023-04-28,60.00,success
14117,1894,2023-03-28,60.00,success
14118,1895,2024-09-01,10.00,success
14119,1895,2024-08-01,10.00,success
14120,1895,2024-07-01,10.00,success
14121,1895,2024-06-01,10.00,success
14122,1895,2024-05-01,10.00,success
14123,1895,2024-04-01,10.00,success
14124,1895,2024-03-01,10.00,success
14125,1895,2024-02-01,10.00,success
14126,1895,2024-01-01,10.00,success
14127,1896,2024-11-15,25.00,success
14128,1896,2024-10-15,25.00,success
14129,1896,2024-09-15,25.00,success
14130,1896,2024-08-15,25.00,failed
14131,1896,2024-07-15,25.00,success
14132,1896,2024-06-15,25.00,success
14133,1896,2024-05-15,25.00,success
14134,1896,2024-04-15,25.00,success
14135,1896,2024-03-15,25.00,success
14136,1896,2024-02-15,25.00,success
14137,1896,2024-01-15,25.00,success
14138,1896,2023-12-15,25.00,success
14139,1897,2023-12-23,10.00,success
14140,1897,2023-11-23,10.00,success
14141,1897,2023-10-23,10.00,success
14142,1897,2023-09-23,10.00,success
14143,1897,2023-08-23,10.00,failed
14144,1897,2023-07-23,10.00,success
14145,1897,2023-06-23,10.00,success
14146,1898,2024-06-25,10.00,success
14147,1898,2024-05-25,10.00,success
14148,1898,2024-04-25,10.00,success
14149,1898,2024-03-25,10.00,success
14150,1898,2024-02-25,10.00,success
14151,1898,2024-01-25,10.00,success
14152,1898,2023-12-25,10.00,success
14153,1898,2023-11-25,10.00,success
14154,1899,2023-11-12,10.00,success
14155,1899,2023-10-12,10.00,success
14156,1899,2023-09-12,10.00,success
14157,1900,2024-12-08,10.00,success
14158,1900,2024-11-08,10.00,failed
14159,1900,2024-10-08,10.00,success
14160,1900,2024-09-08,10.00,success
14161,1900,2024-08-08,10.00,success
14162,1900,2024-07-08,10.00,success
14163,1900,2024-06-08,10.00,success
14164,1900,2024-05-08,10.00,success
14165,1900,2024-04-08,10.00,success
14166,1900,2024-03-08,10.00,success
14167,1900,2024-02-08,10.00,success
14168,1901,2023-11-02,25.00,success
14169,1901,2023-10-02,25.00,success
14170,1901,2023-09-02,25.00,success
14171,1901,2023-08-02,25.00,success
14172,1901,2023-07-02,25.00,success
14173,1901,2023-06-02,25.00,success
14174,1901,2023-05-02,25.00,success
14175,1902,2024-04-20,10.00,success
14176,1902,2024-03-20,10.00,success
14177,1903,2024-02-18,10.00,success
14178,1903,2024-01-18,10.00,failed
14179,1903,2023-12-18,10.00,success
14180,1904,2024-04-15,25.00,success
14181,1904,2024-03-15,25.00,success
14182,1904,2024-02-15,25.00,success
14183,1904,2024-01-15,25.00,success
14184,1904,2023-12-15,25.00,success
14185,1905,2025-02-04,60.00,success
14186,1905,2025-01-04,60.00,success
14187,1905,2024-12-04,60.00,success
14188,1905,2024-11-04,60.00,success
14189,1905,2024-10-04,60.00,success
14190,1905,2024-09-04,60.00,success
14191,1905,2024-08-04,60.00,success
14192,1905,2024-07-04,60.00,success
14193,1905,2024-06-04,60.00,success
14194,1905,2024-05-04,60.00,success
14195,1905,2024-04-04,60.00,success
14196,1905,2024-03-04,60.00,success
14197,1906,2023-04-17,10.00,success
14198,1906,2023-03-17,10.00,success
14199,1907,2024-08-18,10.00,success
14200,1907,2024-07-18,10.00,success
14201,1907,2024-06-18,10.00,success
14202,1908,2023-10-11,25.00,success
14203,1908,2023-09-11,25.00,success
14204,1908,2023-08-11,25.00,success
14205,1908,2023-07-11,25.00,success
14206,1908,2023-06-11,25.00,success
14207,1908,2023-05-11,25.00,success
14208,1908,2023-04-11,25.00,success
14209,1908,2023-03-11,25.00,success
14210,1909,2025-03-22,10.00,success
14211,1909,2025-02-22,10.00,success
14212,1909,2025-01-22,10.00,success
14213,1909,2024-12-22,10.00,success
14214,1909,2024-11-22,10.00,success
14215,1909,2024-10-22,10.00,success
14216,1909,2024-09-22,10.00,success
14217,1909,2024-08-22,10.00,success
14218,1909,2024-07-22,10.00,success
14219,1909,2024-06-22,10.00,success
14220,1909,2024-05-22,10.00,success
14221,1909,2024-04-22,10.00,success
14222,1910,2024-04-30,25.00,success
14223,1910,2024-03-31,25.00,failed
14224,1910,2024-02-29,25.00,success
14225,1910,2024-01-31,25.00,success
14226,1910,2023-12-31,25.00,success
14227,1911,2024-07-30,10.00,success
14228,1911,2024-06-30,10.00,success
14229,1911,2024-05-30,10.00,success
14230,1911,2024-04-30,10.00,success
14231,1911,2024-03-30,10.00,success
14232,1911,2024-02-29,10.00,success
14233,1911,2024-01-30,10.00,success
14234,1911,2023-12-30,10.00,success
14235,1911,2023-11-30,10.00,success
14236,1911,2023-10-30,10.00,success
14237,1911,2023-09-30,10.00,success
14238,1911,2023-08-30,10.00,success
14239,1912,2024-07-09,10.00,success
14240,1912,2024-06-09,10.00,success
14241,1912,2024-05-09,10.00,success
14242,1912,2024-04-09,10.00,success
14243,1912,2024-03-09,10.00,success
14244,1912,2024-02-09,10.00,success
14245,1912,2024-01-09,10.00,success
14246,1912,2023-12-09,10.00,failed
14247,1912,2023-11-09,10.00,success
14248,1912,2023-10-09,10.00,success
14249,1912,2023-09-09,10.00,success
14250,1913,2023-10-18,10.00,success
14251,1913,2023-09-18,10.00,success
14252,1913,2023-08-18,10.00,success
14253,1913,2023-07-18,10.00,failed
14254,1914,2024-08-06,10.00,success
14255,1914,2024-07-06,10.00,success
14256,1914,2024-06-06,10.00,success
14257,1914,2024-05-06,10.00,success
14258,1914,2024-04-06,10.00,success
14259,1915,2023-12-21,10.00,success
14260,1915,2023-11-21,10.00,success
14261,1915,2023-10-21,10.00,success
14262,1915,2023-09-21,10.00,success
14263,1915,2023-08-21,10.00,success
14264,1915,2023-07-21,10.00,success
14265,1915,2023-06-21,10.00,success
14266,1915,2023-05-21,10.00,success
14267,1915,2023-04-21,10.00,success
14268,1915,2023-03-21,10.00,success
14269,1915,2023-02-21,10.00,success
14270,1915,2023-01-21,10.00,success
14271,1916,2024-09-16,60.00,success
14272,1916,2024-08-16,60.00,success
14273,1916,2024-07-16,60.00,success
14274,1916,2024-06-16,60.00,success
14275,1916,2024-05-16,60.00,success
14276,1916,2024-04-16,60.00,success
14277,1916,2024-03-16,60.00,success
14278,1916,2024-02-16,60.00,success
14279,1916,2024-01-16,60.00,success
14280,1916,2023-12-16,60.00,success
14281,1916,2023-11-16,60.00,success
14282,1916,2023-10-16,60.00,success
14283,1917,2025-02-16,10.00,success
14284,1917,2025-01-16,10.00,success
14285,1917,2024-12-16,10.00,success
14286,1917,2024-11-16,10.00,success
14287,1917,2024-10-16,10.00,success
14288,1917,2024-09-16,10.00,success
14289,1917,2024-08-16,10.00,success
14290,1917,2024-07-16,10.00,success
14291,1917,2024-06-16,10.00,success
14292,1917,2024-05-16,10.00,success
14293,1917,2024-04-16,10.00,success
14294,1917,2024-03-16,10.00,success
14295,1918,2024-06-05,10.00,success
14296,1918,2024-05-05,10.00,success
14297,1918,2024-04-05,10.00,failed
14298,1918,2024-03-05,10.00,success
14299,1919,2024-06-26,10.00,success
14300,1919,2024-05-26,10.00,success
14301,1919,2024-04-26,10.00,success
14302,1919,2024-03-26,10.00,success
14303,1919,2024-02-26,10.00,success
14304,1919,2024-01-26,10.00,success
14305,1919,2023-12-26,10.00,success
14306,1919,2023-11-26,10.00,success
14307,1919,2023-10-26,10.00,success
14308,1919,2023-09-26,10.00,success
14309,1919,2023-08-26,10.00,success
14310,1919,2023-07-26,10.00,success
14311,1920,2024-02-26,25.00,success
14312,1920,2024-01-26,25.00,success
14313,1920,2023-12-26,25.00,success
14314,1920,2023-11-26,25.00,success
14315,1920,2023-10-26,25.00,success
14316,1921,2024-06-15,10.00,success
14317,1921,2024-05-15,10.00,success
14318,1921,2024-04-15,10.00,success
14319,1921,2024-03-15,10.00,success
14320,1921,2024-02-15,10.00,success
14321,1921,2024-01-15,10.00,success
14322,1921,2023-12-15,10.00,success
14323,1921,2023-11-15,10.00,success
14324,1921,2023-10-15,10.00,success
14325,1922,2024-05-16,10.00,success
14326,1922,2024-04-16,10.00,success
14327,1922,2024-03-16,10.00,success
14328,1922,2024-02-16,10.00,success
14329,1922,2024-01-16,10.00,success
14330,1923,2024-03-07,25.00,failed
14331,1923,2024-02-07,25.00,success
14332,1923,2024-01-07,25.00,success
14333,1923,2023-12-07,25.00,success
14334,1923,2023-11-07,25.00,success
14335,1923,2023-10-07,25.00,success
14336,1923,2023-09-07,25.00,success
14337,1923,2023-08-07,25.00,success
14338,1924,2024-04-22,10.00,success
14339,1924,2024-03-22,10.00,success
14340,1924,2024-02-22,10.00,success
14341,1925,2024-08-22,25.00,success
14342,1925,2024-07-22,25.00,success
14343,1925,2024-06-22,25.00,success
14344,1925,2024-05-22,25.00,success
14345,1925,2024-04-22,25.00,success
14346,1925,2024-03-22,25.00,failed
14347,1925,2024-02-22,25.00,success
14348,1925,2024-01-22,25.00,success
14349,1926,2024-11-02,10.00,success
14350,1926,2024-10-02,10.00,success
14351,1926,2024-09-02,10.00,success
14352,1926,2024-08-02,10.00,success
14353,1926,2024-07-02,10.00,success
14354,1926,2024-06-02,10.00,success
14355,1927,2024-10-31,60.00,success
14356,1927,2024-09-30,60.00,success
14357,1927,2024-08-31,60.00,success
14358,1927,2024-07-31,60.00,success
14359,1927,2024-06-30,60.00,success
14360,1927,2024-05-31,60.00,success
14361,1927,2024-04-30,60.00,success
14362,1927,2024-03-31,60.00,success
14363,1927,2024-02-29,60.00,success
14364,1927,2024-01-31,60.00,failed
14365,1928,2024-07-20,10.00,success
14366,1928,2024-06-20,10.00,success
14367,1928,2024-05-20,10.00,success
14368,1928,2024-04-20,10.00,success
14369,1928,2024-03-20,10.00,success
14370,1928,2024-02-20,10.00,success
14371,1929,2024-07-07,10.00,success
14372,1929,2024-06-07,10.00,success
14373,1929,2024-05-07,10.00,success
14374,1929,2024-04-07,10.00,success
14375,1929,2024-03-07,10.00,success
14376,1929,2024-02-07,10.00,success
14377,1929,2024-01-07,10.00,success
14378,1929,2023-12-07,10.00,success
14379,1929,2023-11-07,10.00,success
14380,1930,2025-02-28,10.00,success
14381,1930,2025-01-30,10.00,success
14382,1930,2024-12-30,10.00,success
14383,1930,2024-11-30,10.00,success
14384,1930,2024-10-30,10.00,success
14385,1930,2024-09-30,10.00,failed
14386,1930,2024-08-30,10.00,success
14387,1930,2024-07-30,10.00,success
14388,1930,2024-06-30,10.00,success
14389,1930,2024-05-30,10.00,success
14390,1931,2024-12-30,10.00,success
14391,1931,2024-11-30,10.00,success
14392,1931,2024-10-30,10.00,success
14393,1931,2024-09-30,10.00,success
14394,1931,2024-08-30,10.00,success
14395,1931,2024-07-30,10.00,success
14396,1931,2024-06-30,10.00,success
14397,1931,2024-05-30,10.00,success
14398,1931,2024-04-30,10.00,success
14399,1932,2024-06-26,10.00,success
14400,1932,2024-05-26,10.00,success
14401,1932,2024-04-26,10.00,success
14402,1932,2024-03-26,10.00,success
14403,1932,2024-02-26,10.00,success
14404,1933,2024-05-22,10.00,success
14405,1933,2024-04-22,10.00,success
14406,1933,2024-03-22,10.00,success
14407,1933,2024-02-22,10.00,success
14408,1933,2024-01-22,10.00,success
14409,1934,2024-10-26,10.00,success
14410,1934,2024-09-26,10.00,success
14411,1934,2024-08-26,10.00,success
14412,1934,2024-07-26,10.00,success
14413,1934,2024-06-26,10.00,success
14414,1934,2024-05-26,10.00,success
14415,1934,2024-04-26,10.00,success
14416,1934,2024-03-26,10.00,success
14417,1934,2024-02-26,10.00,success
14418,1934,2024-01-26,10.00,success
14419,1934,2023-12-26,10.00,success
14420,1934,2023-11-26,10.00,success
14421,1935,2023-11-11,10.00,success
14422,1935,2023-10-11,10.00,success
14423,1935,2023-09-11,10.00,failed
14424,1936,2023-11-17,10.00,success
14425,1936,2023-10-17,10.00,success
14426,1936,2023-09-17,10.00,success
14427,1936,2023-08-17,10.00,success
14428,1936,2023-07-17,10.00,success
14429,1936,2023-06-17,10.00,success
14430,1936,2023-05-17,10.00,success
14431,1937,2024-05-16,10.00,success
14432,1937,2024-04-16,10.00,success
14433,1937,2024-03-16,10.00,success
14434,1937,2024-02-16,10.00,success
14435,1937,2024-01-16,10.00,failed
14436,1937,2023-12-16,10.00,success
14437,1937,2023-11-16,10.00,success
14438,1937,2023-10-16,10.00,success
14439,1937,2023-09-16,10.00,success
14440,1937,2023-08-16,10.00,success
14441,1938,2024-03-22,10.00,success
14442,1938,2024-02-22,10.00,success
14443,1938,2024-01-22,10.00,success
14444,1938,2023-12-22,10.00,success
14445,1938,2023-11-22,10.00,success
14446,1938,2023-10-22,10.00,success
14447,1938,2023-09-22,10.00,success
14448,1938,2023-08-22,10.00,success
14449,1938,2023-07-22,10.00,success
14450,1938,2023-06-22,10.00,success
14451,1938,2023-05-22,10.00,success
14452,1939,2024-02-20,10.00,success
14453,1939,2024-01-20,10.00,success
14454,1939,2023-12-20,10.00,success
14455,1939,2023-11-20,10.00,success
14456,1939,2023-10-20,10.00,failed
14457,1940,2023-09-23,10.00,success
14458,1940,2023-08-23,10.00,success
14459,1940,2023-07-23,10.00,success
14460,1941,2023-11-08,25.00,success
14461,1941,2023-10-08,25.00,success
14462,1942,2025-03-13,60.00,success
14463,1942,2025-02-13,60.00,success
14464,1942,2025-01-13,60.00,success
14465,1942,2024-12-13,60.00,success
14466,1942,2024-11-13,60.00,success
14467,1942,2024-10-13,60.00,success
14468,1942,2024-09-13,60.00,success
14469,1942,2024-08-13,60.00,failed
14470,1942,2024-07-13,60.00,failed
14471,1942,2024-06-13,60.00,success
14472,1942,2024-05-13,60.00,success
14473,1943,2024-02-16,10.00,failed
14474,1943,2024-01-16,10.00,success
14475,1943,2023-12-16,10.00,success
14476,1944,2024-09-22,10.00,success
14477,1944,2024-08-22,10.00,failed
14478,1944,2024-07-22,10.00,success
14479,1944,2024-06-22,10.00,success
14480,1944,2024-05-22,10.00,success
14481,1944,2024-04-22,10.00,success
14482,1944,2024-03-22,10.00,success
14483,1945,2025-05-12,10.00,success
14484,1945,2025-04-12,10.00,success
14485,1945,2025-03-12,10.00,success
14486,1945,2025-02-12,10.00,success
14487,1945,2025-01-12,10.00,success
14488,1945,2024-12-12,10.00,success
14489,1945,2024-11-12,10.00,success
14490,1945,2024-10-12,10.00,success
14491,1945,2024-09-12,10.00,success
14492,1945,2024-08-12,10.00,success
14493,1945,2024-07-12,10.00,success
14494,1946,2023-12-23,10.00,success
14495,1946,2023-11-23,10.00,success
14496,1946,2023-10-23,10.00,success
14497,1946,2023-09-23,10.00,success
14498,1946,2023-08-23,10.00,success
14499,1947,2023-11-15,10.00,success
14500,1947,2023-10-15,10.00,success
14501,1947,2023-09-15,10.00,failed
14502,1947,2023-08-15,10.00,success
14503,1947,2023-07-15,10.00,success
14504,1947,2023-06-15,10.00,success
14505,1947,2023-05-15,10.00,success
14506,1947,2023-04-15,10.00,success
14507,1948,2023-12-18,25.00,success
14508,1948,2023-11-18,25.00,success
14509,1948,2023-10-18,25.00,success
14510,1949,2023-12-28,10.00,success
14511,1949,2023-11-28,10.00,success
14512,1949,2023-10-28,10.00,success
14513,1949,2023-09-28,10.00,success
14514,1949,2023-08-28,10.00,success
14515,1950,2024-06-03,10.00,success
14516,1950,2024-05-03,10.00,success
14517,1950,2024-04-03,10.00,success
14518,1950,2024-03-03,10.00,success
14519,1950,2024-02-03,10.00,success
14520,1950,2024-01-03,10.00,success
14521,1950,2023-12-03,10.00,success
14522,1950,2023-11-03,10.00,success
14523,1950,2023-10-03,10.00,failed
14524,1950,2023-09-03,10.00,success
14525,1951,2024-02-02,25.00,success
14526,1951,2024-01-02,25.00,success
14527,1951,2023-12-02,25.00,success
14528,1951,2023-11-02,25.00,success
14529,1951,2023-10-02,25.00,success
14530,1951,2023-09-02,25.00,success
14531,1951,2023-08-02,25.00,success
14532,1951,2023-07-02,25.00,success
14533,1951,2023-06-02,25.00,success
14534,1952,2024-07-22,10.00,success
14535,1952,2024-06-22,10.00,success
14536,1952,2024-05-22,10.00,success
14537,1952,2024-04-22,10.00,success
14538,1952,2024-03-22,10.00,success
14539,1952,2024-02-22,10.00,success
14540,1952,2024-01-22,10.00,success
14541,1952,2023-12-22,10.00,success
14542,1952,2023-11-22,10.00,success
14543,1952,2023-10-22,10.00,success
14544,1952,2023-09-22,10.00,success
14545,1952,2023-08-22,10.00,success
14546,1953,2024-10-11,10.00,success
14547,1953,2024-09-11,10.00,success
14548,1953,2024-08-11,10.00,success
14549,1953,2024-07-11,10.00,success
14550,1953,2024-06-11,10.00,success
14551,1953,2024-05-11,10.00,success
14552,1953,2024-04-11,10.00,success
14553,1953,2024-03-11,10.00,success
14554,1953,2024-02-11,10.00,success
14555,1953,2024-01-11,10.00,success
14556,1954,2024-11-01,60.00,success
14557,1954,2024-10-01,60.00,success
14558,1954,2024-09-01,60.00,failed
14559,1954,2024-08-01,60.00,success
14560,1954,2024-07-01,60.00,success
14561,1954,2024-06-01,60.00,success
14562,1954,2024-05-01,60.00,success
14563,1954,2024-04-01,60.00,success
14564,1954,2024-03-01,60.00,success
14565,1954,2024-02-01,60.00,success
14566,1954,2024-01-01,60.00,success
14567,1954,2023-12-01,60.00,success
14568,1955,2024-07-14,10.00,success
14569,1955,2024-06-14,10.00,success
14570,1955,2024-05-14,10.00,success
14571,1955,2024-04-14,10.00,success
14572,1955,2024-03-14,10.00,success
14573,1955,2024-02-14,10.00,success
14574,1955,2024-01-14,10.00,success
14575,1955,2023-12-14,10.00,success
14576,1956,2023-08-31,10.00,success
14577,1956,2023-07-31,10.00,failed
14578,1956,2023-06-30,10.00,success
14579,1956,2023-05-31,10.00,success
14580,1956,2023-04-30,10.00,success
14581,1956,2023-03-31,10.00,success
14582,1956,2023-02-28,10.00,success
14583,1956,2023-01-31,10.00,success
14584,1957,2024-09-18,10.00,success
14585,1957,2024-08-18,10.00,success
14586,1957,2024-07-18,10.00,success
14587,1957,2024-06-18,10.00,success
14588,1957,2024-05-18,10.00,success
14589,1957,2024-04-18,10.00,success
14590,1957,2024-03-18,10.00,success
14591,1957,2024-02-18,10.00,success
14592,1957,2024-01-18,10.00,success
14593,1957,2023-12-18,10.00,success
14594,1957,2023-11-18,10.00,success
14595,1957,2023-10-18,10.00,success
14596,1958,2024-03-16,10.00,failed
14597,1958,2024-02-16,10.00,failed
14598,1958,2024-01-16,10.00,success
14599,1959,2024-10-23,10.00,success
14600,1959,2024-09-23,10.00,success
14601,1959,2024-08-23,10.00,success
14602,1959,2024-07-23,10.00,success
14603,1959,2024-06-23,10.00,success
14604,1959,2024-05-23,10.00,success
14605,1959,2024-04-23,10.00,success
14606,1959,2024-03-23,10.00,success
14607,1959,2024-02-23,10.00,success
14608,1959,2024-01-23,10.00,success
14609,1960,2025-01-11,10.00,success
14610,1960,2024-12-11,10.00,success
14611,1960,2024-11-11,10.00,success
14612,1960,2024-10-11,10.00,success
14613,1960,2024-09-11,10.00,success
14614,1960,2024-08-11,10.00,success
14615,1960,2024-07-11,10.00,success
14616,1960,2024-06-11,10.00,success
14617,1960,2024-05-11,10.00,success
14618,1960,2024-04-11,10.00,success
14619,1960,2024-03-11,10.00,success
14620,1961,2024-08-18,10.00,success
14621,1961,2024-07-18,10.00,success
14622,1961,2024-06-18,10.00,success
14623,1961,2024-05-18,10.00,success
14624,1961,2024-04-18,10.00,success
14625,1961,2024-03-18,10.00,success
14626,1962,2024-05-30,10.00,success
14627,1962,2024-04-30,10.00,success
14628,1962,2024-03-30,10.00,success
14629,1962,2024-02-29,10.00,success
14630,1962,2024-01-30,10.00,success
14631,1962,2023-12-30,10.00,success
14632,1962,2023-11-30,10.00,success
14633,1962,2023-10-30,10.00,success
14634,1962,2023-09-30,10.00,success
14635,1962,2023-08-30,10.00,failed
14636,1962,2023-07-30,10.00,success
14637,1962,2023-06-30,10.00,success
14638,1963,2024-10-10,10.00,success
14639,1963,2024-09-10,10.00,success
14640,1963,2024-08-10,10.00,success
14641,1963,2024-07-10,10.00,success
14642,1963,2024-06-10,10.00,success
14643,1963,2024-05-10,10.00,success
14644,1963,2024-04-10,10.00,success
14645,1964,2024-08-01,25.00,success
14646,1964,2024-07-01,25.00,success
14647,1964,2024-06-01,25.00,success
14648,1965,2024-06-15,10.00,failed
14649,1965,2024-05-15,10.00,success
14650,1965,2024-04-15,10.00,success
14651,1965,2024-03-15,10.00,success
14652,1965,2024-02-15,10.00,success
14653,1965,2024-01-15,10.00,success
14654,1965,2023-12-15,10.00,success
14655,1966,2025-01-11,25.00,success
14656,1966,2024-12-11,25.00,success
14657,1966,2024-11-11,25.00,success
14658,1966,2024-10-11,25.00,success
14659,1966,2024-09-11,25.00,success
14660,1966,2024-08-11,25.00,success
14661,1966,2024-07-11,25.00,success
14662,1966,2024-06-11,25.00,success
14663,1966,2024-05-11,25.00,success
14664,1966,2024-04-11,25.00,failed
14665,1966,2024-03-11,25.00,success
14666,1967,2024-12-14,25.00,success
14667,1967,2024-11-14,25.00,success
14668,1967,2024-10-14,25.00,success
14669,1967,2024-09-14,25.00,success
14670,1967,2024-08-14,25.00,success
14671,1967,2024-07-14,25.00,success
14672,1967,2024-06-14,25.00,success
14673,1967,2024-05-14,25.00,success
14674,1967,2024-04-14,25.00,success
14675,1967,2024-03-14,25.00,success
14676,1967,2024-02-14,25.00,success
14677,1967,2024-01-14,25.00,success
14678,1968,2024-01-24,10.00,success
14679,1968,2023-12-24,10.00,success
14680,1969,2023-07-27,10.00,success
14681,1969,2023-06-27,10.00,success
14682,1970,2024-05-05,10.00,success
14683,1970,2024-04-05,10.00,success
14684,1970,2024-03-05,10.00,success
14685,1970,2024-02-05,10.00,success
14686,1970,2024-01-05,10.00,success
14687,1970,2023-12-05,10.00,success
14688,1970,2023-11-05,10.00,success
14689,1970,2023-10-05,10.00,success
14690,1970,2023-09-05,10.00,success
14691,1970,2023-08-05,10.00,success
14692,1970,2023-07-05,10.00,success
14693,1970,2023-06-05,10.00,success
14694,1971,2023-10-04,10.00,failed
14695,1971,2023-09-04,10.00,success
14696,1971,2023-08-04,10.00,success
14697,1971,2023-07-04,10.00,success
14698,1971,2023-06-04,10.00,success
14699,1971,2023-05-04,10.00,success
14700,1971,2023-04-04,10.00,failed
14701,1971,2023-03-04,10.00,success
14702,1972,2024-11-21,25.00,failed
14703,1972,2024-10-21,25.00,success
14704,1972,2024-09-21,25.00,success
14705,1972,2024-08-21,25.00,success
14706,1972,2024-07-21,25.00,success
14707,1972,2024-06-21,25.00,success
14708,1972,2024-05-21,25.00,success
14709,1973,2023-09-21,10.00,success
14710,1973,2023-08-21,10.00,success
14711,1973,2023-07-21,10.00,success
14712,1973,2023-06-21,10.00,success
14713,1974,2024-01-04,10.00,success
14714,1974,2023-12-04,10.00,success
14715,1974,2023-11-04,10.00,success
14716,1974,2023-10-04,10.00,failed
14717,1974,2023-09-04,10.00,success
14718,1974,2023-08-04,10.00,success
14719,1974,2023-07-04,10.00,success
14720,1974,2023-06-04,10.00,success
14721,1974,2023-05-04,10.00,success
14722,1975,2023-10-14,10.00,success
14723,1975,2023-09-14,10.00,success
14724,1975,2023-08-14,10.00,success
14725,1975,2023-07-14,10.00,success
14726,1975,2023-06-14,10.00,success
14727,1976,2024-11-18,10.00,success
14728,1976,2024-10-18,10.00,success
14729,1976,2024-09-18,10.00,success
14730,1976,2024-08-18,10.00,success
14731,1976,2024-07-18,10.00,success
14732,1976,2024-06-18,10.00,success
14733,1976,2024-05-18,10.00,success
14734,1976,2024-04-18,10.00,success
14735,1976,2024-03-18,10.00,success
14736,1977,2023-10-05,10.00,success
14737,1977,2023-09-05,10.00,success
14738,1977,2023-08-05,10.00,success
14739,1977,2023-07-05,10.00,success
14740,1977,2023-06-05,10.00,success
14741,1977,2023-05-05,10.00,success
14742,1977,2023-04-05,10.00,success
14743,1977,2023-03-05,10.00,success
14744,1977,2023-02-05,10.00,success
14745,1978,2024-11-08,10.00,success
14746,1978,2024-10-08,10.00,success
14747,1978,2024-09-08,10.00,success
14748,1978,2024-08-08,10.00,success
14749,1978,2024-07-08,10.00,failed
14750,1979,2024-04-14,10.00,success
14751,1979,2024-03-14,10.00,success
14752,1980,2024-09-11,10.00,success
14753,1980,2024-08-11,10.00,success
14754,1980,2024-07-11,10.00,success
14755,1981,2024-02-13,10.00,failed
14756,1981,2024-01-13,10.00,success
14757,1981,2023-12-13,10.00,success
14758,1981,2023-11-13,10.00,success
14759,1981,2023-10-13,10.00,success
14760,1981,2023-09-13,10.00,success
14761,1981,2023-08-13,10.00,success
14762,1981,2023-07-13,10.00,success
14763,1981,2023-06-13,10.00,success
14764,1982,2024-11-20,10.00,success
14765,1982,2024-10-20,10.00,success
14766,1982,2024-09-20,10.00,success
14767,1982,2024-08-20,10.00,success
14768,1982,2024-07-20,10.00,success
14769,1982,2024-06-20,10.00,success
14770,1982,2024-05-20,10.00,success
14771,1982,2024-04-20,10.00,success
14772,1982,2024-03-20,10.00,success
14773,1982,2024-02-20,10.00,success
14774,1982,2024-01-20,10.00,success
14775,1982,2023-12-20,10.00,success
14776,1983,2023-09-25,10.00,success
14777,1983,2023-08-25,10.00,success
14778,1983,2023-07-25,10.00,success
14779,1983,2023-06-25,10.00,success
14780,1983,2023-05-25,10.00,success
14781,1983,2023-04-25,10.00,success
14782,1984,2024-12-08,10.00,success
14783,1984,2024-11-08,10.00,success
14784,1984,2024-10-08,10.00,success
14785,1984,2024-09-08,10.00,success
14786,1984,2024-08-08,10.00,success
14787,1984,2024-07-08,10.00,success
14788,1984,2024-06-08,10.00,failed
14789,1984,2024-05-08,10.00,success
14790,1984,2024-04-08,10.00,success
14791,1984,2024-03-08,10.00,success
14792,1984,2024-02-08,10.00,success
14793,1984,2024-01-08,10.00,success
14794,1985,2024-08-15,10.00,success
14795,1985,2024-07-15,10.00,success
14796,1985,2024-06-15,10.00,success
14797,1985,2024-05-15,10.00,success
14798,1985,2024-04-15,10.00,success
14799,1985,2024-03-15,10.00,success
14800,1985,2024-02-15,10.00,success
14801,1985,2024-01-15,10.00,success
14802,1985,2023-12-15,10.00,success
14803,1986,2023-09-07,25.00,success
14804,1986,2023-08-07,25.00,success
14805,1986,2023-07-07,25.00,success
14806,1986,2023-06-07,25.00,success
14807,1986,2023-05-07,25.00,success
14808,1987,2024-09-02,10.00,success
14809,1987,2024-08-02,10.00,success
14810,1987,2024-07-02,10.00,success
14811,1987,2024-06-02,10.00,success
14812,1987,2024-05-02,10.00,success
14813,1987,2024-04-02,10.00,success
14814,1987,2024-03-02,10.00,success
14815,1987,2024-02-02,10.00,success
14816,1987,2024-01-02,10.00,success
14817,1987,2023-12-02,10.00,success
14818,1987,2023-11-02,10.00,success
14819,1987,2023-10-02,10.00,success
14820,1988,2024-06-21,25.00,success
14821,1988,2024-05-21,25.00,success
14822,1988,2024-04-21,25.00,success
14823,1988,2024-03-21,25.00,failed
14824,1988,2024-02-21,25.00,failed
14825,1988,2024-01-21,25.00,success
14826,1988,2023-12-21,25.00,success
14827,1988,2023-11-21,25.00,success
14828,1988,2023-10-21,25.00,success
14829,1988,2023-09-21,25.00,success
14830,1988,2023-08-21,25.00,success
14831,1988,2023-07-21,25.00,success
14832,1989,2024-02-19,10.00,success
14833,1989,2024-01-19,10.00,success
14834,1989,2023-12-19,10.00,success
14835,1989,2023-11-19,10.00,success
14836,1989,2023-10-19,10.00,success
14837,1989,2023-09-19,10.00,success
14838,1990,2025-04-09,10.00,success
14839,1990,2025-03-09,10.00,success
14840,1990,2025-02-09,10.00,success
14841,1990,2025-01-09,10.00,success
14842,1990,2024-12-09,10.00,success
14843,1990,2024-11-09,10.00,success
14844,1990,2024-10-09,10.00,success
14845,1990,2024-09-09,10.00,success
14846,1990,2024-08-09,10.00,success
14847,1990,2024-07-09,10.00,success
14848,1990,2024-06-09,10.00,success
14849,1991,2024-12-22,10.00,success
14850,1991,2024-11-22,10.00,success
14851,1991,2024-10-22,10.00,success
14852,1991,2024-09-22,10.00,success
14853,1991,2024-08-22,10.00,success
14854,1991,2024-07-22,10.00,success
14855,1991,2024-06-22,10.00,success
14856,1991,2024-05-22,10.00,success
14857,1991,2024-04-22,10.00,success
14858,1991,2024-03-22,10.00,success
14859,1991,2024-02-22,10.00,success
14860,1992,2023-10-13,10.00,success
14861,1992,2023-09-13,10.00,success
14862,1992,2023-08-13,10.00,success
14863,1992,2023-07-13,10.00,success
14864,1992,2023-06-13,10.00,success
14865,1993,2024-03-02,25.00,success
14866,1993,2024-02-02,25.00,success
14867,1993,2024-01-02,25.00,success
14868,1993,2023-12-02,25.00,success
14869,1994,2024-11-19,10.00,success
14870,1994,2024-10-19,10.00,success
14871,1994,2024-09-19,10.00,success
14872,1994,2024-08-19,10.00,success
14873,1994,2024-07-19,10.00,success
14874,1995,2023-12-13,10.00,success
14875,1995,2023-11-13,10.00,success
14876,1995,2023-10-13,10.00,success
14877,1995,2023-09-13,10.00,success
14878,1995,2023-08-13,10.00,success
14879,1995,2023-07-13,10.00,success
14880,1995,2023-06-13,10.00,success
14881,1996,2023-05-06,10.00,success
14882,1996,2023-04-06,10.00,success
14883,1996,2023-03-06,10.00,success
14884,1996,2023-02-06,10.00,success
14885,1997,2025-04-19,10.00,success
14886,1997,2025-03-19,10.00,success
14887,1997,2025-02-19,10.00,success
14888,1997,2025-01-19,10.00,success
14889,1997,2024-12-19,10.00,success
14890,1997,2024-11-19,10.00,success
14891,1997,2024-10-19,10.00,success
14892,1997,2024-09-19,10.00,success
14893,1997,2024-08-19,10.00,success
14894,1997,2024-07-19,10.00,success
14895,1997,2024-06-19,10.00,success
14896,1997,2024-05-19,10.00,success
14897,1998,2024-11-25,25.00,success
14898,1998,2024-10-25,25.00,success
14899,1998,2024-09-25,25.00,success
14900,1998,2024-08-25,25.00,success
14901,1998,2024-07-25,25.00,success
14902,1998,2024-06-25,25.00,success
14903,1998,2024-05-25,25.00,failed
14904,1998,2024-04-25,25.00,success
14905,1998,2024-03-25,25.00,success
14906,1998,2024-02-25,25.00,success
14907,1998,2024-01-25,25.00,success
14908,1998,2023-12-25,25.00,success
14909,1999,2025-02-19,10.00,success
14910,1999,2025-01-19,10.00,success
14911,1999,2024-12-19,10.00,success
14912,1999,2024-11-19,10.00,success
14913,1999,2024-10-19,10.00,success
14914,1999,2024-09-19,10.00,success
14915,1999,2024-08-19,10.00,success
14916,1999,2024-07-19,10.00,success
14917,1999,2024-06-19,10.00,success
14918,1999,2024-05-19,10.00,success
14919,1999,2024-04-19,10.00,success
14920,1999,2024-03-19,10.00,success
14921,2000,2024-11-27,10.00,success
14922,2000,2024-10-27,10.00,success
14923,2000,2024-09-27,10.00,success
14924,2000,2024-08-27,10.00,success
14925,2000,2024-07-27,10.00,success
14926,2000,2024-06-27,10.00,success
14927,2001,2023-04-01,10.00,success
14928,2001,2023-03-01,10.00,success
14929,2002,2023-06-07,25.00,success
14930,2002,2023-05-07,25.00,success
14931,2002,2023-04-07,25.00,success
14932,2002,2023-03-07,25.00,failed
14933,2002,2023-02-07,25.00,success
14934,2003,2024-04-02,25.00,success
14935,2003,2024-03-02,25.00,success
14936,2003,2024-02-02,25.00,success
14937,2003,2024-01-02,25.00,success
14938,2003,2023-12-02,25.00,success
14939,2004,2024-03-11,25.00,success
14940,2004,2024-02-11,25.00,success
14941,2005,2024-04-24,25.00,success
14942,2005,2024-03-24,25.00,success
14943,2005,2024-02-24,25.00,success
14944,2005,2024-01-24,25.00,success
14945,2005,2023-12-24,25.00,failed
14946,2005,2023-11-24,25.00,success
14947,2005,2023-10-24,25.00,success
14948,2005,2023-09-24,25.00,success
14949,2006,2024-05-06,10.00,success
14950,2006,2024-04-06,10.00,success
14951,2006,2024-03-06,10.00,success
14952,2006,2024-02-06,10.00,success
14953,2006,2024-01-06,10.00,success
14954,2006,2023-12-06,10.00,success
14955,2006,2023-11-06,10.00,success
14956,2006,2023-10-06,10.00,success
14957,2007,2024-09-02,10.00,success
14958,2007,2024-08-02,10.00,success
14959,2007,2024-07-02,10.00,success
14960,2007,2024-06-02,10.00,success
14961,2007,2024-05-02,10.00,success
14962,2007,2024-04-02,10.00,success
14963,2007,2024-03-02,10.00,success
14964,2007,2024-02-02,10.00,success
14965,2007,2024-01-02,10.00,success
14966,2007,2023-12-02,10.00,success
14967,2007,2023-11-02,10.00,success
14968,2007,2023-10-02,10.00,success
14969,2008,2024-05-08,25.00,success
14970,2008,2024-04-08,25.00,success
14971,2009,2023-03-10,25.00,success
14972,2009,2023-02-10,25.00,success
14973,2010,2024-03-22,25.00,success
14974,2010,2024-02-22,25.00,success
14975,2010,2024-01-22,25.00,failed
14976,2010,2023-12-22,25.00,success
14977,2010,2023-11-22,25.00,failed
14978,2010,2023-10-22,25.00,success
14979,2010,2023-09-22,25.00,success
14980,2010,2023-08-22,25.00,success
14981,2010,2023-07-22,25.00,success
14982,2010,2023-06-22,25.00,success
14983,2010,2023-05-22,25.00,success
14984,2010,2023-04-22,25.00,success
14985,2011,2024-04-30,10.00,success
14986,2011,2024-03-30,10.00,failed
14987,2011,2024-02-29,10.00,success
14988,2011,2024-01-30,10.00,success
14989,2011,2023-12-30,10.00,success
14990,2011,2023-11-30,10.00,success
14991,2011,2023-10-30,10.00,success
14992,2011,2023-09-30,10.00,success
14993,2012,2024-02-01,25.00,success
14994,2012,2024-01-01,25.00,success
14995,2012,2023-12-01,25.00,success
14996,2012,2023-11-01,25.00,success
14997,2012,2023-10-01,25.00,success
14998,2012,2023-09-01,25.00,success
14999,2012,2023-08-01,25.00,failed
15000,2012,2023-07-01,25.00,success
15001,2012,2023-06-01,25.00,success
15002,2013,2024-05-25,10.00,failed
15003,2013,2024-04-25,10.00,success
15004,2013,2024-03-25,10.00,success
15005,2013,2024-02-25,10.00,success
15006,2013,2024-01-25,10.00,success
15007,2014,2023-11-11,10.00,success
15008,2014,2023-10-11,10.00,success
15009,2014,2023-09-11,10.00,success
15010,2014,2023-08-11,10.00,success
15011,2015,2024-11-25,10.00,success
15012,2015,2024-10-25,10.00,success
15013,2015,2024-09-25,10.00,success
15014,2015,2024-08-25,10.00,success
15015,2015,2024-07-25,10.00,success
15016,2015,2024-06-25,10.00,success
15017,2015,2024-05-25,10.00,success
15018,2015,2024-04-25,10.00,success
15019,2016,2024-10-14,10.00,failed
15020,2016,2024-09-14,10.00,success
15021,2016,2024-08-14,10.00,success
15022,2016,2024-07-14,10.00,failed
15023,2016,2024-06-14,10.00,success
15024,2016,2024-05-14,10.00,success
15025,2016,2024-04-14,10.00,success
15026,2016,2024-03-14,10.00,failed
15027,2016,2024-02-14,10.00,success
15028,2016,2024-01-14,10.00,success
15029,2016,2023-12-14,10.00,success
15030,2016,2023-11-14,10.00,success
15031,2017,2023-10-07,25.00,success
15032,2017,2023-09-07,25.00,success
15033,2017,2023-08-07,25.00,success
15034,2017,2023-07-07,25.00,success
15035,2017,2023-06-07,25.00,success
15036,2017,2023-05-07,25.00,success
15037,2018,2024-05-07,10.00,success
15038,2018,2024-04-07,10.00,success
15039,2018,2024-03-07,10.00,success
15040,2018,2024-02-07,10.00,success
15041,2018,2024-01-07,10.00,success
15042,2018,2023-12-07,10.00,success
15043,2018,2023-11-07,10.00,success
15044,2018,2023-10-07,10.00,success
15045,2018,2023-09-07,10.00,success
15046,2018,2023-08-07,10.00,success
15047,2019,2024-05-05,10.00,success
15048,2019,2024-04-05,10.00,success
15049,2019,2024-03-05,10.00,success
15050,2019,2024-02-05,10.00,success
15051,2019,2024-01-05,10.00,success
15052,2019,2023-12-05,10.00,success
15053,2019,2023-11-05,10.00,success
15054,2019,2023-10-05,10.00,success
15055,2020,2024-03-01,25.00,success
15056,2020,2024-02-01,25.00,success
15057,2020,2024-01-01,25.00,success
15058,2020,2023-12-01,25.00,success
15059,2020,2023-11-01,25.00,success
15060,2020,2023-10-01,25.00,failed
15061,2020,2023-09-01,25.00,success
15062,2020,2023-08-01,25.00,success
15063,2020,2023-07-01,25.00,success
15064,2020,2023-06-01,25.00,success
15065,2020,2023-05-01,25.00,success
15066,2020,2023-04-01,25.00,success
15067,2021,2023-08-17,10.00,success
15068,2021,2023-07-17,10.00,success
15069,2021,2023-06-17,10.00,success
15070,2021,2023-05-17,10.00,success
15071,2021,2023-04-17,10.00,success
15072,2022,2024-02-03,10.00,success
15073,2022,2024-01-03,10.00,success
15074,2022,2023-12-03,10.00,success
15075,2022,2023-11-03,10.00,success
15076,2022,2023-10-03,10.00,success
15077,2022,2023-09-03,10.00,success
15078,2023,2024-01-23,10.00,success
15079,2023,2023-12-23,10.00,success
15080,2023,2023-11-23,10.00,success
15081,2023,2023-10-23,10.00,success
15082,2023,2023-09-23,10.00,success
15083,2023,2023-08-23,10.00,success
15084,2023,2023-07-23,10.00,success
15085,2023,2023-06-23,10.00,success
15086,2023,2023-05-23,10.00,success
15087,2023,2023-04-23,10.00,success
15088,2023,2023-03-23,10.00,success
15089,2023,2023-02-23,10.00,success
15090,2024,2024-11-16,25.00,success
15091,2024,2024-10-16,25.00,success
15092,2024,2024-09-16,25.00,success
15093,2024,2024-08-16,25.00,success
15094,2024,2024-07-16,25.00,success
15095,2024,2024-06-16,25.00,success
15096,2024,2024-05-16,25.00,success
15097,2025,2024-05-17,10.00,success
15098,2025,2024-04-17,10.00,success
15099,2025,2024-03-17,10.00,failed
15100,2025,2024-02-17,10.00,success
15101,2025,2024-01-17,10.00,success
15102,2025,2023-12-17,10.00,success
15103,2025,2023-11-17,10.00,success
15104,2026,2024-12-26,10.00,success
15105,2026,2024-11-26,10.00,success
15106,2026,2024-10-26,10.00,success
15107,2026,2024-09-26,10.00,success
15108,2026,2024-08-26,10.00,success
15109,2026,2024-07-26,10.00,success
15110,2026,2024-06-26,10.00,success
15111,2026,2024-05-26,10.00,success
15112,2026,2024-04-26,10.00,success
15113,2026,2024-03-26,10.00,success
15114,2027,2024-03-15,10.00,success
15115,2027,2024-02-15,10.00,success
15116,2027,2024-01-15,10.00,success
15117,2027,2023-12-15,10.00,success
15118,2027,2023-11-15,10.00,success
15119,2027,2023-10-15,10.00,success
15120,2027,2023-09-15,10.00,success
15121,2027,2023-08-15,10.00,success
15122,2027,2023-07-15,10.00,success
15123,2027,2023-06-15,10.00,success
15124,2027,2023-05-15,10.00,success
15125,2028,2024-12-30,25.00,success
15126,2028,2024-11-30,25.00,failed
15127,2028,2024-10-30,25.00,success
15128,2028,2024-09-30,25.00,success
15129,2028,2024-08-30,25.00,success
15130,2028,2024-07-30,25.00,success
15131,2028,2024-06-30,25.00,success
15132,2028,2024-05-30,25.00,success
15133,2029,2023-07-23,10.00,success
15134,2029,2023-06-23,10.00,failed
15135,2029,2023-05-23,10.00,success
15136,2029,2023-04-23,10.00,success
15137,2029,2023-03-23,10.00,success
15138,2029,2023-02-23,10.00,success
15139,2030,2024-05-07,10.00,success
15140,2030,2024-04-07,10.00,success
15141,2031,2023-08-03,10.00,success
15142,2031,2023-07-03,10.00,success
15143,2031,2023-06-03,10.00,success
15144,2032,2023-08-03,10.00,success
15145,2032,2023-07-03,10.00,success
15146,2032,2023-06-03,10.00,success
15147,2033,2024-07-29,10.00,success
15148,2033,2024-06-29,10.00,success
15149,2033,2024-05-29,10.00,success
15150,2033,2024-04-29,10.00,success
15151,2033,2024-03-29,10.00,success
15152,2033,2024-02-29,10.00,success
15153,2033,2024-01-29,10.00,success
15154,2033,2023-12-29,10.00,success
15155,2033,2023-11-29,10.00,success
15156,2033,2023-10-29,10.00,success
15157,2033,2023-09-29,10.00,failed
15158,2034,2025-03-06,10.00,success
15159,2034,2025-02-06,10.00,success
15160,2034,2025-01-06,10.00,success
15161,2034,2024-12-06,10.00,success
15162,2034,2024-11-06,10.00,success
15163,2034,2024-10-06,10.00,success
15164,2034,2024-09-06,10.00,success
15165,2034,2024-08-06,10.00,success
15166,2034,2024-07-06,10.00,success
15167,2034,2024-06-06,10.00,success
15168,2034,2024-05-06,10.00,success
15169,2034,2024-04-06,10.00,success
15170,2035,2023-11-09,10.00,success
15171,2035,2023-10-09,10.00,success
15172,2035,2023-09-09,10.00,success
15173,2035,2023-08-09,10.00,success
15174,2035,2023-07-09,10.00,success
15175,2035,2023-06-09,10.00,success
15176,2035,2023-05-09,10.00,success
15177,2035,2023-04-09,10.00,success
15178,2035,2023-03-09,10.00,success
15179,2035,2023-02-09,10.00,success
15180,2036,2024-12-30,60.00,success
15181,2036,2024-11-30,60.00,success
15182,2036,2024-10-30,60.00,success
15183,2036,2024-09-30,60.00,success
15184,2036,2024-08-30,60.00,success
15185,2036,2024-07-30,60.00,success
15186,2036,2024-06-30,60.00,failed
15187,2036,2024-05-30,60.00,success
15188,2036,2024-04-30,60.00,failed
15189,2036,2024-03-30,60.00,success
15190,2036,2024-02-29,60.00,success
15191,2036,2024-01-30,60.00,success
15192,2037,2025-04-19,25.00,success
15193,2037,2025-03-19,25.00,success
15194,2037,2025-02-19,25.00,success
15195,2037,2025-01-19,25.00,success
15196,2037,2024-12-19,25.00,success
15197,2037,2024-11-19,25.00,success
15198,2037,2024-10-19,25.00,success
15199,2037,2024-09-19,25.00,success
15200,2037,2024-08-19,25.00,success
15201,2037,2024-07-19,25.00,success
15202,2038,2024-03-15,25.00,success
15203,2038,2024-02-15,25.00,failed
15204,2038,2024-01-15,25.00,success
15205,2038,2023-12-15,25.00,success
15206,2038,2023-11-15,25.00,failed
15207,2039,2024-02-01,10.00,success
15208,2039,2024-01-01,10.00,success
15209,2039,2023-12-01,10.00,success
15210,2040,2024-03-24,25.00,success
15211,2040,2024-02-24,25.00,success
15212,2040,2024-01-24,25.00,success
15213,2040,2023-12-24,25.00,success
15214,2040,2023-11-24,25.00,failed
15215,2040,2023-10-24,25.00,failed
15216,2040,2023-09-24,25.00,failed
15217,2040,2023-08-24,25.00,success
15218,2040,2023-07-24,25.00,success
15219,2041,2024-06-10,10.00,success
15220,2041,2024-05-10,10.00,success
15221,2041,2024-04-10,10.00,failed
15222,2041,2024-03-10,10.00,success
15223,2041,2024-02-10,10.00,success
15224,2042,2024-03-30,10.00,success
15225,2042,2024-02-29,10.00,success
15226,2042,2024-01-30,10.00,success
15227,2042,2023-12-30,10.00,success
15228,2042,2023-11-30,10.00,success
15229,2043,2024-08-20,10.00,success
15230,2043,2024-07-20,10.00,success
15231,2043,2024-06-20,10.00,success
15232,2043,2024-05-20,10.00,success
15233,2043,2024-04-20,10.00,success
15234,2043,2024-03-20,10.00,success
15235,2043,2024-02-20,10.00,success
15236,2043,2024-01-20,10.00,success
15237,2044,2024-01-13,10.00,success
15238,2044,2023-12-13,10.00,success
15239,2045,2024-05-19,10.00,success
15240,2045,2024-04-19,10.00,success
15241,2045,2024-03-19,10.00,success
15242,2045,2024-02-19,10.00,failed
15243,2045,2024-01-19,10.00,success
15244,2045,2023-12-19,10.00,success
15245,2046,2024-11-28,10.00,success
15246,2046,2024-10-28,10.00,success
15247,2046,2024-09-28,10.00,success
15248,2046,2024-08-28,10.00,success
15249,2046,2024-07-28,10.00,success
15250,2046,2024-06-28,10.00,success
15251,2046,2024-05-28,10.00,success
15252,2046,2024-04-28,10.00,success
15253,2046,2024-03-28,10.00,success
15254,2046,2024-02-28,10.00,success
15255,2046,2024-01-28,10.00,success
15256,2047,2024-10-20,10.00,success
15257,2047,2024-09-20,10.00,success
15258,2047,2024-08-20,10.00,success
15259,2047,2024-07-20,10.00,success
15260,2047,2024-06-20,10.00,success
15261,2047,2024-05-20,10.00,success
15262,2047,2024-04-20,10.00,success
15263,2047,2024-03-20,10.00,failed
15264,2047,2024-02-20,10.00,success
15265,2048,2023-09-03,10.00,success
15266,2048,2023-08-03,10.00,success
15267,2048,2023-07-03,10.00,success
15268,2048,2023-06-03,10.00,success
15269,2048,2023-05-03,10.00,success
15270,2048,2023-04-03,10.00,success
15271,2048,2023-03-03,10.00,success
15272,2049,2024-01-07,10.00,success
15273,2049,2023-12-07,10.00,success
15274,2049,2023-11-07,10.00,success
15275,2049,2023-10-07,10.00,success
15276,2049,2023-09-07,10.00,success
15277,2049,2023-08-07,10.00,success
15278,2049,2023-07-07,10.00,success
15279,2049,2023-06-07,10.00,success
15280,2049,2023-05-07,10.00,success
15281,2049,2023-04-07,10.00,success
15282,2049,2023-03-07,10.00,success
15283,2049,2023-02-07,10.00,success
15284,2050,2024-10-05,10.00,success
15285,2050,2024-09-05,10.00,success
15286,2050,2024-08-05,10.00,success
15287,2050,2024-07-05,10.00,success
15288,2050,2024-06-05,10.00,success
15289,2050,2024-05-05,10.00,success
15290,2050,2024-04-05,10.00,success
15291,2050,2024-03-05,10.00,success
15292,2050,2024-02-05,10.00,success
15293,2050,2024-01-05,10.00,success
15294,2050,2023-12-05,10.00,success
15295,2051,2024-08-27,10.00,success
15296,2051,2024-07-27,10.00,success
15297,2051,2024-06-27,10.00,success
15298,2051,2024-05-27,10.00,success
15299,2052,2024-07-06,60.00,success
15300,2052,2024-06-06,60.00,success
15301,2052,2024-05-06,60.00,success
15302,2052,2024-04-06,60.00,success
15303,2052,2024-03-06,60.00,success
15304,2052,2024-02-06,60.00,success
15305,2052,2024-01-06,60.00,success
15306,2052,2023-12-06,60.00,success
15307,2052,2023-11-06,60.00,success
15308,2052,2023-10-06,60.00,success
15309,2053,2024-07-06,25.00,success
15310,2053,2024-06-06,25.00,success
15311,2053,2024-05-06,25.00,success
15312,2053,2024-04-06,25.00,success
15313,2053,2024-03-06,25.00,success
15314,2053,2024-02-06,25.00,success
15315,2053,2024-01-06,25.00,success
15316,2053,2023-12-06,25.00,success
15317,2053,2023-11-06,25.00,success
15318,2053,2023-10-06,25.00,success
15319,2054,2024-01-14,10.00,success
15320,2054,2023-12-14,10.00,success
15321,2054,2023-11-14,10.00,success
15322,2054,2023-10-14,10.00,success
15323,2054,2023-09-14,10.00,success
15324,2054,2023-08-14,10.00,success
15325,2054,2023-07-14,10.00,success
15326,2054,2023-06-14,10.00,success
15327,2054,2023-05-14,10.00,success
15328,2054,2023-04-14,10.00,success
15329,2054,2023-03-14,10.00,success
15330,2055,2024-09-16,10.00,success
15331,2055,2024-08-16,10.00,success
15332,2055,2024-07-16,10.00,success
15333,2055,2024-06-16,10.00,success
15334,2055,2024-05-16,10.00,success
15335,2055,2024-04-16,10.00,success
15336,2055,2024-03-16,10.00,success
15337,2055,2024-02-16,10.00,success
15338,2055,2024-01-16,10.00,success
15339,2055,2023-12-16,10.00,success
15340,2056,2025-04-02,25.00,success
15341,2056,2025-03-02,25.00,success
15342,2056,2025-02-02,25.00,success
15343,2056,2025-01-02,25.00,success
15344,2056,2024-12-02,25.00,success
15345,2056,2024-11-02,25.00,success
15346,2056,2024-10-02,25.00,success
15347,2056,2024-09-02,25.00,success
15348,2056,2024-08-02,25.00,success
15349,2056,2024-07-02,25.00,success
15350,2056,2024-06-02,25.00,success
15351,2056,2024-05-02,25.00,success
15352,2057,2024-11-16,10.00,success
15353,2057,2024-10-16,10.00,success
15354,2057,2024-09-16,10.00,success
15355,2057,2024-08-16,10.00,success
15356,2057,2024-07-16,10.00,success
15357,2057,2024-06-16,10.00,success
15358,2057,2024-05-16,10.00,success
15359,2058,2024-06-23,25.00,success
15360,2058,2024-05-23,25.00,success
15361,2058,2024-04-23,25.00,success
15362,2058,2024-03-23,25.00,success
15363,2058,2024-02-23,25.00,failed
15364,2058,2024-01-23,25.00,success
15365,2058,2023-12-23,25.00,success
15366,2059,2024-02-22,10.00,success
15367,2059,2024-01-22,10.00,success
15368,2059,2023-12-22,10.00,success
15369,2059,2023-11-22,10.00,success
15370,2059,2023-10-22,10.00,success
15371,2059,2023-09-22,10.00,success
15372,2059,2023-08-22,10.00,success
15373,2059,2023-07-22,10.00,success
15374,2059,2023-06-22,10.00,success
15375,2059,2023-05-22,10.00,success
15376,2059,2023-04-22,10.00,success
15377,2060,2024-10-07,10.00,success
15378,2060,2024-09-07,10.00,success
15379,2060,2024-08-07,10.00,success
15380,2060,2024-07-07,10.00,failed
15381,2060,2024-06-07,10.00,success
15382,2060,2024-05-07,10.00,success
15383,2060,2024-04-07,10.00,success
15384,2061,2025-03-16,10.00,success
15385,2061,2025-02-16,10.00,success
15386,2061,2025-01-16,10.00,success
15387,2061,2024-12-16,10.00,success
15388,2061,2024-11-16,10.00,success
15389,2061,2024-10-16,10.00,success
15390,2061,2024-09-16,10.00,success
15391,2061,2024-08-16,10.00,success
15392,2061,2024-07-16,10.00,success
15393,2061,2024-06-16,10.00,success
15394,2062,2023-07-03,10.00,success
15395,2062,2023-06-03,10.00,success
15396,2063,2024-07-10,25.00,success
15397,2063,2024-06-10,25.00,success
15398,2063,2024-05-10,25.00,success
15399,2063,2024-04-10,25.00,success
15400,2063,2024-03-10,25.00,success
15401,2063,2024-02-10,25.00,failed
15402,2063,2024-01-10,25.00,success
15403,2063,2023-12-10,25.00,success
15404,2063,2023-11-10,25.00,success
15405,2064,2023-12-21,25.00,success
15406,2064,2023-11-21,25.00,success
15407,2064,2023-10-21,25.00,success
15408,2064,2023-09-21,25.00,success
15409,2064,2023-08-21,25.00,success
15410,2064,2023-07-21,25.00,success
15411,2064,2023-06-21,25.00,success
15412,2064,2023-05-21,25.00,success
15413,2065,2023-06-29,25.00,success
15414,2065,2023-05-29,25.00,success
15415,2066,2024-03-19,60.00,success
15416,2066,2024-02-19,60.00,success
15417,2066,2024-01-19,60.00,success
15418,2066,2023-12-19,60.00,success
15419,2066,2023-11-19,60.00,success
15420,2066,2023-10-19,60.00,success
15421,2066,2023-09-19,60.00,success
15422,2067,2023-12-11,10.00,success
15423,2067,2023-11-11,10.00,success
15424,2067,2023-10-11,10.00,success
15425,2067,2023-09-11,10.00,success
15426,2067,2023-08-11,10.00,success
15427,2067,2023-07-11,10.00,success
15428,2067,2023-06-11,10.00,success
15429,2067,2023-05-11,10.00,success
15430,2067,2023-04-11,10.00,success
15431,2068,2024-02-27,25.00,success
15432,2068,2024-01-27,25.00,success
15433,2068,2023-12-27,25.00,failed
15434,2068,2023-11-27,25.00,success
15435,2068,2023-10-27,25.00,success
15436,2068,2023-09-27,25.00,success
15437,2068,2023-08-27,25.00,success
15438,2068,2023-07-27,25.00,success
15439,2068,2023-06-27,25.00,success
15440,2068,2023-05-27,25.00,success
15441,2068,2023-04-27,25.00,success
15442,2069,2024-08-02,10.00,success
15443,2069,2024-07-02,10.00,success
15444,2069,2024-06-02,10.00,failed
15445,2069,2024-05-02,10.00,success
15446,2069,2024-04-02,10.00,success
15447,2070,2023-11-24,10.00,success
15448,2070,2023-10-24,10.00,success
15449,2070,2023-09-24,10.00,success
15450,2070,2023-08-24,10.00,success
15451,2070,2023-07-24,10.00,success
15452,2070,2023-06-24,10.00,success
15453,2071,2024-03-13,25.00,success
15454,2071,2024-02-13,25.00,success
15455,2071,2024-01-13,25.00,success
15456,2071,2023-12-13,25.00,success
15457,2071,2023-11-13,25.00,success
15458,2071,2023-10-13,25.00,failed
15459,2071,2023-09-13,25.00,success
15460,2071,2023-08-13,25.00,success
15461,2071,2023-07-13,25.00,success
15462,2071,2023-06-13,25.00,success
15463,2071,2023-05-13,25.00,success
15464,2071,2023-04-13,25.00,success
15465,2072,2024-06-01,10.00,success
15466,2072,2024-05-01,10.00,success
15467,2072,2024-04-01,10.00,success
15468,2072,2024-03-01,10.00,success
15469,2072,2024-02-01,10.00,success
15470,2072,2024-01-01,10.00,success
15471,2072,2023-12-01,10.00,failed
15472,2072,2023-11-01,10.00,success
15473,2072,2023-10-01,10.00,failed
15474,2072,2023-09-01,10.00,success
15475,2072,2023-08-01,10.00,success
15476,2073,2025-05-28,10.00,failed
15477,2073,2025-04-28,10.00,success
15478,2073,2025-03-28,10.00,success
15479,2073,2025-02-28,10.00,success
15480,2073,2025-01-28,10.00,success
15481,2073,2024-12-28,10.00,success
15482,2073,2024-11-28,10.00,success
15483,2073,2024-10-28,10.00,success
15484,2073,2024-09-28,10.00,success
15485,2073,2024-08-28,10.00,success
15486,2073,2024-07-28,10.00,success
15487,2073,2024-06-28,10.00,success
15488,2074,2024-07-06,10.00,success
15489,2074,2024-06-06,10.00,success
15490,2074,2024-05-06,10.00,success
15491,2074,2024-04-06,10.00,success
15492,2074,2024-03-06,10.00,success
15493,2074,2024-02-06,10.00,success
15494,2074,2024-01-06,10.00,success
15495,2075,2023-11-03,10.00,success
15496,2075,2023-10-03,10.00,success
15497,2075,2023-09-03,10.00,success
15498,2075,2023-08-03,10.00,success
15499,2075,2023-07-03,10.00,success
15500,2075,2023-06-03,10.00,success
15501,2075,2023-05-03,10.00,success
15502,2075,2023-04-03,10.00,success
15503,2075,2023-03-03,10.00,success
15504,2075,2023-02-03,10.00,success
15505,2076,2025-04-26,10.00,success
15506,2076,2025-03-26,10.00,success
15507,2076,2025-02-26,10.00,success
15508,2076,2025-01-26,10.00,success
15509,2076,2024-12-26,10.00,success
15510,2076,2024-11-26,10.00,success
15511,2076,2024-10-26,10.00,success
15512,2076,2024-09-26,10.00,success
15513,2076,2024-08-26,10.00,success
15514,2076,2024-07-26,10.00,success
15515,2076,2024-06-26,10.00,success
15516,2076,2024-05-26,10.00,success
15517,2077,2024-02-15,25.00,success
15518,2077,2024-01-15,25.00,success
15519,2077,2023-12-15,25.00,success
15520,2077,2023-11-15,25.00,success
15521,2077,2023-10-15,25.00,success
15522,2077,2023-09-15,25.00,success
15523,2077,2023-08-15,25.00,success
15524,2077,2023-07-15,25.00,success
15525,2077,2023-06-15,25.00,success
15526,2077,2023-05-15,25.00,success
15527,2078,2023-07-20,10.00,success
15528,2078,2023-06-20,10.00,success
15529,2078,2023-05-20,10.00,success
15530,2078,2023-04-20,10.00,success
15531,2078,2023-03-20,10.00,success
15532,2078,2023-02-20,10.00,success
15533,2078,2023-01-20,10.00,success
15534,2079,2024-02-09,25.00,success
15535,2079,2024-01-09,25.00,success
15536,2079,2023-12-09,25.00,success
15537,2079,2023-11-09,25.00,success
15538,2079,2023-10-09,25.00,success
15539,2079,2023-09-09,25.00,success
15540,2079,2023-08-09,25.00,success
15541,2079,2023-07-09,25.00,success
15542,2079,2023-06-09,25.00,success
15543,2079,2023-05-09,25.00,success
15544,2079,2023-04-09,25.00,success
15545,2079,2023-03-09,25.00,success
15546,2080,2024-08-01,10.00,success
15547,2080,2024-07-01,10.00,success
15548,2081,2024-03-17,10.00,success
15549,2081,2024-02-17,10.00,success
15550,2081,2024-01-17,10.00,success
15551,2082,2024-07-31,25.00,success
15552,2082,2024-06-30,25.00,success
15553,2082,2024-05-31,25.00,success
15554,2082,2024-04-30,25.00,success
15555,2082,2024-03-31,25.00,success
15556,2082,2024-02-29,25.00,success
15557,2082,2024-01-31,25.00,success
15558,2082,2023-12-31,25.00,success
15559,2083,2023-05-11,25.00,success
15560,2083,2023-04-11,25.00,success
15561,2083,2023-03-11,25.00,success
15562,2084,2023-06-17,10.00,success
15563,2084,2023-05-17,10.00,success
15564,2084,2023-04-17,10.00,success
15565,2084,2023-03-17,10.00,success
15566,2085,2025-04-18,10.00,success
15567,2085,2025-03-18,10.00,success
15568,2085,2025-02-18,10.00,success
15569,2085,2025-01-18,10.00,success
15570,2085,2024-12-18,10.00,success
15571,2085,2024-11-18,10.00,success
15572,2085,2024-10-18,10.00,success
15573,2085,2024-09-18,10.00,success
15574,2085,2024-08-18,10.00,success
15575,2085,2024-07-18,10.00,success
15576,2085,2024-06-18,10.00,success
15577,2086,2024-01-16,25.00,success
15578,2086,2023-12-16,25.00,success
15579,2086,2023-11-16,25.00,success
15580,2087,2023-11-04,25.00,success
15581,2087,2023-10-04,25.00,success
15582,2087,2023-09-04,25.00,success
15583,2087,2023-08-04,25.00,success
15584,2087,2023-07-04,25.00,success
15585,2087,2023-06-04,25.00,success
15586,2087,2023-05-04,25.00,success
15587,2087,2023-04-04,25.00,success
15588,2087,2023-03-04,25.00,success
15589,2087,2023-02-04,25.00,success
15590,2088,2024-06-24,10.00,success
15591,2088,2024-05-24,10.00,success
15592,2088,2024-04-24,10.00,success
15593,2088,2024-03-24,10.00,success
15594,2089,2023-04-06,10.00,success
15595,2089,2023-03-06,10.00,success
15596,2089,2023-02-06,10.00,success
15597,2090,2023-06-11,10.00,success
15598,2090,2023-05-11,10.00,success
15599,2090,2023-04-11,10.00,success
15600,2090,2023-03-11,10.00,success
15601,2090,2023-02-11,10.00,success
15602,2091,2023-11-09,25.00,success
15603,2091,2023-10-09,25.00,success
15604,2091,2023-09-09,25.00,success
15605,2092,2024-08-23,10.00,success
15606,2092,2024-07-23,10.00,success
15607,2092,2024-06-23,10.00,success
15608,2093,2023-09-13,10.00,success
15609,2093,2023-08-13,10.00,success
15610,2093,2023-07-13,10.00,success
15611,2093,2023-06-13,10.00,success
15612,2093,2023-05-13,10.00,success
15613,2093,2023-04-13,10.00,success
15614,2093,2023-03-13,10.00,success
15615,2094,2023-04-11,25.00,success
15616,2094,2023-03-11,25.00,success
15617,2095,2024-05-20,25.00,success
15618,2095,2024-04-20,25.00,success
15619,2096,2023-03-02,10.00,success
15620,2096,2023-02-02,10.00,success
15621,2097,2024-10-21,25.00,success
15622,2097,2024-09-21,25.00,success
15623,2097,2024-08-21,25.00,success
15624,2097,2024-07-21,25.00,success
15625,2097,2024-06-21,25.00,success
15626,2097,2024-05-21,25.00,failed
15627,2097,2024-04-21,25.00,success
15628,2097,2024-03-21,25.00,success
15629,2097,2024-02-21,25.00,success
15630,2097,2024-01-21,25.00,success
15631,2097,2023-12-21,25.00,success
15632,2097,2023-11-21,25.00,success
15633,2098,2024-06-24,10.00,success
15634,2098,2024-05-24,10.00,success
15635,2098,2024-04-24,10.00,success
15636,2099,2024-03-08,10.00,success
15637,2099,2024-02-08,10.00,success
15638,2099,2024-01-08,10.00,success
15639,2099,2023-12-08,10.00,success
15640,2099,2023-11-08,10.00,success
15641,2099,2023-10-08,10.00,success
15642,2100,2024-11-10,10.00,success
15643,2100,2024-10-10,10.00,success
15644,2100,2024-09-10,10.00,success
15645,2100,2024-08-10,10.00,success
15646,2100,2024-07-10,10.00,success
15647,2100,2024-06-10,10.00,success
15648,2100,2024-05-10,10.00,success
15649,2100,2024-04-10,10.00,success
15650,2100,2024-03-10,10.00,success
15651,2101,2023-08-11,25.00,success
15652,2101,2023-07-11,25.00,success
15653,2101,2023-06-11,25.00,success
15654,2101,2023-05-11,25.00,failed
15655,2101,2023-04-11,25.00,success
15656,2101,2023-03-11,25.00,success
15657,2102,2024-04-06,10.00,success
15658,2102,2024-03-06,10.00,success
15659,2103,2024-05-06,10.00,success
15660,2103,2024-04-06,10.00,success
15661,2103,2024-03-06,10.00,failed
15662,2103,2024-02-06,10.00,success
15663,2103,2024-01-06,10.00,success
15664,2103,2023-12-06,10.00,success
15665,2103,2023-11-06,10.00,success
15666,2103,2023-10-06,10.00,success
15667,2103,2023-09-06,10.00,success
15668,2104,2024-04-26,10.00,failed
15669,2104,2024-03-26,10.00,success
15670,2104,2024-02-26,10.00,success
15671,2104,2024-01-26,10.00,success
15672,2104,2023-12-26,10.00,success
15673,2104,2023-11-26,10.00,success
15674,2104,2023-10-26,10.00,success
15675,2105,2023-12-01,25.00,success
15676,2105,2023-11-01,25.00,success
15677,2106,2024-06-28,10.00,success
15678,2106,2024-05-28,10.00,success
15679,2106,2024-04-28,10.00,success
15680,2106,2024-03-28,10.00,success
15681,2106,2024-02-28,10.00,success
15682,2106,2024-01-28,10.00,success
15683,2106,2023-12-28,10.00,success
15684,2106,2023-11-28,10.00,success
15685,2106,2023-10-28,10.00,success
15686,2107,2024-09-12,10.00,success
15687,2107,2024-08-12,10.00,success
15688,2107,2024-07-12,10.00,success
15689,2107,2024-06-12,10.00,success
15690,2108,2024-03-30,25.00,success
15691,2108,2024-02-29,25.00,success
15692,2108,2024-01-30,25.00,success
15693,2108,2023-12-30,25.00,success
15694,2108,2023-11-30,25.00,success
15695,2108,2023-10-30,25.00,success
15696,2109,2024-07-29,10.00,success
15697,2109,2024-06-29,10.00,success
15698,2109,2024-05-29,10.00,success
15699,2109,2024-04-29,10.00,success
15700,2109,2024-03-29,10.00,success
15701,2109,2024-02-29,10.00,success
15702,2109,2024-01-29,10.00,success
15703,2109,2023-12-29,10.00,success
15704,2109,2023-11-29,10.00,success
15705,2109,2023-10-29,10.00,success
15706,2109,2023-09-29,10.00,success
15707,2110,2024-04-29,10.00,success
15708,2110,2024-03-29,10.00,success
15709,2110,2024-02-29,10.00,success
15710,2110,2024-01-29,10.00,success
15711,2110,2023-12-29,10.00,success
15712,2110,2023-11-29,10.00,success
15713,2110,2023-10-29,10.00,success
15714,2110,2023-09-29,10.00,success
15715,2110,2023-08-29,10.00,success
15716,2110,2023-07-29,10.00,success
15717,2111,2024-08-21,25.00,success
15718,2111,2024-07-21,25.00,success
15719,2111,2024-06-21,25.00,success
15720,2111,2024-05-21,25.00,success
15721,2111,2024-04-21,25.00,success
15722,2111,2024-03-21,25.00,success
15723,2111,2024-02-21,25.00,success
15724,2111,2024-01-21,25.00,success
15725,2112,2023-06-20,10.00,success
15726,2112,2023-05-20,10.00,success
15727,2112,2023-04-20,10.00,success
15728,2112,2023-03-20,10.00,success
15729,2113,2025-03-06,10.00,success
15730,2113,2025-02-06,10.00,success
15731,2113,2025-01-06,10.00,success
15732,2113,2024-12-06,10.00,success
15733,2113,2024-11-06,10.00,success
15734,2113,2024-10-06,10.00,success
15735,2113,2024-09-06,10.00,success
15736,2113,2024-08-06,10.00,success
15737,2113,2024-07-06,10.00,success
15738,2113,2024-06-06,10.00,success
15739,2113,2024-05-06,10.00,success
15740,2114,2024-08-07,10.00,success
15741,2114,2024-07-07,10.00,success
15742,2114,2024-06-07,10.00,success
15743,2114,2024-05-07,10.00,success
15744,2114,2024-04-07,10.00,success
15745,2114,2024-03-07,10.00,success
15746,2114,2024-02-07,10.00,success
15747,2114,2024-01-07,10.00,success
15748,2114,2023-12-07,10.00,success
15749,2114,2023-11-07,10.00,success
15750,2114,2023-10-07,10.00,success
15751,2115,2024-11-26,10.00,success
15752,2115,2024-10-26,10.00,success
15753,2115,2024-09-26,10.00,success
15754,2115,2024-08-26,10.00,success
15755,2115,2024-07-26,10.00,success
15756,2115,2024-06-26,10.00,success
15757,2116,2024-10-15,10.00,success
15758,2116,2024-09-15,10.00,success
15759,2116,2024-08-15,10.00,success
15760,2116,2024-07-15,10.00,success
15761,2116,2024-06-15,10.00,failed
15762,2116,2024-05-15,10.00,success
15763,2116,2024-04-15,10.00,success
15764,2117,2025-05-03,10.00,success
15765,2117,2025-04-03,10.00,success
15766,2117,2025-03-03,10.00,success
15767,2117,2025-02-03,10.00,success
15768,2117,2025-01-03,10.00,success
15769,2117,2024-12-03,10.00,success
15770,2117,2024-11-03,10.00,success
15771,2117,2024-10-03,10.00,success
15772,2117,2024-09-03,10.00,success
15773,2117,2024-08-03,10.00,success
15774,2117,2024-07-03,10.00,success
15775,2117,2024-06-03,10.00,success
15776,2118,2024-04-26,10.00,success
15777,2118,2024-03-26,10.00,failed
15778,2118,2024-02-26,10.00,success
15779,2118,2024-01-26,10.00,success
15780,2118,2023-12-26,10.00,success
15781,2118,2023-11-26,10.00,success
15782,2118,2023-10-26,10.00,success
15783,2118,2023-09-26,10.00,success
15784,2118,2023-08-26,10.00,success
15785,2118,2023-07-26,10.00,success
15786,2118,2023-06-26,10.00,success
15787,2118,2023-05-26,10.00,success
15788,2119,2024-05-03,10.00,success
15789,2119,2024-04-03,10.00,success
15790,2119,2024-03-03,10.00,success
15791,2120,2023-12-01,10.00,success
15792,2120,2023-11-01,10.00,failed
15793,2120,2023-10-01,10.00,success
15794,2120,2023-09-01,10.00,success
15795,2120,2023-08-01,10.00,success
15796,2120,2023-07-01,10.00,success
15797,2121,2024-03-16,10.00,success
15798,2121,2024-02-16,10.00,success
15799,2121,2024-01-16,10.00,success
15800,2121,2023-12-16,10.00,success
15801,2121,2023-11-16,10.00,success
15802,2121,2023-10-16,10.00,success
15803,2121,2023-09-16,10.00,success
15804,2121,2023-08-16,10.00,success
15805,2121,2023-07-16,10.00,success
15806,2121,2023-06-16,10.00,success
15807,2121,2023-05-16,10.00,success
15808,2121,2023-04-16,10.00,success
15809,2122,2024-07-03,10.00,success
15810,2122,2024-06-03,10.00,success
15811,2122,2024-05-03,10.00,success
15812,2122,2024-04-03,10.00,success
15813,2122,2024-03-03,10.00,success
15814,2122,2024-02-03,10.00,success
15815,2122,2024-01-03,10.00,success
15816,2123,2024-10-12,25.00,success
15817,2123,2024-09-12,25.00,success
15818,2123,2024-08-12,25.00,success
15819,2123,2024-07-12,25.00,success
15820,2124,2024-04-26,25.00,failed
15821,2124,2024-03-26,25.00,success
15822,2124,2024-02-26,25.00,success
15823,2124,2024-01-26,25.00,success
15824,2124,2023-12-26,25.00,success
15825,2124,2023-11-26,25.00,success
15826,2124,2023-10-26,25.00,success
15827,2124,2023-09-26,25.00,success
15828,2124,2023-08-26,25.00,success
15829,2124,2023-07-26,25.00,success
15830,2124,2023-06-26,25.00,success
15831,2124,2023-05-26,25.00,success
15832,2125,2025-03-27,10.00,success
15833,2125,2025-02-27,10.00,success
15834,2125,2025-01-27,10.00,success
15835,2125,2024-12-27,10.00,success
15836,2125,2024-11-27,10.00,success
15837,2125,2024-10-27,10.00,success
15838,2125,2024-09-27,10.00,success
15839,2125,2024-08-27,10.00,success
15840,2125,2024-07-27,10.00,success
15841,2125,2024-06-27,10.00,success
15842,2125,2024-05-27,10.00,success
15843,2125,2024-04-27,10.00,success
15844,2126,2024-02-29,10.00,success
15845,2126,2024-01-31,10.00,success
15846,2126,2023-12-31,10.00,success
15847,2126,2023-11-30,10.00,success
15848,2126,2023-10-31,10.00,success
15849,2127,2024-04-28,10.00,success
15850,2127,2024-03-28,10.00,success
15851,2127,2024-02-28,10.00,success
15852,2127,2024-01-28,10.00,success
15853,2127,2023-12-28,10.00,success
15854,2127,2023-11-28,10.00,failed
15855,2127,2023-10-28,10.00,success
15856,2127,2023-09-28,10.00,success
15857,2127,2023-08-28,10.00,failed
15858,2128,2023-12-07,10.00,success
15859,2128,2023-11-07,10.00,success
15860,2128,2023-10-07,10.00,success
15861,2128,2023-09-07,10.00,success
15862,2128,2023-08-07,10.00,success
15863,2128,2023-07-07,10.00,success
15864,2128,2023-06-07,10.00,success
15865,2128,2023-05-07,10.00,success
15866,2128,2023-04-07,10.00,success
15867,2128,2023-03-07,10.00,success
15868,2129,2023-08-08,10.00,success
15869,2129,2023-07-08,10.00,success
15870,2129,2023-06-08,10.00,success
15871,2130,2023-11-08,25.00,success
15872,2130,2023-10-08,25.00,success
15873,2130,2023-09-08,25.00,success
15874,2130,2023-08-08,25.00,success
15875,2131,2023-04-24,10.00,success
15876,2131,2023-03-24,10.00,success
15877,2131,2023-02-24,10.00,success
15878,2132,2024-01-18,10.00,success
15879,2132,2023-12-18,10.00,success
15880,2132,2023-11-18,10.00,success
15881,2132,2023-10-18,10.00,failed
15882,2132,2023-09-18,10.00,success
15883,2132,2023-08-18,10.00,failed
15884,2132,2023-07-18,10.00,success
15885,2132,2023-06-18,10.00,success
15886,2132,2023-05-18,10.00,success
15887,2132,2023-04-18,10.00,success
15888,2132,2023-03-18,10.00,success
15889,2132,2023-02-18,10.00,success
15890,2133,2024-04-16,25.00,success
15891,2133,2024-03-16,25.00,success
15892,2133,2024-02-16,25.00,success
15893,2133,2024-01-16,25.00,success
15894,2133,2023-12-16,25.00,success
15895,2133,2023-11-16,25.00,success
15896,2133,2023-10-16,25.00,success
15897,2134,2023-11-27,10.00,success
15898,2134,2023-10-27,10.00,success
15899,2134,2023-09-27,10.00,success
15900,2134,2023-08-27,10.00,success
15901,2134,2023-07-27,10.00,failed
15902,2134,2023-06-27,10.00,success
15903,2134,2023-05-27,10.00,success
15904,2134,2023-04-27,10.00,success
15905,2134,2023-03-27,10.00,success
15906,2134,2023-02-27,10.00,success
15907,2134,2023-01-27,10.00,success
15908,2135,2024-04-01,10.00,success
15909,2135,2024-03-01,10.00,success
15910,2135,2024-02-01,10.00,success
15911,2135,2024-01-01,10.00,failed
15912,2135,2023-12-01,10.00,success
15913,2135,2023-11-01,10.00,success
15914,2135,2023-10-01,10.00,failed
15915,2135,2023-09-01,10.00,failed
15916,2135,2023-08-01,10.00,success
15917,2136,2024-02-06,25.00,success
15918,2136,2024-01-06,25.00,success
15919,2136,2023-12-06,25.00,success
15920,2136,2023-11-06,25.00,success
15921,2136,2023-10-06,25.00,success
15922,2136,2023-09-06,25.00,success
15923,2136,2023-08-06,25.00,success
15924,2136,2023-07-06,25.00,success
15925,2137,2023-11-21,10.00,success
15926,2137,2023-10-21,10.00,success
15927,2138,2023-12-01,10.00,success
15928,2138,2023-11-01,10.00,success
15929,2138,2023-10-01,10.00,success
15930,2138,2023-09-01,10.00,success
15931,2138,2023-08-01,10.00,success
15932,2139,2024-10-25,25.00,success
15933,2139,2024-09-25,25.00,success
15934,2139,2024-08-25,25.00,success
15935,2139,2024-07-25,25.00,success
15936,2139,2024-06-25,25.00,success
15937,2139,2024-05-25,25.00,success
15938,2139,2024-04-25,25.00,success
15939,2139,2024-03-25,25.00,success
15940,2139,2024-02-25,25.00,success
15941,2139,2024-01-25,25.00,success
15942,2140,2024-08-03,10.00,success
15943,2140,2024-07-03,10.00,success
15944,2140,2024-06-03,10.00,success
15945,2140,2024-05-03,10.00,success
15946,2140,2024-04-03,10.00,success
15947,2140,2024-03-03,10.00,success
15948,2140,2024-02-03,10.00,success
15949,2140,2024-01-03,10.00,success
15950,2140,2023-12-03,10.00,success
15951,2140,2023-11-03,10.00,success
15952,2140,2023-10-03,10.00,success
15953,2140,2023-09-03,10.00,success
15954,2141,2024-06-02,10.00,success
15955,2141,2024-05-02,10.00,success
15956,2141,2024-04-02,10.00,success
15957,2141,2024-03-02,10.00,success
15958,2141,2024-02-02,10.00,success
15959,2141,2024-01-02,10.00,success
15960,2141,2023-12-02,10.00,success
15961,2141,2023-11-02,10.00,success
15962,2141,2023-10-02,10.00,success
15963,2141,2023-09-02,10.00,success
15964,2142,2023-08-16,25.00,success
15965,2142,2023-07-16,25.00,success
15966,2142,2023-06-16,25.00,success
15967,2142,2023-05-16,25.00,success
15968,2143,2024-10-29,10.00,success
15969,2143,2024-09-29,10.00,success
15970,2143,2024-08-29,10.00,success
15971,2143,2024-07-29,10.00,success
15972,2143,2024-06-29,10.00,success
15973,2143,2024-05-29,10.00,success
15974,2143,2024-04-29,10.00,success
15975,2143,2024-03-29,10.00,success
15976,2143,2024-02-29,10.00,success
15977,2143,2024-01-29,10.00,success
15978,2143,2023-12-29,10.00,success
15979,2143,2023-11-29,10.00,success
15980,2144,2023-10-30,10.00,success
15981,2144,2023-09-30,10.00,success
15982,2144,2023-08-30,10.00,success
15983,2144,2023-07-30,10.00,success
15984,2144,2023-06-30,10.00,success
15985,2145,2024-02-28,10.00,failed
15986,2145,2024-01-28,10.00,success
15987,2145,2023-12-28,10.00,success
15988,2145,2023-11-28,10.00,success
15989,2145,2023-10-28,10.00,success
15990,2145,2023-09-28,10.00,success
15991,2145,2023-08-28,10.00,success
15992,2145,2023-07-28,10.00,success
15993,2145,2023-06-28,10.00,success
15994,2145,2023-05-28,10.00,success
15995,2145,2023-04-28,10.00,success
15996,2145,2023-03-28,10.00,success
15997,2146,2023-11-21,10.00,success
15998,2146,2023-10-21,10.00,success
15999,2146,2023-09-21,10.00,success
16000,2146,2023-08-21,10.00,success
16001,2146,2023-07-21,10.00,success
16002,2146,2023-06-21,10.00,success
16003,2146,2023-05-21,10.00,success
16004,2146,2023-04-21,10.00,failed
16005,2146,2023-03-21,10.00,success
16006,2147,2024-03-17,10.00,success
16007,2147,2024-02-17,10.00,success
16008,2147,2024-01-17,10.00,success
16009,2147,2023-12-17,10.00,success
16010,2147,2023-11-17,10.00,success
16011,2147,2023-10-17,10.00,success
16012,2147,2023-09-17,10.00,success
16013,2147,2023-08-17,10.00,success
16014,2148,2023-09-29,10.00,success
16015,2148,2023-08-29,10.00,success
16016,2148,2023-07-29,10.00,success
16017,2149,2023-04-27,60.00,success
16018,2149,2023-03-27,60.00,success
16019,2149,2023-02-27,60.00,success
16020,2150,2024-03-16,25.00,success
16021,2150,2024-02-16,25.00,success
16022,2150,2024-01-16,25.00,success
16023,2150,2023-12-16,25.00,success
16024,2150,2023-11-16,25.00,success
16025,2150,2023-10-16,25.00,success
16026,2150,2023-09-16,25.00,success
16027,2150,2023-08-16,25.00,success
16028,2150,2023-07-16,25.00,success
16029,2150,2023-06-16,25.00,success
16030,2151,2024-05-28,10.00,success
16031,2151,2024-04-28,10.00,success
16032,2151,2024-03-28,10.00,success
16033,2151,2024-02-28,10.00,success
16034,2151,2024-01-28,10.00,success
16035,2151,2023-12-28,10.00,success
16036,2151,2023-11-28,10.00,success
16037,2151,2023-10-28,10.00,success
16038,2151,2023-09-28,10.00,failed
16039,2151,2023-08-28,10.00,success
16040,2151,2023-07-28,10.00,success
16041,2151,2023-06-28,10.00,success
16042,2152,2024-09-12,10.00,success
16043,2152,2024-08-12,10.00,success
16044,2152,2024-07-12,10.00,success
16045,2152,2024-06-12,10.00,success
16046,2152,2024-05-12,10.00,success
16047,2152,2024-04-12,10.00,success
16048,2152,2024-03-12,10.00,success
16049,2152,2024-02-12,10.00,success
16050,2152,2024-01-12,10.00,success
16051,2152,2023-12-12,10.00,success
16052,2152,2023-11-12,10.00,success
16053,2152,2023-10-12,10.00,failed
16054,2153,2023-08-15,10.00,success
16055,2153,2023-07-15,10.00,success
16056,2153,2023-06-15,10.00,success
16057,2153,2023-05-15,10.00,success
16058,2153,2023-04-15,10.00,success
16059,2153,2023-03-15,10.00,failed
16060,2153,2023-02-15,10.00,success
16061,2154,2024-05-02,10.00,success
16062,2154,2024-04-02,10.00,failed
16063,2154,2024-03-02,10.00,success
16064,2155,2024-04-24,10.00,success
16065,2155,2024-03-24,10.00,failed
16066,2155,2024-02-24,10.00,success
16067,2155,2024-01-24,10.00,success
16068,2155,2023-12-24,10.00,success
16069,2155,2023-11-24,10.00,success
16070,2155,2023-10-24,10.00,success
16071,2155,2023-09-24,10.00,success
16072,2155,2023-08-24,10.00,success
16073,2155,2023-07-24,10.00,success
16074,2155,2023-06-24,10.00,success
16075,2156,2024-09-08,25.00,success
16076,2156,2024-08-08,25.00,success
16077,2156,2024-07-08,25.00,success
16078,2156,2024-06-08,25.00,success
16079,2156,2024-05-08,25.00,success
16080,2157,2025-03-27,25.00,success
16081,2157,2025-02-27,25.00,success
16082,2157,2025-01-27,25.00,success
16083,2157,2024-12-27,25.00,success
16084,2157,2024-11-27,25.00,success
16085,2157,2024-10-27,25.00,failed
16086,2157,2024-09-27,25.00,success
16087,2157,2024-08-27,25.00,failed
16088,2157,2024-07-27,25.00,success
16089,2157,2024-06-27,25.00,success
16090,2157,2024-05-27,25.00,success
16091,2157,2024-04-27,25.00,success
16092,2158,2024-07-17,25.00,success
16093,2158,2024-06-17,25.00,success
16094,2158,2024-05-17,25.00,failed
16095,2158,2024-04-17,25.00,success
16096,2158,2024-03-17,25.00,success
16097,2158,2024-02-17,25.00,success
16098,2158,2024-01-17,25.00,success
16099,2158,2023-12-17,25.00,success
16100,2158,2023-11-17,25.00,success
16101,2158,2023-10-17,25.00,success
16102,2159,2024-09-19,25.00,success
16103,2159,2024-08-19,25.00,success
16104,2159,2024-07-19,25.00,success
16105,2159,2024-06-19,25.00,success
16106,2159,2024-05-19,25.00,success
16107,2159,2024-04-19,25.00,success
16108,2160,2023-11-24,25.00,success
16109,2160,2023-10-24,25.00,success
16110,2160,2023-09-24,25.00,success
16111,2160,2023-08-24,25.00,success
16112,2160,2023-07-24,25.00,success
16113,2160,2023-06-24,25.00,failed
16114,2160,2023-05-24,25.00,success
16115,2160,2023-04-24,25.00,success
16116,2160,2023-03-24,25.00,success
16117,2161,2024-06-06,10.00,success
16118,2161,2024-05-06,10.00,success
16119,2161,2024-04-06,10.00,success
16120,2161,2024-03-06,10.00,success
16121,2161,2024-02-06,10.00,success
16122,2161,2024-01-06,10.00,success
16123,2161,2023-12-06,10.00,success
16124,2161,2023-11-06,10.00,failed
16125,2161,2023-10-06,10.00,success
16126,2161,2023-09-06,10.00,success
16127,2161,2023-08-06,10.00,success
16128,2161,2023-07-06,10.00,success
16129,2162,2024-05-29,10.00,success
16130,2162,2024-04-29,10.00,success
16131,2163,2024-02-08,10.00,success
16132,2163,2024-01-08,10.00,success
16133,2163,2023-12-08,10.00,success
16134,2163,2023-11-08,10.00,success
16135,2163,2023-10-08,10.00,success
16136,2163,2023-09-08,10.00,success
16137,2163,2023-08-08,10.00,success
16138,2163,2023-07-08,10.00,success
16139,2163,2023-06-08,10.00,success
16140,2164,2023-09-02,10.00,success
16141,2164,2023-08-02,10.00,success
16142,2164,2023-07-02,10.00,success
16143,2165,2025-02-01,60.00,success
16144,2165,2025-01-01,60.00,success
16145,2165,2024-12-01,60.00,success
16146,2165,2024-11-01,60.00,success
16147,2165,2024-10-01,60.00,success
16148,2165,2024-09-01,60.00,success
16149,2165,2024-08-01,60.00,success
16150,2165,2024-07-01,60.00,success
16151,2166,2024-11-27,10.00,success
16152,2166,2024-10-27,10.00,success
16153,2166,2024-09-27,10.00,success
16154,2166,2024-08-27,10.00,success
16155,2166,2024-07-27,10.00,success
16156,2166,2024-06-27,10.00,success
16157,2166,2024-05-27,10.00,success
16158,2166,2024-04-27,10.00,success
16159,2166,2024-03-27,10.00,success
16160,2166,2024-02-27,10.00,success
16161,2167,2023-12-13,10.00,success
16162,2167,2023-11-13,10.00,success
16163,2167,2023-10-13,10.00,failed
16164,2167,2023-09-13,10.00,success
16165,2167,2023-08-13,10.00,success
16166,2168,2024-12-28,10.00,success
16167,2168,2024-11-28,10.00,success
16168,2168,2024-10-28,10.00,success
16169,2168,2024-09-28,10.00,success
16170,2168,2024-08-28,10.00,success
16171,2168,2024-07-28,10.00,success
16172,2168,2024-06-28,10.00,success
16173,2168,2024-05-28,10.00,success
16174,2168,2024-04-28,10.00,success
16175,2168,2024-03-28,10.00,success
16176,2169,2024-11-23,25.00,success
16177,2169,2024-10-23,25.00,success
16178,2169,2024-09-23,25.00,success
16179,2169,2024-08-23,25.00,success
16180,2169,2024-07-23,25.00,success
16181,2169,2024-06-23,25.00,success
16182,2169,2024-05-23,25.00,success
16183,2169,2024-04-23,25.00,success
16184,2169,2024-03-23,25.00,success
16185,2169,2024-02-23,25.00,success
16186,2169,2024-01-23,25.00,success
16187,2169,2023-12-23,25.00,success
16188,2170,2025-01-21,25.00,success
16189,2170,2024-12-21,25.00,success
16190,2170,2024-11-21,25.00,success
16191,2170,2024-10-21,25.00,success
16192,2170,2024-09-21,25.00,success
16193,2170,2024-08-21,25.00,success
16194,2170,2024-07-21,25.00,success
16195,2170,2024-06-21,25.00,success
16196,2170,2024-05-21,25.00,success
16197,2170,2024-04-21,25.00,success
16198,2170,2024-03-21,25.00,success
16199,2170,2024-02-21,25.00,success
16200,2171,2024-04-01,10.00,success
16201,2171,2024-03-01,10.00,success
16202,2171,2024-02-01,10.00,success
16203,2171,2024-01-01,10.00,success
16204,2171,2023-12-01,10.00,success
16205,2171,2023-11-01,10.00,success
16206,2172,2023-09-30,25.00,success
16207,2172,2023-08-31,25.00,success
16208,2172,2023-07-31,25.00,success
16209,2173,2023-11-13,10.00,success
16210,2173,2023-10-13,10.00,success
16211,2173,2023-09-13,10.00,success
16212,2173,2023-08-13,10.00,success
16213,2173,2023-07-13,10.00,success
16214,2174,2024-02-07,10.00,success
16215,2174,2024-01-07,10.00,success
16216,2174,2023-12-07,10.00,success
16217,2174,2023-11-07,10.00,success
16218,2174,2023-10-07,10.00,success
16219,2175,2023-09-28,10.00,failed
16220,2175,2023-08-28,10.00,success
16221,2175,2023-07-28,10.00,success
16222,2175,2023-06-28,10.00,success
16223,2176,2025-01-27,10.00,success
16224,2176,2024-12-27,10.00,success
16225,2176,2024-11-27,10.00,success
16226,2176,2024-10-27,10.00,success
16227,2176,2024-09-27,10.00,success
16228,2176,2024-08-27,10.00,success
16229,2176,2024-07-27,10.00,success
16230,2176,2024-06-27,10.00,success
16231,2176,2024-05-27,10.00,success
16232,2176,2024-04-27,10.00,success
16233,2176,2024-03-27,10.00,success
16234,2177,2024-07-28,10.00,success
16235,2177,2024-06-28,10.00,success
16236,2177,2024-05-28,10.00,success
16237,2177,2024-04-28,10.00,success
16238,2178,2023-05-07,10.00,success
16239,2178,2023-04-07,10.00,success
16240,2178,2023-03-07,10.00,success
16241,2178,2023-02-07,10.00,success
16242,2179,2024-07-09,25.00,success
16243,2179,2024-06-09,25.00,success
16244,2179,2024-05-09,25.00,success
16245,2179,2024-04-09,25.00,success
16246,2179,2024-03-09,25.00,success
16247,2179,2024-02-09,25.00,success
16248,2179,2024-01-09,25.00,success
16249,2180,2025-01-09,25.00,success
16250,2180,2024-12-09,25.00,success
16251,2180,2024-11-09,25.00,success
16252,2180,2024-10-09,25.00,success
16253,2180,2024-09-09,25.00,success
16254,2180,2024-08-09,25.00,success
16255,2180,2024-07-09,25.00,success
16256,2180,2024-06-09,25.00,success
16257,2180,2024-05-09,25.00,success
16258,2180,2024-04-09,25.00,failed
16259,2180,2024-03-09,25.00,success
16260,2181,2023-11-24,10.00,success
16261,2181,2023-10-24,10.00,success
16262,2181,2023-09-24,10.00,success
16263,2181,2023-08-24,10.00,success
16264,2182,2025-02-23,25.00,success
16265,2182,2025-01-23,25.00,success
16266,2182,2024-12-23,25.00,failed
16267,2182,2024-11-23,25.00,success
16268,2182,2024-10-23,25.00,success
16269,2182,2024-09-23,25.00,success
16270,2182,2024-08-23,25.00,success
16271,2182,2024-07-23,25.00,success
16272,2182,2024-06-23,25.00,success
16273,2182,2024-05-23,25.00,failed
16274,2182,2024-04-23,25.00,success
16275,2183,2024-01-17,25.00,success
16276,2183,2023-12-17,25.00,success
16277,2183,2023-11-17,25.00,success
16278,2183,2023-10-17,25.00,success
16279,2183,2023-09-17,25.00,success
16280,2183,2023-08-17,25.00,success
16281,2184,2024-02-25,10.00,success
16282,2184,2024-01-25,10.00,success
16283,2185,2024-06-26,10.00,success
16284,2185,2024-05-26,10.00,success
16285,2185,2024-04-26,10.00,success
16286,2185,2024-03-26,10.00,success
16287,2185,2024-02-26,10.00,success
16288,2185,2024-01-26,10.00,failed
16289,2185,2023-12-26,10.00,success
16290,2185,2023-11-26,10.00,success
16291,2185,2023-10-26,10.00,success
16292,2185,2023-09-26,10.00,success
16293,2185,2023-08-26,10.00,success
16294,2186,2024-05-02,10.00,success
16295,2186,2024-04-02,10.00,success
16296,2186,2024-03-02,10.00,success
16297,2186,2024-02-02,10.00,success
16298,2186,2024-01-02,10.00,success
16299,2186,2023-12-02,10.00,success
16300,2186,2023-11-02,10.00,success
16301,2186,2023-10-02,10.00,success
16302,2186,2023-09-02,10.00,failed
16303,2186,2023-08-02,10.00,success
16304,2186,2023-07-02,10.00,success
16305,2186,2023-06-02,10.00,success
16306,2187,2023-12-13,25.00,success
16307,2187,2023-11-13,25.00,success
16308,2187,2023-10-13,25.00,success
16309,2187,2023-09-13,25.00,success
16310,2187,2023-08-13,25.00,success
16311,2188,2024-07-03,10.00,success
16312,2188,2024-06-03,10.00,success
16313,2188,2024-05-03,10.00,success
16314,2188,2024-04-03,10.00,success
16315,2188,2024-03-03,10.00,success
16316,2188,2024-02-03,10.00,success
16317,2188,2024-01-03,10.00,success
16318,2189,2023-03-27,25.00,success
16319,2189,2023-02-27,25.00,success
16320,2189,2023-01-27,25.00,success
16321,2190,2024-10-14,10.00,success
16322,2190,2024-09-14,10.00,success
16323,2190,2024-08-14,10.00,failed
16324,2190,2024-07-14,10.00,success
16325,2190,2024-06-14,10.00,success
16326,2190,2024-05-14,10.00,success
16327,2190,2024-04-14,10.00,success
16328,2190,2024-03-14,10.00,success
16329,2190,2024-02-14,10.00,success
16330,2190,2024-01-14,10.00,success
16331,2190,2023-12-14,10.00,success
16332,2191,2023-10-18,10.00,success
16333,2191,2023-09-18,10.00,success
16334,2191,2023-08-18,10.00,success
16335,2192,2023-12-27,25.00,success
16336,2192,2023-11-27,25.00,success
16337,2192,2023-10-27,25.00,success
16338,2192,2023-09-27,25.00,success
16339,2192,2023-08-27,25.00,success
16340,2192,2023-07-27,25.00,success
16341,2192,2023-06-27,25.00,success
16342,2192,2023-05-27,25.00,success
16343,2192,2023-04-27,25.00,success
16344,2193,2024-01-20,10.00,success
16345,2193,2023-12-20,10.00,success
16346,2193,2023-11-20,10.00,success
16347,2193,2023-10-20,10.00,success
16348,2194,2023-09-24,25.00,success
16349,2194,2023-08-24,25.00,failed
16350,2194,2023-07-24,25.00,success
16351,2194,2023-06-24,25.00,success
16352,2194,2023-05-24,25.00,success
16353,2194,2023-04-24,25.00,success
16354,2195,2024-11-19,10.00,success
16355,2195,2024-10-19,10.00,success
16356,2195,2024-09-19,10.00,success
16357,2195,2024-08-19,10.00,success
16358,2195,2024-07-19,10.00,success
16359,2195,2024-06-19,10.00,success
16360,2195,2024-05-19,10.00,success
16361,2195,2024-04-19,10.00,success
16362,2195,2024-03-19,10.00,success
16363,2195,2024-02-19,10.00,success
16364,2195,2024-01-19,10.00,success
16365,2196,2024-03-12,25.00,success
16366,2196,2024-02-12,25.00,success
16367,2196,2024-01-12,25.00,success
16368,2196,2023-12-12,25.00,success
16369,2196,2023-11-12,25.00,success
16370,2196,2023-10-12,25.00,success
16371,2196,2023-09-12,25.00,success
16372,2196,2023-08-12,25.00,success
16373,2196,2023-07-12,25.00,success
16374,2196,2023-06-12,25.00,success
16375,2196,2023-05-12,25.00,success
16376,2197,2024-11-25,25.00,success
16377,2197,2024-10-25,25.00,success
16378,2197,2024-09-25,25.00,success
16379,2197,2024-08-25,25.00,success
16380,2197,2024-07-25,25.00,success
16381,2197,2024-06-25,25.00,success
16382,2197,2024-05-25,25.00,success
16383,2198,2024-06-30,10.00,success
16384,2198,2024-05-30,10.00,success
16385,2198,2024-04-30,10.00,success
16386,2198,2024-03-30,10.00,success
16387,2198,2024-02-29,10.00,success
16388,2198,2024-01-30,10.00,success
16389,2198,2023-12-30,10.00,success
16390,2198,2023-11-30,10.00,success
16391,2198,2023-10-30,10.00,success
16392,2198,2023-09-30,10.00,success
16393,2199,2024-03-12,25.00,success
16394,2199,2024-02-12,25.00,failed
16395,2199,2024-01-12,25.00,success
16396,2199,2023-12-12,25.00,success
16397,2199,2023-11-12,25.00,success
16398,2199,2023-10-12,25.00,success
16399,2199,2023-09-12,25.00,success
16400,2200,2024-02-06,10.00,success
16401,2200,2024-01-06,10.00,success
16402,2200,2023-12-06,10.00,success
16403,2200,2023-11-06,10.00,success
16404,2200,2023-10-06,10.00,success
16405,2200,2023-09-06,10.00,failed
16406,2200,2023-08-06,10.00,success
16407,2200,2023-07-06,10.00,success
16408,2200,2023-06-06,10.00,success
16409,2200,2023-05-06,10.00,success
16410,2200,2023-04-06,10.00,success
16411,2200,2023-03-06,10.00,success
16412,2201,2025-06-17,10.00,success
16413,2201,2025-05-17,10.00,success
16414,2201,2025-04-17,10.00,success
16415,2201,2025-03-17,10.00,success
16416,2201,2025-02-17,10.00,success
16417,2201,2025-01-17,10.00,success
16418,2201,2024-12-17,10.00,success
16419,2201,2024-11-17,10.00,failed
16420,2201,2024-10-17,10.00,success
16421,2201,2024-09-17,10.00,success
16422,2201,2024-08-17,10.00,success
16423,2201,2024-07-17,10.00,success
16424,2202,2025-04-15,10.00,success
16425,2202,2025-03-15,10.00,success
16426,2202,2025-02-15,10.00,success
16427,2202,2025-01-15,10.00,success
16428,2202,2024-12-15,10.00,success
16429,2202,2024-11-15,10.00,success
16430,2202,2024-10-15,10.00,success
16431,2202,2024-09-15,10.00,success
16432,2202,2024-08-15,10.00,success
16433,2202,2024-07-15,10.00,success
16434,2202,2024-06-15,10.00,success
16435,2202,2024-05-15,10.00,success
16436,2203,2024-06-08,25.00,success
16437,2203,2024-05-08,25.00,success
16438,2203,2024-04-08,25.00,success
16439,2204,2024-10-04,10.00,success
16440,2204,2024-09-04,10.00,success
16441,2204,2024-08-04,10.00,success
16442,2204,2024-07-04,10.00,success
16443,2204,2024-06-04,10.00,success
16444,2204,2024-05-04,10.00,success
16445,2204,2024-04-04,10.00,success
16446,2204,2024-03-04,10.00,success
16447,2204,2024-02-04,10.00,success
16448,2204,2024-01-04,10.00,success
16449,2205,2024-02-26,25.00,success
16450,2205,2024-01-26,25.00,success
16451,2205,2023-12-26,25.00,success
16452,2205,2023-11-26,25.00,success
16453,2205,2023-10-26,25.00,success
16454,2205,2023-09-26,25.00,success
16455,2205,2023-08-26,25.00,success
16456,2205,2023-07-26,25.00,success
16457,2205,2023-06-26,25.00,success
16458,2205,2023-05-26,25.00,success
16459,2206,2025-04-15,10.00,success
16460,2206,2025-03-15,10.00,success
16461,2206,2025-02-15,10.00,success
16462,2206,2025-01-15,10.00,success
16463,2206,2024-12-15,10.00,success
16464,2206,2024-11-15,10.00,failed
16465,2206,2024-10-15,10.00,success
16466,2206,2024-09-15,10.00,success
16467,2206,2024-08-15,10.00,success
16468,2206,2024-07-15,10.00,success
16469,2207,2025-01-08,10.00,success
16470,2207,2024-12-08,10.00,failed
16471,2207,2024-11-08,10.00,success
16472,2207,2024-10-08,10.00,success
16473,2207,2024-09-08,10.00,success
16474,2207,2024-08-08,10.00,success
16475,2207,2024-07-08,10.00,success
16476,2208,2024-10-29,10.00,success
16477,2208,2024-09-29,10.00,success
16478,2208,2024-08-29,10.00,success
16479,2208,2024-07-29,10.00,success
16480,2208,2024-06-29,10.00,success
16481,2208,2024-05-29,10.00,failed
16482,2208,2024-04-29,10.00,success
16483,2208,2024-03-29,10.00,success
16484,2208,2024-02-29,10.00,success
16485,2208,2024-01-29,10.00,success
16486,2208,2023-12-29,10.00,success
16487,2208,2023-11-29,10.00,success
16488,2209,2025-03-08,10.00,success
16489,2209,2025-02-08,10.00,success
16490,2209,2025-01-08,10.00,success
16491,2209,2024-12-08,10.00,success
16492,2209,2024-11-08,10.00,success
16493,2209,2024-10-08,10.00,success
16494,2209,2024-09-08,10.00,success
16495,2209,2024-08-08,10.00,success
16496,2209,2024-07-08,10.00,success
16497,2209,2024-06-08,10.00,success
16498,2209,2024-05-08,10.00,failed
16499,2209,2024-04-08,10.00,success
16500,2210,2024-07-08,10.00,success
16501,2210,2024-06-08,10.00,success
16502,2210,2024-05-08,10.00,success
16503,2210,2024-04-08,10.00,success
16504,2210,2024-03-08,10.00,success
16505,2210,2024-02-08,10.00,success
16506,2211,2024-03-10,10.00,success
16507,2211,2024-02-10,10.00,success
16508,2211,2024-01-10,10.00,success
16509,2211,2023-12-10,10.00,success
16510,2212,2023-09-16,25.00,success
16511,2212,2023-08-16,25.00,success
16512,2212,2023-07-16,25.00,success
16513,2213,2024-06-12,25.00,success
16514,2213,2024-05-12,25.00,success
16515,2213,2024-04-12,25.00,success
16516,2213,2024-03-12,25.00,success
16517,2214,2023-04-11,10.00,success
16518,2214,2023-03-11,10.00,success
16519,2215,2025-02-07,10.00,success
16520,2215,2025-01-07,10.00,success
16521,2215,2024-12-07,10.00,success
16522,2215,2024-11-07,10.00,success
16523,2215,2024-10-07,10.00,success
16524,2215,2024-09-07,10.00,success
16525,2215,2024-08-07,10.00,success
16526,2215,2024-07-07,10.00,success
16527,2215,2024-06-07,10.00,success
16528,2215,2024-05-07,10.00,success
16529,2215,2024-04-07,10.00,success
16530,2215,2024-03-07,10.00,success
16531,2216,2024-07-27,25.00,success
16532,2216,2024-06-27,25.00,success
16533,2216,2024-05-27,25.00,success
16534,2216,2024-04-27,25.00,success
16535,2216,2024-03-27,25.00,failed
16536,2216,2024-02-27,25.00,success
16537,2216,2024-01-27,25.00,success
16538,2216,2023-12-27,25.00,failed
16539,2216,2023-11-27,25.00,success
16540,2217,2024-02-25,10.00,success
16541,2217,2024-01-25,10.00,success
16542,2217,2023-12-25,10.00,success
16543,2217,2023-11-25,10.00,success
16544,2217,2023-10-25,10.00,success
16545,2217,2023-09-25,10.00,success
16546,2217,2023-08-25,10.00,success
16547,2217,2023-07-25,10.00,success
16548,2218,2023-12-08,25.00,success
16549,2218,2023-11-08,25.00,failed
16550,2218,2023-10-08,25.00,success
16551,2218,2023-09-08,25.00,success
16552,2218,2023-08-08,25.00,success
16553,2218,2023-07-08,25.00,success
16554,2218,2023-06-08,25.00,success
16555,2218,2023-05-08,25.00,success
16556,2218,2023-04-08,25.00,success
16557,2218,2023-03-08,25.00,success
16558,2219,2025-03-17,10.00,success
16559,2219,2025-02-17,10.00,success
16560,2219,2025-01-17,10.00,success
16561,2219,2024-12-17,10.00,success
16562,2219,2024-11-17,10.00,success
16563,2219,2024-10-17,10.00,success
16564,2219,2024-09-17,10.00,success
16565,2219,2024-08-17,10.00,failed
16566,2219,2024-07-17,10.00,success
16567,2219,2024-06-17,10.00,success
16568,2219,2024-05-17,10.00,success
16569,2219,2024-04-17,10.00,success
16570,2220,2024-04-27,10.00,failed
16571,2220,2024-03-27,10.00,success
16572,2220,2024-02-27,10.00,success
16573,2220,2024-01-27,10.00,success
16574,2220,2023-12-27,10.00,success
16575,2220,2023-11-27,10.00,success
16576,2220,2023-10-27,10.00,success
16577,2220,2023-09-27,10.00,success
16578,2220,2023-08-27,10.00,success
16579,2220,2023-07-27,10.00,success
16580,2220,2023-06-27,10.00,success
16581,2220,2023-05-27,10.00,success
16582,2221,2024-06-09,10.00,success
16583,2221,2024-05-09,10.00,success
16584,2221,2024-04-09,10.00,success
16585,2222,2024-12-21,25.00,success
16586,2222,2024-11-21,25.00,success
16587,2222,2024-10-21,25.00,success
16588,2222,2024-09-21,25.00,success
16589,2222,2024-08-21,25.00,success
16590,2222,2024-07-21,25.00,success
16591,2222,2024-06-21,25.00,success
16592,2222,2024-05-21,25.00,success
16593,2222,2024-04-21,25.00,success
16594,2223,2025-05-07,25.00,success
16595,2223,2025-04-07,25.00,failed
16596,2223,2025-03-07,25.00,success
16597,2223,2025-02-07,25.00,success
16598,2223,2025-01-07,25.00,success
16599,2223,2024-12-07,25.00,success
16600,2223,2024-11-07,25.00,success
16601,2223,2024-10-07,25.00,success
16602,2223,2024-09-07,25.00,success
16603,2223,2024-08-07,25.00,success
16604,2223,2024-07-07,25.00,success
16605,2223,2024-06-07,25.00,success
16606,2224,2023-11-12,10.00,success
16607,2224,2023-10-12,10.00,success
16608,2224,2023-09-12,10.00,success
16609,2224,2023-08-12,10.00,success
16610,2224,2023-07-12,10.00,success
16611,2224,2023-06-12,10.00,success
16612,2224,2023-05-12,10.00,success
16613,2224,2023-04-12,10.00,success
16614,2225,2024-08-11,25.00,success
16615,2225,2024-07-11,25.00,success
16616,2226,2023-08-21,10.00,failed
16617,2226,2023-07-21,10.00,success
16618,2226,2023-06-21,10.00,success
16619,2226,2023-05-21,10.00,success
16620,2226,2023-04-21,10.00,success
16621,2226,2023-03-21,10.00,success
16622,2227,2023-10-27,25.00,success
16623,2227,2023-09-27,25.00,success
16624,2227,2023-08-27,25.00,failed
16625,2227,2023-07-27,25.00,success
16626,2227,2023-06-27,25.00,success
16627,2227,2023-05-27,25.00,success
16628,2227,2023-04-27,25.00,success
16629,2228,2024-09-10,25.00,success
16630,2228,2024-08-10,25.00,success
16631,2228,2024-07-10,25.00,success
16632,2228,2024-06-10,25.00,success
16633,2228,2024-05-10,25.00,success
16634,2228,2024-04-10,25.00,success
16635,2228,2024-03-10,25.00,success
16636,2228,2024-02-10,25.00,success
16637,2228,2024-01-10,25.00,success
16638,2228,2023-12-10,25.00,success
16639,2228,2023-11-10,25.00,success
16640,2228,2023-10-10,25.00,success
16641,2229,2024-03-13,10.00,success
16642,2229,2024-02-13,10.00,success
16643,2229,2024-01-13,10.00,success
16644,2229,2023-12-13,10.00,success
16645,2230,2023-12-16,10.00,success
16646,2230,2023-11-16,10.00,success
16647,2230,2023-10-16,10.00,success
16648,2230,2023-09-16,10.00,success
16649,2230,2023-08-16,10.00,success
16650,2230,2023-07-16,10.00,success
16651,2230,2023-06-16,10.00,success
16652,2230,2023-05-16,10.00,success
16653,2230,2023-04-16,10.00,success
16654,2230,2023-03-16,10.00,success
16655,2231,2025-05-01,10.00,success
16656,2231,2025-04-01,10.00,success
16657,2231,2025-03-01,10.00,success
16658,2231,2025-02-01,10.00,success
16659,2231,2025-01-01,10.00,success
16660,2231,2024-12-01,10.00,success
16661,2231,2024-11-01,10.00,failed
16662,2231,2024-10-01,10.00,failed
16663,2231,2024-09-01,10.00,success
16664,2231,2024-08-01,10.00,success
16665,2231,2024-07-01,10.00,success
16666,2232,2024-01-23,25.00,success
16667,2232,2023-12-23,25.00,success
16668,2232,2023-11-23,25.00,success
16669,2232,2023-10-23,25.00,success
16670,2232,2023-09-23,25.00,success
16671,2232,2023-08-23,25.00,success
16672,2232,2023-07-23,25.00,success
16673,2232,2023-06-23,25.00,success
16674,2232,2023-05-23,25.00,success
16675,2232,2023-04-23,25.00,success
16676,2232,2023-03-23,25.00,success
16677,2233,2024-06-04,25.00,success
16678,2233,2024-05-04,25.00,success
16679,2233,2024-04-04,25.00,success
16680,2233,2024-03-04,25.00,success
16681,2233,2024-02-04,25.00,success
16682,2233,2024-01-04,25.00,success
16683,2233,2023-12-04,25.00,success
16684,2233,2023-11-04,25.00,success
16685,2233,2023-10-04,25.00,success
16686,2233,2023-09-04,25.00,success
16687,2233,2023-08-04,25.00,success
16688,2233,2023-07-04,25.00,success
16689,2234,2025-01-25,10.00,success
16690,2234,2024-12-25,10.00,success
16691,2234,2024-11-25,10.00,success
16692,2234,2024-10-25,10.00,success
16693,2234,2024-09-25,10.00,success
16694,2234,2024-08-25,10.00,success
16695,2234,2024-07-25,10.00,success
16696,2234,2024-06-25,10.00,success
16697,2234,2024-05-25,10.00,success
16698,2234,2024-04-25,10.00,success
16699,2234,2024-03-25,10.00,success
16700,2235,2024-10-14,25.00,success
16701,2235,2024-09-14,25.00,success
16702,2235,2024-08-14,25.00,success
16703,2235,2024-07-14,25.00,success
16704,2235,2024-06-14,25.00,success
16705,2235,2024-05-14,25.00,success
16706,2235,2024-04-14,25.00,success
16707,2236,2024-08-21,10.00,success
16708,2236,2024-07-21,10.00,success
16709,2237,2024-03-22,10.00,success
16710,2237,2024-02-22,10.00,success
16711,2237,2024-01-22,10.00,success
16712,2237,2023-12-22,10.00,success
16713,2237,2023-11-22,10.00,success
16714,2237,2023-10-22,10.00,success
16715,2237,2023-09-22,10.00,success
16716,2237,2023-08-22,10.00,success
16717,2237,2023-07-22,10.00,success
16718,2237,2023-06-22,10.00,success
16719,2237,2023-05-22,10.00,success
16720,2237,2023-04-22,10.00,success
16721,2238,2025-04-01,10.00,success
16722,2238,2025-03-01,10.00,failed
16723,2238,2025-02-01,10.00,success
16724,2238,2025-01-01,10.00,success
16725,2238,2024-12-01,10.00,success
16726,2238,2024-11-01,10.00,failed
16727,2238,2024-10-01,10.00,success
16728,2238,2024-09-01,10.00,success
16729,2238,2024-08-01,10.00,success
16730,2238,2024-07-01,10.00,success
16731,2238,2024-06-01,10.00,success
16732,2238,2024-05-01,10.00,success
16733,2239,2024-06-13,25.00,success
16734,2239,2024-05-13,25.00,success
16735,2239,2024-04-13,25.00,success
16736,2239,2024-03-13,25.00,success
16737,2239,2024-02-13,25.00,success
16738,2239,2024-01-13,25.00,success
16739,2239,2023-12-13,25.00,success
16740,2239,2023-11-13,25.00,success
16741,2239,2023-10-13,25.00,success
16742,2239,2023-09-13,25.00,success
16743,2239,2023-08-13,25.00,success
16744,2239,2023-07-13,25.00,success
16745,2240,2023-11-11,10.00,success
16746,2240,2023-10-11,10.00,success
16747,2240,2023-09-11,10.00,success
16748,2240,2023-08-11,10.00,success
16749,2240,2023-07-11,10.00,success
16750,2240,2023-06-11,10.00,success
16751,2240,2023-05-11,10.00,success
16752,2240,2023-04-11,10.00,success
16753,2240,2023-03-11,10.00,success
16754,2241,2024-08-11,25.00,success
16755,2241,2024-07-11,25.00,success
16756,2241,2024-06-11,25.00,success
16757,2241,2024-05-11,25.00,success
16758,2241,2024-04-11,25.00,success
16759,2241,2024-03-11,25.00,success
16760,2241,2024-02-11,25.00,success
16761,2241,2024-01-11,25.00,success
16762,2241,2023-12-11,25.00,success
16763,2242,2024-06-09,25.00,success
16764,2242,2024-05-09,25.00,success
16765,2242,2024-04-09,25.00,success
16766,2242,2024-03-09,25.00,success
16767,2242,2024-02-09,25.00,success
16768,2242,2024-01-09,25.00,success
16769,2242,2023-12-09,25.00,success
16770,2242,2023-11-09,25.00,success
16771,2242,2023-10-09,25.00,success
16772,2242,2023-09-09,25.00,success
16773,2242,2023-08-09,25.00,success
16774,2242,2023-07-09,25.00,success
16775,2243,2024-09-15,25.00,success
16776,2243,2024-08-15,25.00,success
16777,2243,2024-07-15,25.00,success
16778,2243,2024-06-15,25.00,success
16779,2244,2024-07-01,10.00,success
16780,2244,2024-06-01,10.00,success
16781,2244,2024-05-01,10.00,success
16782,2244,2024-04-01,10.00,success
16783,2244,2024-03-01,10.00,success
16784,2244,2024-02-01,10.00,success
16785,2244,2024-01-01,10.00,success
16786,2244,2023-12-01,10.00,success
16787,2244,2023-11-01,10.00,success
16788,2245,2024-06-19,10.00,failed
16789,2245,2024-05-19,10.00,success
16790,2245,2024-04-19,10.00,success
16791,2245,2024-03-19,10.00,success
16792,2245,2024-02-19,10.00,success
16793,2246,2024-10-17,10.00,success
16794,2246,2024-09-17,10.00,success
16795,2246,2024-08-17,10.00,success
16796,2246,2024-07-17,10.00,success
16797,2246,2024-06-17,10.00,success
16798,2247,2025-02-27,10.00,success
16799,2247,2025-01-27,10.00,success
16800,2247,2024-12-27,10.00,success
16801,2247,2024-11-27,10.00,success
16802,2247,2024-10-27,10.00,success
16803,2247,2024-09-27,10.00,success
16804,2247,2024-08-27,10.00,failed
16805,2247,2024-07-27,10.00,success
16806,2247,2024-06-27,10.00,success
16807,2247,2024-05-27,10.00,failed
16808,2248,2024-06-10,25.00,success
16809,2248,2024-05-10,25.00,success
16810,2248,2024-04-10,25.00,success
16811,2248,2024-03-10,25.00,success
16812,2248,2024-02-10,25.00,success
16813,2248,2024-01-10,25.00,success
16814,2248,2023-12-10,25.00,success
16815,2248,2023-11-10,25.00,success
16816,2248,2023-10-10,25.00,success
16817,2248,2023-09-10,25.00,success
16818,2249,2024-07-20,10.00,success
16819,2249,2024-06-20,10.00,success
16820,2249,2024-05-20,10.00,success
16821,2249,2024-04-20,10.00,success
16822,2249,2024-03-20,10.00,success
16823,2249,2024-02-20,10.00,success
16824,2249,2024-01-20,10.00,success
16825,2249,2023-12-20,10.00,success
16826,2249,2023-11-20,10.00,failed
16827,2249,2023-10-20,10.00,success
16828,2249,2023-09-20,10.00,success
16829,2249,2023-08-20,10.00,success
16830,2250,2023-04-09,25.00,success
16831,2250,2023-03-09,25.00,success
16832,2250,2023-02-09,25.00,success
16833,2251,2024-02-23,10.00,success
16834,2251,2024-01-23,10.00,failed
16835,2251,2023-12-23,10.00,success
16836,2251,2023-11-23,10.00,success
16837,2251,2023-10-23,10.00,success
16838,2251,2023-09-23,10.00,success
16839,2251,2023-08-23,10.00,success
16840,2251,2023-07-23,10.00,success
16841,2251,2023-06-23,10.00,success
16842,2251,2023-05-23,10.00,failed
16843,2251,2023-04-23,10.00,success
16844,2252,2024-03-01,25.00,success
16845,2252,2024-02-01,25.00,success
16846,2252,2024-01-01,25.00,success
16847,2252,2023-12-01,25.00,success
16848,2253,2023-12-30,10.00,success
16849,2253,2023-11-30,10.00,success
16850,2253,2023-10-30,10.00,success
16851,2254,2023-04-19,25.00,success
16852,2254,2023-03-19,25.00,success
16853,2255,2024-01-25,10.00,success
16854,2255,2023-12-25,10.00,success
16855,2255,2023-11-25,10.00,success
16856,2255,2023-10-25,10.00,success
16857,2255,2023-09-25,10.00,success
16858,2255,2023-08-25,10.00,success
16859,2255,2023-07-25,10.00,success
16860,2255,2023-06-25,10.00,success
16861,2255,2023-05-25,10.00,success
16862,2255,2023-04-25,10.00,success
16863,2255,2023-03-25,10.00,success
16864,2255,2023-02-25,10.00,success
16865,2256,2023-07-14,25.00,success
16866,2256,2023-06-14,25.00,success
16867,2256,2023-05-14,25.00,success
16868,2256,2023-04-14,25.00,success
16869,2256,2023-03-14,25.00,success
16870,2257,2024-12-01,25.00,success
16871,2257,2024-11-01,25.00,success
16872,2257,2024-10-01,25.00,success
16873,2257,2024-09-01,25.00,success
16874,2257,2024-08-01,25.00,success
16875,2257,2024-07-01,25.00,success
16876,2257,2024-06-01,25.00,success
16877,2257,2024-05-01,25.00,success
16878,2257,2024-04-01,25.00,success
16879,2257,2024-03-01,25.00,success
16880,2257,2024-02-01,25.00,success
16881,2257,2024-01-01,25.00,success
16882,2258,2023-10-10,25.00,success
16883,2258,2023-09-10,25.00,success
16884,2259,2024-03-11,10.00,success
16885,2259,2024-02-11,10.00,success
16886,2259,2024-01-11,10.00,success
16887,2259,2023-12-11,10.00,success
16888,2259,2023-11-11,10.00,success
16889,2259,2023-10-11,10.00,success
16890,2259,2023-09-11,10.00,failed
16891,2259,2023-08-11,10.00,success
16892,2259,2023-07-11,10.00,success
16893,2259,2023-06-11,10.00,success
16894,2259,2023-05-11,10.00,failed
16895,2259,2023-04-11,10.00,success
16896,2260,2024-09-05,25.00,success
16897,2260,2024-08-05,25.00,success
16898,2260,2024-07-05,25.00,success
16899,2260,2024-06-05,25.00,success
16900,2260,2024-05-05,25.00,success
16901,2260,2024-04-05,25.00,success
16902,2260,2024-03-05,25.00,success
16903,2260,2024-02-05,25.00,success
16904,2260,2024-01-05,25.00,success
16905,2261,2024-05-24,10.00,success
16906,2261,2024-04-24,10.00,success
16907,2261,2024-03-24,10.00,success
16908,2261,2024-02-24,10.00,success
16909,2261,2024-01-24,10.00,success
16910,2261,2023-12-24,10.00,success
16911,2261,2023-11-24,10.00,success
16912,2261,2023-10-24,10.00,success
16913,2261,2023-09-24,10.00,success
16914,2261,2023-08-24,10.00,success
16915,2261,2023-07-24,10.00,success
16916,2262,2023-12-14,10.00,failed
16917,2262,2023-11-14,10.00,failed
16918,2262,2023-10-14,10.00,success
16919,2262,2023-09-14,10.00,success
16920,2263,2023-12-16,25.00,success
16921,2263,2023-11-16,25.00,success
16922,2263,2023-10-16,25.00,success
16923,2263,2023-09-16,25.00,success
16924,2263,2023-08-16,25.00,success
16925,2264,2024-03-15,10.00,success
16926,2264,2024-02-15,10.00,success
16927,2264,2024-01-15,10.00,success
16928,2264,2023-12-15,10.00,success
16929,2265,2024-01-25,10.00,success
16930,2265,2023-12-25,10.00,success
16931,2265,2023-11-25,10.00,success
16932,2265,2023-10-25,10.00,success
16933,2265,2023-09-25,10.00,success
16934,2265,2023-08-25,10.00,success
16935,2265,2023-07-25,10.00,success
16936,2265,2023-06-25,10.00,failed
16937,2265,2023-05-25,10.00,success
16938,2265,2023-04-25,10.00,success
16939,2265,2023-03-25,10.00,success
16940,2265,2023-02-25,10.00,success
16941,2266,2024-01-29,10.00,success
16942,2266,2023-12-29,10.00,failed
16943,2266,2023-11-29,10.00,success
16944,2266,2023-10-29,10.00,success
16945,2267,2023-07-17,60.00,success
16946,2267,2023-06-17,60.00,success
16947,2268,2024-10-16,25.00,success
16948,2268,2024-09-16,25.00,success
16949,2268,2024-08-16,25.00,failed
16950,2268,2024-07-16,25.00,success
16951,2268,2024-06-16,25.00,success
16952,2268,2024-05-16,25.00,success
16953,2268,2024-04-16,25.00,success
16954,2268,2024-03-16,25.00,success
16955,2268,2024-02-16,25.00,success
16956,2268,2024-01-16,25.00,success
16957,2268,2023-12-16,25.00,success
16958,2268,2023-11-16,25.00,success
16959,2269,2024-06-25,10.00,success
16960,2269,2024-05-25,10.00,success
16961,2269,2024-04-25,10.00,failed
16962,2269,2024-03-25,10.00,success
16963,2270,2023-05-08,25.00,failed
16964,2270,2023-04-08,25.00,success
16965,2271,2024-06-19,10.00,success
16966,2271,2024-05-19,10.00,success
16967,2271,2024-04-19,10.00,success
16968,2271,2024-03-19,10.00,failed
16969,2271,2024-02-19,10.00,success
16970,2271,2024-01-19,10.00,success
16971,2271,2023-12-19,10.00,success
16972,2271,2023-11-19,10.00,success
16973,2271,2023-10-19,10.00,success
16974,2271,2023-09-19,10.00,success
16975,2271,2023-08-19,10.00,success
16976,2271,2023-07-19,10.00,success
16977,2272,2025-02-01,10.00,success
16978,2272,2025-01-01,10.00,success
16979,2272,2024-12-01,10.00,success
16980,2272,2024-11-01,10.00,success
16981,2272,2024-10-01,10.00,success
16982,2272,2024-09-01,10.00,success
16983,2272,2024-08-01,10.00,success
16984,2272,2024-07-01,10.00,success
16985,2272,2024-06-01,10.00,success
16986,2272,2024-05-01,10.00,success
16987,2272,2024-04-01,10.00,success
16988,2272,2024-03-01,10.00,success
16989,2273,2024-08-01,10.00,success
16990,2273,2024-07-01,10.00,success
16991,2273,2024-06-01,10.00,success
16992,2273,2024-05-01,10.00,success
16993,2273,2024-04-01,10.00,success
16994,2273,2024-03-01,10.00,success
16995,2273,2024-02-01,10.00,success
16996,2273,2024-01-01,10.00,success
16997,2273,2023-12-01,10.00,success
16998,2273,2023-11-01,10.00,success
16999,2274,2023-06-22,25.00,success
17000,2274,2023-05-22,25.00,success
17001,2275,2023-11-01,10.00,failed
17002,2275,2023-10-01,10.00,success
17003,2275,2023-09-01,10.00,success
17004,2275,2023-08-01,10.00,success
17005,2275,2023-07-01,10.00,success
17006,2275,2023-06-01,10.00,failed
17007,2276,2024-09-14,10.00,failed
17008,2276,2024-08-14,10.00,success
17009,2276,2024-07-14,10.00,success
17010,2276,2024-06-14,10.00,success
17011,2277,2023-10-22,25.00,success
17012,2277,2023-09-22,25.00,success
17013,2277,2023-08-22,25.00,success
17014,2277,2023-07-22,25.00,success
17015,2278,2024-10-02,10.00,success
17016,2278,2024-09-02,10.00,success
17017,2278,2024-08-02,10.00,success
17018,2278,2024-07-02,10.00,success
17019,2278,2024-06-02,10.00,success
17020,2278,2024-05-02,10.00,success
17021,2278,2024-04-02,10.00,success
17022,2279,2024-02-17,25.00,success
17023,2279,2024-01-17,25.00,success
17024,2280,2024-01-27,10.00,success
17025,2280,2023-12-27,10.00,success
17026,2280,2023-11-27,10.00,success
17027,2280,2023-10-27,10.00,success
17028,2280,2023-09-27,10.00,success
17029,2281,2024-02-23,10.00,success
17030,2281,2024-01-23,10.00,success
17031,2281,2023-12-23,10.00,success
17032,2281,2023-11-23,10.00,success
17033,2281,2023-10-23,10.00,success
17034,2281,2023-09-23,10.00,success
17035,2281,2023-08-23,10.00,success
17036,2281,2023-07-23,10.00,success
17037,2282,2023-11-27,10.00,success
17038,2282,2023-10-27,10.00,success
17039,2282,2023-09-27,10.00,success
17040,2282,2023-08-27,10.00,success
17041,2282,2023-07-27,10.00,success
17042,2282,2023-06-27,10.00,success
17043,2282,2023-05-27,10.00,success
17044,2282,2023-04-27,10.00,success
17045,2282,2023-03-27,10.00,success
17046,2283,2024-10-11,25.00,success
17047,2283,2024-09-11,25.00,success
17048,2283,2024-08-11,25.00,success
17049,2283,2024-07-11,25.00,success
17050,2283,2024-06-11,25.00,success
17051,2284,2024-08-03,10.00,success
17052,2284,2024-07-03,10.00,success
17053,2284,2024-06-03,10.00,success
17054,2285,2025-02-17,10.00,success
17055,2285,2025-01-17,10.00,success
17056,2285,2024-12-17,10.00,success
17057,2285,2024-11-17,10.00,success
17058,2285,2024-10-17,10.00,success
17059,2285,2024-09-17,10.00,success
17060,2285,2024-08-17,10.00,success
17061,2285,2024-07-17,10.00,success
17062,2285,2024-06-17,10.00,success
17063,2285,2024-05-17,10.00,success
17064,2286,2024-03-30,25.00,success
17065,2286,2024-02-29,25.00,success
17066,2286,2024-01-30,25.00,success
17067,2286,2023-12-30,25.00,failed
17068,2286,2023-11-30,25.00,success
17069,2286,2023-10-30,25.00,success
17070,2286,2023-09-30,25.00,success
17071,2286,2023-08-30,25.00,success
17072,2286,2023-07-30,25.00,success
17073,2286,2023-06-30,25.00,success
17074,2286,2023-05-30,25.00,success
17075,2287,2024-12-27,25.00,success
17076,2287,2024-11-27,25.00,failed
17077,2287,2024-10-27,25.00,success
17078,2287,2024-09-27,25.00,success
17079,2287,2024-08-27,25.00,success
17080,2287,2024-07-27,25.00,success
17081,2287,2024-06-27,25.00,success
17082,2287,2024-05-27,25.00,success
17083,2287,2024-04-27,25.00,success
17084,2287,2024-03-27,25.00,success
17085,2287,2024-02-27,25.00,success
17086,2287,2024-01-27,25.00,success
17087,2288,2024-01-29,10.00,success
17088,2288,2023-12-29,10.00,success
17089,2288,2023-11-29,10.00,success
17090,2288,2023-10-29,10.00,success
17091,2288,2023-09-29,10.00,failed
17092,2288,2023-08-29,10.00,success
17093,2288,2023-07-29,10.00,success
17094,2288,2023-06-29,10.00,success
17095,2288,2023-05-29,10.00,success
17096,2288,2023-04-29,10.00,success
17097,2288,2023-03-29,10.00,success
17098,2289,2024-06-19,10.00,success
17099,2289,2024-05-19,10.00,success
17100,2289,2024-04-19,10.00,success
17101,2289,2024-03-19,10.00,success
17102,2289,2024-02-19,10.00,success
17103,2289,2024-01-19,10.00,success
17104,2289,2023-12-19,10.00,success
17105,2289,2023-11-19,10.00,success
17106,2289,2023-10-19,10.00,success
17107,2289,2023-09-19,10.00,success
17108,2290,2024-09-22,10.00,success
17109,2290,2024-08-22,10.00,success
17110,2290,2024-07-22,10.00,success
17111,2290,2024-06-22,10.00,success
17112,2290,2024-05-22,10.00,success
17113,2290,2024-04-22,10.00,success
17114,2291,2024-10-16,10.00,success
17115,2291,2024-09-16,10.00,success
17116,2291,2024-08-16,10.00,success
17117,2291,2024-07-16,10.00,success
17118,2291,2024-06-16,10.00,success
17119,2291,2024-05-16,10.00,success
17120,2291,2024-04-16,10.00,success
17121,2291,2024-03-16,10.00,success
17122,2291,2024-02-16,10.00,success
17123,2292,2023-10-24,10.00,success
17124,2292,2023-09-24,10.00,success
17125,2292,2023-08-24,10.00,success
17126,2292,2023-07-24,10.00,success
17127,2293,2024-11-15,10.00,success
17128,2293,2024-10-15,10.00,success
17129,2293,2024-09-15,10.00,success
17130,2293,2024-08-15,10.00,success
17131,2293,2024-07-15,10.00,success
17132,2293,2024-06-15,10.00,failed
17133,2293,2024-05-15,10.00,success
17134,2293,2024-04-15,10.00,success
17135,2293,2024-03-15,10.00,success
17136,2293,2024-02-15,10.00,success
17137,2294,2024-08-13,10.00,success
17138,2294,2024-07-13,10.00,success
17139,2294,2024-06-13,10.00,success
17140,2294,2024-05-13,10.00,success
17141,2295,2023-10-28,25.00,success
17142,2295,2023-09-28,25.00,success
17143,2295,2023-08-28,25.00,success
17144,2295,2023-07-28,25.00,success
17145,2296,2024-09-04,25.00,success
17146,2296,2024-08-04,25.00,success
17147,2296,2024-07-04,25.00,success
17148,2296,2024-06-04,25.00,success
17149,2296,2024-05-04,25.00,success
17150,2297,2024-03-25,10.00,success
17151,2297,2024-02-25,10.00,success
17152,2297,2024-01-25,10.00,success
17153,2297,2023-12-25,10.00,success
17154,2297,2023-11-25,10.00,success
17155,2297,2023-10-25,10.00,success
17156,2297,2023-09-25,10.00,success
17157,2297,2023-08-25,10.00,success
17158,2297,2023-07-25,10.00,success
17159,2297,2023-06-25,10.00,success
17160,2297,2023-05-25,10.00,success
17161,2297,2023-04-25,10.00,success
17162,2298,2024-08-04,10.00,success
17163,2298,2024-07-04,10.00,success
17164,2298,2024-06-04,10.00,success
17165,2298,2024-05-04,10.00,success
17166,2298,2024-04-04,10.00,success
17167,2299,2025-05-15,25.00,success
17168,2299,2025-04-15,25.00,success
17169,2299,2025-03-15,25.00,success
17170,2299,2025-02-15,25.00,success
17171,2299,2025-01-15,25.00,success
17172,2299,2024-12-15,25.00,success
17173,2299,2024-11-15,25.00,success
17174,2299,2024-10-15,25.00,success
17175,2299,2024-09-15,25.00,success
17176,2299,2024-08-15,25.00,success
17177,2299,2024-07-15,25.00,success
17178,2299,2024-06-15,25.00,success
17179,2300,2023-10-22,10.00,success
17180,2300,2023-09-22,10.00,success
17181,2300,2023-08-22,10.00,success
17182,2300,2023-07-22,10.00,success
17183,2300,2023-06-22,10.00,success
17184,2300,2023-05-22,10.00,success
17185,2300,2023-04-22,10.00,success
17186,2300,2023-03-22,10.00,success
17187,2301,2023-04-22,10.00,success
17188,2301,2023-03-22,10.00,success
17189,2301,2023-02-22,10.00,success
17190,2302,2024-09-11,25.00,success
17191,2302,2024-08-11,25.00,success
17192,2302,2024-07-11,25.00,success
17193,2302,2024-06-11,25.00,success
17194,2302,2024-05-11,25.00,success
17195,2302,2024-04-11,25.00,success
17196,2302,2024-03-11,25.00,success
17197,2302,2024-02-11,25.00,success
17198,2302,2024-01-11,25.00,success
17199,2303,2023-12-03,25.00,success
17200,2303,2023-11-03,25.00,success
17201,2303,2023-10-03,25.00,success
17202,2303,2023-09-03,25.00,success
17203,2304,2024-09-10,25.00,success
17204,2304,2024-08-10,25.00,success
17205,2304,2024-07-10,25.00,success
17206,2304,2024-06-10,25.00,success
17207,2304,2024-05-10,25.00,success
17208,2305,2023-12-28,25.00,success
17209,2305,2023-11-28,25.00,success
17210,2305,2023-10-28,25.00,success
17211,2305,2023-09-28,25.00,success
17212,2305,2023-08-28,25.00,success
17213,2306,2024-04-09,10.00,success
17214,2306,2024-03-09,10.00,success
17215,2306,2024-02-09,10.00,success
17216,2306,2024-01-09,10.00,success
17217,2306,2023-12-09,10.00,success
17218,2306,2023-11-09,10.00,success
17219,2306,2023-10-09,10.00,success
17220,2307,2024-03-14,10.00,success
17221,2307,2024-02-14,10.00,success
17222,2307,2024-01-14,10.00,success
17223,2307,2023-12-14,10.00,success
17224,2307,2023-11-14,10.00,success
17225,2307,2023-10-14,10.00,success
17226,2307,2023-09-14,10.00,success
17227,2307,2023-08-14,10.00,failed
17228,2307,2023-07-14,10.00,success
17229,2307,2023-06-14,10.00,success
17230,2307,2023-05-14,10.00,success
17231,2308,2024-08-30,10.00,success
17232,2308,2024-07-30,10.00,success
17233,2308,2024-06-30,10.00,success
17234,2308,2024-05-30,10.00,success
17235,2308,2024-04-30,10.00,success
17236,2308,2024-03-30,10.00,success
17237,2309,2023-12-29,10.00,success
17238,2309,2023-11-29,10.00,success
17239,2309,2023-10-29,10.00,success
17240,2309,2023-09-29,10.00,success
17241,2309,2023-08-29,10.00,success
17242,2310,2023-08-19,10.00,success
17243,2310,2023-07-19,10.00,success
17244,2310,2023-06-19,10.00,success
17245,2310,2023-05-19,10.00,success
17246,2311,2024-02-12,10.00,success
17247,2311,2024-01-12,10.00,success
17248,2311,2023-12-12,10.00,success
17249,2311,2023-11-12,10.00,success
17250,2311,2023-10-12,10.00,success
17251,2311,2023-09-12,10.00,success
17252,2311,2023-08-12,10.00,success
17253,2312,2025-03-13,25.00,success
17254,2312,2025-02-13,25.00,success
17255,2312,2025-01-13,25.00,success
17256,2312,2024-12-13,25.00,success
17257,2312,2024-11-13,25.00,success
17258,2312,2024-10-13,25.00,success
17259,2312,2024-09-13,25.00,success
17260,2312,2024-08-13,25.00,success
17261,2312,2024-07-13,25.00,success
17262,2312,2024-06-13,25.00,success
17263,2312,2024-05-13,25.00,success
17264,2312,2024-04-13,25.00,success
17265,2313,2023-05-29,25.00,success
17266,2313,2023-04-29,25.00,success
17267,2313,2023-03-29,25.00,success
17268,2313,2023-02-28,25.00,success
17269,2313,2023-01-29,25.00,success
17270,2314,2023-04-19,10.00,success
17271,2314,2023-03-19,10.00,success
17272,2315,2024-05-23,10.00,success
17273,2315,2024-04-23,10.00,failed
17274,2315,2024-03-23,10.00,success
17275,2316,2024-09-02,10.00,success
17276,2316,2024-08-02,10.00,success
17277,2316,2024-07-02,10.00,success
17278,2316,2024-06-02,10.00,success
17279,2316,2024-05-02,10.00,success
17280,2316,2024-04-02,10.00,success
17281,2316,2024-03-02,10.00,success
17282,2316,2024-02-02,10.00,success
17283,2316,2024-01-02,10.00,success
17284,2316,2023-12-02,10.00,success
17285,2317,2023-11-09,25.00,success
17286,2317,2023-10-09,25.00,success
17287,2317,2023-09-09,25.00,success
17288,2317,2023-08-09,25.00,success
17289,2317,2023-07-09,25.00,success
17290,2318,2023-08-08,25.00,failed
17291,2318,2023-07-08,25.00,success
17292,2318,2023-06-08,25.00,success
17293,2318,2023-05-08,25.00,success
17294,2318,2023-04-08,25.00,success
17295,2319,2024-08-05,10.00,success
17296,2319,2024-07-05,10.00,success
17297,2319,2024-06-05,10.00,success
17298,2319,2024-05-05,10.00,success
17299,2319,2024-04-05,10.00,success
17300,2320,2024-11-28,60.00,success
17301,2320,2024-10-28,60.00,success
17302,2320,2024-09-28,60.00,success
17303,2320,2024-08-28,60.00,success
17304,2320,2024-07-28,60.00,success
17305,2320,2024-06-28,60.00,success
17306,2320,2024-05-28,60.00,success
17307,2320,2024-04-28,60.00,success
17308,2320,2024-03-28,60.00,success
17309,2320,2024-02-28,60.00,success
17310,2320,2024-01-28,60.00,success
17311,2321,2024-07-14,10.00,success
17312,2321,2024-06-14,10.00,success
17313,2321,2024-05-14,10.00,success
17314,2321,2024-04-14,10.00,success
17315,2321,2024-03-14,10.00,success
17316,2321,2024-02-14,10.00,failed
17317,2321,2024-01-14,10.00,success
17318,2321,2023-12-14,10.00,success
17319,2321,2023-11-14,10.00,success
17320,2321,2023-10-14,10.00,success
17321,2321,2023-09-14,10.00,success
17322,2321,2023-08-14,10.00,success
17323,2322,2024-07-24,10.00,success
17324,2322,2024-06-24,10.00,success
17325,2323,2024-09-21,10.00,success
17326,2323,2024-08-21,10.00,success
17327,2323,2024-07-21,10.00,success
17328,2324,2024-01-25,10.00,success
17329,2324,2023-12-25,10.00,success
17330,2324,2023-11-25,10.00,success
17331,2324,2023-10-25,10.00,success
17332,2324,2023-09-25,10.00,success
17333,2324,2023-08-25,10.00,success
17334,2324,2023-07-25,10.00,success
17335,2324,2023-06-25,10.00,success
17336,2324,2023-05-25,10.00,success
17337,2324,2023-04-25,10.00,failed
17338,2324,2023-03-25,10.00,success
17339,2325,2024-06-25,10.00,success
17340,2325,2024-05-25,10.00,success
17341,2325,2024-04-25,10.00,success
17342,2325,2024-03-25,10.00,success
17343,2326,2023-03-02,10.00,success
17344,2326,2023-02-02,10.00,success
17345,2327,2024-07-23,10.00,success
17346,2327,2024-06-23,10.00,success
17347,2327,2024-05-23,10.00,success
17348,2327,2024-04-23,10.00,success
17349,2327,2024-03-23,10.00,success
17350,2327,2024-02-23,10.00,success
17351,2327,2024-01-23,10.00,success
17352,2328,2024-10-14,10.00,success
17353,2328,2024-09-14,10.00,success
17354,2328,2024-08-14,10.00,success
17355,2328,2024-07-14,10.00,success
17356,2328,2024-06-14,10.00,success
17357,2328,2024-05-14,10.00,success
17358,2329,2023-09-13,10.00,success
17359,2329,2023-08-13,10.00,success
17360,2330,2025-02-04,25.00,success
17361,2330,2025-01-04,25.00,success
17362,2330,2024-12-04,25.00,success
17363,2330,2024-11-04,25.00,success
17364,2330,2024-10-04,25.00,success
17365,2330,2024-09-04,25.00,success
17366,2330,2024-08-04,25.00,success
17367,2330,2024-07-04,25.00,success
17368,2330,2024-06-04,25.00,success
17369,2330,2024-05-04,25.00,success
17370,2330,2024-04-04,25.00,success
17371,2331,2024-01-14,25.00,success
17372,2331,2023-12-14,25.00,success
17373,2331,2023-11-14,25.00,success
17374,2331,2023-10-14,25.00,success
17375,2331,2023-09-14,25.00,success
17376,2331,2023-08-14,25.00,failed
17377,2331,2023-07-14,25.00,success
17378,2332,2024-11-20,10.00,success
17379,2332,2024-10-20,10.00,success
17380,2332,2024-09-20,10.00,success
17381,2332,2024-08-20,10.00,success
17382,2332,2024-07-20,10.00,success
17383,2332,2024-06-20,10.00,success
17384,2332,2024-05-20,10.00,success
17385,2332,2024-04-20,10.00,success
17386,2332,2024-03-20,10.00,success
17387,2332,2024-02-20,10.00,success
17388,2332,2024-01-20,10.00,success
17389,2332,2023-12-20,10.00,success
17390,2333,2023-12-27,10.00,success
17391,2333,2023-11-27,10.00,success
17392,2333,2023-10-27,10.00,success
17393,2333,2023-09-27,10.00,success
17394,2333,2023-08-27,10.00,success
17395,2333,2023-07-27,10.00,success
17396,2334,2024-11-07,25.00,success
17397,2334,2024-10-07,25.00,success
17398,2334,2024-09-07,25.00,success
17399,2334,2024-08-07,25.00,success
17400,2334,2024-07-07,25.00,success
17401,2334,2024-06-07,25.00,success
17402,2334,2024-05-07,25.00,success
17403,2335,2023-08-14,25.00,success
17404,2335,2023-07-14,25.00,success
17405,2335,2023-06-14,25.00,success
17406,2335,2023-05-14,25.00,success
17407,2335,2023-04-14,25.00,success
17408,2336,2024-12-07,10.00,success
17409,2336,2024-11-07,10.00,success
17410,2336,2024-10-07,10.00,failed
17411,2336,2024-09-07,10.00,success
17412,2336,2024-08-07,10.00,success
17413,2336,2024-07-07,10.00,success
17414,2336,2024-06-07,10.00,success
17415,2336,2024-05-07,10.00,success
17416,2336,2024-04-07,10.00,success
17417,2337,2024-03-14,10.00,success
17418,2337,2024-02-14,10.00,success
17419,2337,2024-01-14,10.00,success
17420,2337,2023-12-14,10.00,success
17421,2338,2024-09-10,25.00,success
17422,2338,2024-08-10,25.00,success
17423,2338,2024-07-10,25.00,success
17424,2338,2024-06-10,25.00,success
17425,2338,2024-05-10,25.00,success
17426,2338,2024-04-10,25.00,success
17427,2338,2024-03-10,25.00,success
17428,2338,2024-02-10,25.00,success
17429,2338,2024-01-10,25.00,success
17430,2338,2023-12-10,25.00,success
17431,2339,2024-09-20,10.00,success
17432,2339,2024-08-20,10.00,success
17433,2339,2024-07-20,10.00,success
17434,2339,2024-06-20,10.00,success
17435,2339,2024-05-20,10.00,success
17436,2339,2024-04-20,10.00,success
17437,2339,2024-03-20,10.00,success
17438,2339,2024-02-20,10.00,success
17439,2339,2024-01-20,10.00,success
17440,2339,2023-12-20,10.00,success
17441,2339,2023-11-20,10.00,success
17442,2339,2023-10-20,10.00,success
17443,2340,2024-07-22,25.00,success
17444,2340,2024-06-22,25.00,success
17445,2340,2024-05-22,25.00,success
17446,2340,2024-04-22,25.00,success
17447,2341,2025-01-05,10.00,success
17448,2341,2024-12-05,10.00,success
17449,2341,2024-11-05,10.00,success
17450,2341,2024-10-05,10.00,failed
17451,2341,2024-09-05,10.00,success
17452,2341,2024-08-05,10.00,success
17453,2341,2024-07-05,10.00,success
17454,2341,2024-06-05,10.00,success
17455,2341,2024-05-05,10.00,success
17456,2341,2024-04-05,10.00,success
17457,2342,2023-09-05,25.00,success
17458,2342,2023-08-05,25.00,success
17459,2342,2023-07-05,25.00,success
17460,2342,2023-06-05,25.00,success
17461,2342,2023-05-05,25.00,success
17462,2342,2023-04-05,25.00,success
17463,2343,2023-05-28,25.00,success
17464,2343,2023-04-28,25.00,success
17465,2343,2023-03-28,25.00,success
17466,2343,2023-02-28,25.00,failed
17467,2343,2023-01-28,25.00,success
17468,2344,2025-02-14,10.00,success
17469,2344,2025-01-14,10.00,success
17470,2344,2024-12-14,10.00,success
17471,2344,2024-11-14,10.00,success
17472,2344,2024-10-14,10.00,success
17473,2344,2024-09-14,10.00,success
17474,2344,2024-08-14,10.00,success
17475,2344,2024-07-14,10.00,success
17476,2344,2024-06-14,10.00,success
17477,2345,2025-05-03,25.00,success
17478,2345,2025-04-03,25.00,success
17479,2345,2025-03-03,25.00,success
17480,2345,2025-02-03,25.00,success
17481,2345,2025-01-03,25.00,success
17482,2345,2024-12-03,25.00,success
17483,2345,2024-11-03,25.00,success
17484,2345,2024-10-03,25.00,success
17485,2345,2024-09-03,25.00,success
17486,2345,2024-08-03,25.00,success
17487,2345,2024-07-03,25.00,success
17488,2346,2024-09-26,10.00,success
17489,2346,2024-08-26,10.00,success
17490,2346,2024-07-26,10.00,success
17491,2346,2024-06-26,10.00,success
17492,2346,2024-05-26,10.00,success
17493,2346,2024-04-26,10.00,success
17494,2346,2024-03-26,10.00,success
17495,2346,2024-02-26,10.00,failed
17496,2346,2024-01-26,10.00,failed
17497,2346,2023-12-26,10.00,success
17498,2346,2023-11-26,10.00,success
17499,2347,2023-07-24,10.00,success
17500,2347,2023-06-24,10.00,success
17501,2347,2023-05-24,10.00,success
17502,2347,2023-04-24,10.00,failed
17503,2347,2023-03-24,10.00,success
17504,2348,2025-01-06,10.00,success
17505,2348,2024-12-06,10.00,success
17506,2348,2024-11-06,10.00,success
17507,2348,2024-10-06,10.00,success
17508,2348,2024-09-06,10.00,success
17509,2348,2024-08-06,10.00,success
17510,2348,2024-07-06,10.00,success
17511,2348,2024-06-06,10.00,success
17512,2348,2024-05-06,10.00,success
17513,2348,2024-04-06,10.00,success
17514,2348,2024-03-06,10.00,failed
17515,2349,2024-03-17,25.00,success
17516,2349,2024-02-17,25.00,success
17517,2349,2024-01-17,25.00,success
17518,2349,2023-12-17,25.00,success
17519,2349,2023-11-17,25.00,success
17520,2349,2023-10-17,25.00,success
17521,2349,2023-09-17,25.00,success
17522,2349,2023-08-17,25.00,success
17523,2350,2024-01-10,25.00,failed
17524,2350,2023-12-10,25.00,success
17525,2351,2024-08-14,10.00,success
17526,2351,2024-07-14,10.00,success
17527,2351,2024-06-14,10.00,success
17528,2351,2024-05-14,10.00,success
17529,2351,2024-04-14,10.00,success
17530,2352,2024-04-13,10.00,success
17531,2352,2024-03-13,10.00,success
17532,2353,2024-11-28,25.00,success
17533,2353,2024-10-28,25.00,success
17534,2353,2024-09-28,25.00,success
17535,2353,2024-08-28,25.00,success
17536,2353,2024-07-28,25.00,success
17537,2353,2024-06-28,25.00,success
17538,2353,2024-05-28,25.00,success
17539,2353,2024-04-28,25.00,success
17540,2353,2024-03-28,25.00,success
17541,2353,2024-02-28,25.00,success
17542,2353,2024-01-28,25.00,success
17543,2353,2023-12-28,25.00,success
17544,2354,2024-10-16,10.00,success
17545,2354,2024-09-16,10.00,success
17546,2354,2024-08-16,10.00,success
17547,2354,2024-07-16,10.00,success
17548,2354,2024-06-16,10.00,success
17549,2355,2023-09-21,25.00,success
17550,2355,2023-08-21,25.00,success
17551,2355,2023-07-21,25.00,success
17552,2355,2023-06-21,25.00,success
17553,2356,2024-11-27,10.00,success
17554,2356,2024-10-27,10.00,success
17555,2356,2024-09-27,10.00,success
17556,2356,2024-08-27,10.00,success
17557,2356,2024-07-27,10.00,success
17558,2356,2024-06-27,10.00,success
17559,2356,2024-05-27,10.00,success
17560,2356,2024-04-27,10.00,success
17561,2356,2024-03-27,10.00,success
17562,2356,2024-02-27,10.00,success
17563,2356,2024-01-27,10.00,failed
17564,2356,2023-12-27,10.00,success
17565,2357,2024-03-22,25.00,success
17566,2357,2024-02-22,25.00,success
17567,2357,2024-01-22,25.00,success
17568,2357,2023-12-22,25.00,success
17569,2357,2023-11-22,25.00,success
17570,2357,2023-10-22,25.00,success
17571,2357,2023-09-22,25.00,success
17572,2357,2023-08-22,25.00,success
17573,2357,2023-07-22,25.00,success
17574,2357,2023-06-22,25.00,success
17575,2358,2024-11-17,10.00,success
17576,2358,2024-10-17,10.00,success
17577,2358,2024-09-17,10.00,success
17578,2358,2024-08-17,10.00,success
17579,2358,2024-07-17,10.00,success
17580,2358,2024-06-17,10.00,success
17581,2359,2024-04-14,25.00,success
17582,2359,2024-03-14,25.00,success
17583,2359,2024-02-14,25.00,success
17584,2359,2024-01-14,25.00,success
17585,2359,2023-12-14,25.00,success
17586,2360,2023-12-10,10.00,success
17587,2360,2023-11-10,10.00,success
17588,2360,2023-10-10,10.00,success
17589,2361,2024-02-15,10.00,success
17590,2361,2024-01-15,10.00,success
17591,2361,2023-12-15,10.00,success
17592,2361,2023-11-15,10.00,success
17593,2361,2023-10-15,10.00,success
17594,2361,2023-09-15,10.00,success
17595,2361,2023-08-15,10.00,success
17596,2361,2023-07-15,10.00,success
17597,2361,2023-06-15,10.00,success
17598,2361,2023-05-15,10.00,success
17599,2361,2023-04-15,10.00,success
17600,2361,2023-03-15,10.00,success
17601,2362,2024-04-03,10.00,success
17602,2362,2024-03-03,10.00,success
17603,2362,2024-02-03,10.00,success
17604,2362,2024-01-03,10.00,success
17605,2362,2023-12-03,10.00,failed
17606,2362,2023-11-03,10.00,failed
17607,2362,2023-10-03,10.00,success
17608,2362,2023-09-03,10.00,success
17609,2362,2023-08-03,10.00,success
17610,2362,2023-07-03,10.00,failed
17611,2362,2023-06-03,10.00,success
17612,2363,2024-10-08,25.00,success
17613,2363,2024-09-08,25.00,failed
17614,2363,2024-08-08,25.00,success
17615,2363,2024-07-08,25.00,success
17616,2363,2024-06-08,25.00,success
17617,2364,2024-06-03,10.00,success
17618,2364,2024-05-03,10.00,success
17619,2364,2024-04-03,10.00,success
17620,2365,2023-12-07,25.00,success
17621,2365,2023-11-07,25.00,success
17622,2365,2023-10-07,25.00,success
17623,2365,2023-09-07,25.00,failed
17624,2365,2023-08-07,25.00,success
17625,2365,2023-07-07,25.00,success
17626,2365,2023-06-07,25.00,success
17627,2365,2023-05-07,25.00,success
17628,2365,2023-04-07,25.00,success
17629,2365,2023-03-07,25.00,success
17630,2365,2023-02-07,25.00,success
17631,2366,2024-08-08,10.00,success
17632,2366,2024-07-08,10.00,success
17633,2366,2024-06-08,10.00,success
17634,2366,2024-05-08,10.00,failed
17635,2366,2024-04-08,10.00,success
17636,2366,2024-03-08,10.00,success
17637,2367,2023-09-04,10.00,success
17638,2367,2023-08-04,10.00,success
17639,2367,2023-07-04,10.00,success
17640,2367,2023-06-04,10.00,failed
17641,2367,2023-05-04,10.00,success
17642,2368,2023-07-01,25.00,success
17643,2368,2023-06-01,25.00,failed
17644,2369,2023-11-13,10.00,success
17645,2369,2023-10-13,10.00,success
17646,2370,2024-10-14,10.00,failed
17647,2370,2024-09-14,10.00,success
17648,2370,2024-08-14,10.00,success
17649,2370,2024-07-14,10.00,success
17650,2370,2024-06-14,10.00,success
17651,2370,2024-05-14,10.00,success
17652,2370,2024-04-14,10.00,success
17653,2371,2024-01-09,10.00,success
17654,2371,2023-12-09,10.00,success
17655,2371,2023-11-09,10.00,success
17656,2371,2023-10-09,10.00,success
17657,2371,2023-09-09,10.00,success
17658,2371,2023-08-09,10.00,success
17659,2371,2023-07-09,10.00,success
17660,2372,2024-11-20,10.00,success
17661,2372,2024-10-20,10.00,success
17662,2372,2024-09-20,10.00,success
17663,2372,2024-08-20,10.00,success
17664,2372,2024-07-20,10.00,success
17665,2372,2024-06-20,10.00,success
17666,2372,2024-05-20,10.00,success
17667,2372,2024-04-20,10.00,success
17668,2372,2024-03-20,10.00,success
17669,2373,2023-09-16,10.00,success
17670,2373,2023-08-16,10.00,success
17671,2373,2023-07-16,10.00,success
17672,2373,2023-06-16,10.00,success
17673,2373,2023-05-16,10.00,success
17674,2374,2024-12-17,10.00,success
17675,2374,2024-11-17,10.00,success
17676,2374,2024-10-17,10.00,success
17677,2374,2024-09-17,10.00,success
17678,2374,2024-08-17,10.00,success
17679,2374,2024-07-17,10.00,success
17680,2374,2024-06-17,10.00,failed
17681,2374,2024-05-17,10.00,success
17682,2375,2025-04-02,10.00,success
17683,2375,2025-03-02,10.00,success
17684,2375,2025-02-02,10.00,success
17685,2375,2025-01-02,10.00,success
17686,2375,2024-12-02,10.00,success
17687,2375,2024-11-02,10.00,success
17688,2375,2024-10-02,10.00,success
17689,2375,2024-09-02,10.00,success
17690,2375,2024-08-02,10.00,success
17691,2375,2024-07-02,10.00,success
17692,2375,2024-06-02,10.00,success
17693,2375,2024-05-02,10.00,success
17694,2376,2024-11-01,10.00,success
17695,2376,2024-10-01,10.00,success
17696,2376,2024-09-01,10.00,failed
17697,2376,2024-08-01,10.00,success
17698,2376,2024-07-01,10.00,success
17699,2376,2024-06-01,10.00,success
17700,2376,2024-05-01,10.00,success
17701,2376,2024-04-01,10.00,success
17702,2376,2024-03-01,10.00,success
17703,2376,2024-02-01,10.00,success
17704,2376,2024-01-01,10.00,success
17705,2376,2023-12-01,10.00,success
17706,2377,2024-11-17,10.00,success
17707,2377,2024-10-17,10.00,success
17708,2377,2024-09-17,10.00,failed
17709,2377,2024-08-17,10.00,success
17710,2377,2024-07-17,10.00,success
17711,2377,2024-06-17,10.00,success
17712,2377,2024-05-17,10.00,success
17713,2377,2024-04-17,10.00,success
17714,2377,2024-03-17,10.00,success
17715,2377,2024-02-17,10.00,success
17716,2377,2024-01-17,10.00,success
17717,2377,2023-12-17,10.00,success
17718,2378,2024-10-08,60.00,success
17719,2378,2024-09-08,60.00,success
17720,2378,2024-08-08,60.00,success
17721,2378,2024-07-08,60.00,success
17722,2378,2024-06-08,60.00,success
17723,2378,2024-05-08,60.00,success
17724,2378,2024-04-08,60.00,success
17725,2378,2024-03-08,60.00,success
17726,2378,2024-02-08,60.00,success
17727,2379,2024-06-19,10.00,success
17728,2379,2024-05-19,10.00,success
17729,2379,2024-04-19,10.00,success
17730,2379,2024-03-19,10.00,success
17731,2379,2024-02-19,10.00,success
17732,2380,2023-12-15,10.00,success
17733,2380,2023-11-15,10.00,success
17734,2380,2023-10-15,10.00,success
17735,2381,2024-08-05,10.00,success
17736,2381,2024-07-05,10.00,success
17737,2381,2024-06-05,10.00,success
17738,2381,2024-05-05,10.00,success
17739,2381,2024-04-05,10.00,success
17740,2381,2024-03-05,10.00,success
17741,2381,2024-02-05,10.00,success
17742,2381,2024-01-05,10.00,success
17743,2381,2023-12-05,10.00,success
17744,2381,2023-11-05,10.00,success
17745,2382,2023-06-22,10.00,success
17746,2382,2023-05-22,10.00,success
17747,2382,2023-04-22,10.00,success
17748,2383,2023-05-02,10.00,success
17749,2383,2023-04-02,10.00,success
17750,2383,2023-03-02,10.00,success
17751,2383,2023-02-02,10.00,success
17752,2384,2023-10-22,10.00,success
17753,2384,2023-09-22,10.00,success
17754,2384,2023-08-22,10.00,success
17755,2384,2023-07-22,10.00,success
17756,2384,2023-06-22,10.00,success
17757,2384,2023-05-22,10.00,success
17758,2384,2023-04-22,10.00,success
17759,2384,2023-03-22,10.00,success
17760,2384,2023-02-22,10.00,success
17761,2384,2023-01-22,10.00,success
17762,2385,2024-04-01,10.00,success
17763,2385,2024-03-01,10.00,success
17764,2385,2024-02-01,10.00,success
17765,2385,2024-01-01,10.00,success
17766,2385,2023-12-01,10.00,success
17767,2386,2024-09-03,10.00,success
17768,2386,2024-08-03,10.00,success
17769,2386,2024-07-03,10.00,success
17770,2386,2024-06-03,10.00,success
17771,2386,2024-05-03,10.00,failed
17772,2386,2024-04-03,10.00,success
17773,2386,2024-03-03,10.00,success
17774,2386,2024-02-03,10.00,success
17775,2386,2024-01-03,10.00,success
17776,2386,2023-12-03,10.00,success
17777,2386,2023-11-03,10.00,failed
17778,2386,2023-10-03,10.00,success
17779,2387,2024-04-28,10.00,success
17780,2387,2024-03-28,10.00,success
17781,2387,2024-02-28,10.00,success
17782,2387,2024-01-28,10.00,success
17783,2387,2023-12-28,10.00,success
17784,2387,2023-11-28,10.00,success
17785,2387,2023-10-28,10.00,success
17786,2387,2023-09-28,10.00,success
17787,2387,2023-08-28,10.00,success
17788,2387,2023-07-28,10.00,success
17789,2387,2023-06-28,10.00,success
17790,2387,2023-05-28,10.00,success
17791,2388,2023-07-14,25.00,success
17792,2388,2023-06-14,25.00,failed
17793,2388,2023-05-14,25.00,success
17794,2388,2023-04-14,25.00,success
17795,2389,2024-03-03,10.00,success
17796,2389,2024-02-03,10.00,success
17797,2389,2024-01-03,10.00,success
17798,2389,2023-12-03,10.00,success
17799,2389,2023-11-03,10.00,success
17800,2389,2023-10-03,10.00,success
17801,2390,2024-12-22,10.00,success
17802,2390,2024-11-22,10.00,success
17803,2390,2024-10-22,10.00,success
17804,2390,2024-09-22,10.00,success
17805,2390,2024-08-22,10.00,success
17806,2390,2024-07-22,10.00,success
17807,2390,2024-06-22,10.00,success
17808,2391,2024-12-10,25.00,success
17809,2391,2024-11-10,25.00,success
17810,2391,2024-10-10,25.00,success
17811,2391,2024-09-10,25.00,success
17812,2391,2024-08-10,25.00,success
17813,2391,2024-07-10,25.00,success
17814,2391,2024-06-10,25.00,success
17815,2391,2024-05-10,25.00,success
17816,2391,2024-04-10,25.00,success
17817,2391,2024-03-10,25.00,success
17818,2392,2024-08-22,25.00,success
17819,2392,2024-07-22,25.00,success
17820,2392,2024-06-22,25.00,success
17821,2392,2024-05-22,25.00,success
17822,2392,2024-04-22,25.00,success
17823,2392,2024-03-22,25.00,success
17824,2393,2024-02-18,10.00,success
17825,2393,2024-01-18,10.00,success
17826,2393,2023-12-18,10.00,success
17827,2393,2023-11-18,10.00,success
17828,2393,2023-10-18,10.00,success
17829,2393,2023-09-18,10.00,success
17830,2393,2023-08-18,10.00,success
17831,2394,2024-04-17,10.00,success
17832,2394,2024-03-17,10.00,success
17833,2394,2024-02-17,10.00,success
17834,2394,2024-01-17,10.00,success
17835,2394,2023-12-17,10.00,success
17836,2394,2023-11-17,10.00,success
17837,2394,2023-10-17,10.00,success
17838,2394,2023-09-17,10.00,success
17839,2394,2023-08-17,10.00,success
17840,2394,2023-07-17,10.00,success
17841,2394,2023-06-17,10.00,success
17842,2394,2023-05-17,10.00,failed
17843,2395,2024-06-01,25.00,success
17844,2395,2024-05-01,25.00,success
17845,2395,2024-04-01,25.00,success
17846,2395,2024-03-01,25.00,success
17847,2395,2024-02-01,25.00,success
17848,2395,2024-01-01,25.00,success
17849,2395,2023-12-01,25.00,success
17850,2396,2024-03-08,10.00,success
17851,2396,2024-02-08,10.00,success
17852,2396,2024-01-08,10.00,success
17853,2396,2023-12-08,10.00,success
17854,2396,2023-11-08,10.00,failed
17855,2396,2023-10-08,10.00,failed
17856,2396,2023-09-08,10.00,success
17857,2396,2023-08-08,10.00,success
17858,2396,2023-07-08,10.00,success
17859,2397,2023-05-28,10.00,success
17860,2397,2023-04-28,10.00,success
17861,2398,2024-02-21,10.00,success
17862,2398,2024-01-21,10.00,success
17863,2398,2023-12-21,10.00,failed
17864,2398,2023-11-21,10.00,success
17865,2398,2023-10-21,10.00,success
17866,2399,2025-01-01,25.00,success
17867,2399,2024-12-01,25.00,success
17868,2399,2024-11-01,25.00,success
17869,2399,2024-10-01,25.00,success
17870,2399,2024-09-01,25.00,success
17871,2399,2024-08-01,25.00,success
17872,2399,2024-07-01,25.00,success
17873,2399,2024-06-01,25.00,success
17874,2400,2025-01-01,10.00,success
17875,2400,2024-12-01,10.00,success
17876,2400,2024-11-01,10.00,success
17877,2400,2024-10-01,10.00,success
17878,2400,2024-09-01,10.00,success
17879,2400,2024-08-01,10.00,success
17880,2400,2024-07-01,10.00,success
17881,2400,2024-06-01,10.00,success
17882,2400,2024-05-01,10.00,success
17883,2400,2024-04-01,10.00,success
17884,2400,2024-03-01,10.00,success
17885,2400,2024-02-01,10.00,success
17886,2401,2023-10-14,25.00,success
17887,2401,2023-09-14,25.00,success
17888,2401,2023-08-14,25.00,success
17889,2401,2023-07-14,25.00,success
17890,2401,2023-06-14,25.00,success
17891,2401,2023-05-14,25.00,success
17892,2401,2023-04-14,25.00,success
17893,2401,2023-03-14,25.00,success
17894,2401,2023-02-14,25.00,success
17895,2402,2024-11-02,10.00,success
17896,2402,2024-10-02,10.00,success
17897,2402,2024-09-02,10.00,success
17898,2402,2024-08-02,10.00,success
17899,2402,2024-07-02,10.00,success
17900,2402,2024-06-02,10.00,success
17901,2403,2025-01-04,25.00,success
17902,2403,2024-12-04,25.00,success
17903,2403,2024-11-04,25.00,success
17904,2403,2024-10-04,25.00,success
17905,2403,2024-09-04,25.00,success
17906,2403,2024-08-04,25.00,success
17907,2403,2024-07-04,25.00,success
17908,2404,2024-06-05,10.00,success
17909,2404,2024-05-05,10.00,success
17910,2404,2024-04-05,10.00,success
17911,2404,2024-03-05,10.00,success
17912,2405,2023-12-19,10.00,success
17913,2405,2023-11-19,10.00,success
17914,2405,2023-10-19,10.00,success
17915,2405,2023-09-19,10.00,success
17916,2405,2023-08-19,10.00,success
17917,2405,2023-07-19,10.00,success
17918,2405,2023-06-19,10.00,success
17919,2405,2023-05-19,10.00,success
17920,2405,2023-04-19,10.00,success
17921,2405,2023-03-19,10.00,success
17922,2405,2023-02-19,10.00,success
17923,2405,2023-01-19,10.00,failed
17924,2406,2025-03-10,10.00,success
17925,2406,2025-02-10,10.00,success
17926,2406,2025-01-10,10.00,success
17927,2406,2024-12-10,10.00,success
17928,2406,2024-11-10,10.00,success
17929,2406,2024-10-10,10.00,success
17930,2406,2024-09-10,10.00,success
17931,2406,2024-08-10,10.00,success
17932,2406,2024-07-10,10.00,success
17933,2406,2024-06-10,10.00,success
17934,2406,2024-05-10,10.00,success
17935,2406,2024-04-10,10.00,success
17936,2407,2024-04-13,10.00,success
17937,2407,2024-03-13,10.00,success
17938,2408,2024-12-07,10.00,success
17939,2408,2024-11-07,10.00,success
17940,2408,2024-10-07,10.00,failed
17941,2408,2024-09-07,10.00,success
17942,2408,2024-08-07,10.00,success
17943,2408,2024-07-07,10.00,success
17944,2408,2024-06-07,10.00,success
17945,2408,2024-05-07,10.00,success
17946,2408,2024-04-07,10.00,success
17947,2408,2024-03-07,10.00,success
17948,2409,2023-12-25,10.00,success
17949,2409,2023-11-25,10.00,success
17950,2410,2025-05-04,10.00,success
17951,2410,2025-04-04,10.00,success
17952,2410,2025-03-04,10.00,success
17953,2410,2025-02-04,10.00,success
17954,2410,2025-01-04,10.00,success
17955,2410,2024-12-04,10.00,success
17956,2410,2024-11-04,10.00,success
17957,2410,2024-10-04,10.00,success
17958,2410,2024-09-04,10.00,success
17959,2410,2024-08-04,10.00,success
17960,2410,2024-07-04,10.00,success
17961,2410,2024-06-04,10.00,success
17962,2411,2023-04-22,25.00,success
17963,2411,2023-03-22,25.00,success
17964,2411,2023-02-22,25.00,success
17965,2412,2024-03-11,10.00,success
17966,2412,2024-02-11,10.00,success
17967,2412,2024-01-11,10.00,success
17968,2412,2023-12-11,10.00,success
17969,2412,2023-11-11,10.00,failed
17970,2412,2023-10-11,10.00,success
17971,2412,2023-09-11,10.00,success
17972,2412,2023-08-11,10.00,success
17973,2412,2023-07-11,10.00,success
17974,2412,2023-06-11,10.00,success
17975,2412,2023-05-11,10.00,success
17976,2412,2023-04-11,10.00,success
17977,2413,2024-07-28,10.00,success
17978,2413,2024-06-28,10.00,success
17979,2413,2024-05-28,10.00,success
17980,2413,2024-04-28,10.00,success
17981,2413,2024-03-28,10.00,success
17982,2413,2024-02-28,10.00,success
17983,2413,2024-01-28,10.00,success
17984,2413,2023-12-28,10.00,success
17985,2414,2023-12-13,10.00,success
17986,2414,2023-11-13,10.00,success
17987,2414,2023-10-13,10.00,success
17988,2414,2023-09-13,10.00,success
17989,2414,2023-08-13,10.00,success
17990,2414,2023-07-13,10.00,success
17991,2415,2024-02-29,10.00,success
17992,2415,2024-01-31,10.00,success
17993,2415,2023-12-31,10.00,success
17994,2415,2023-11-30,10.00,success
17995,2415,2023-10-31,10.00,success
17996,2415,2023-09-30,10.00,success
17997,2415,2023-08-31,10.00,success
17998,2415,2023-07-31,10.00,success
17999,2415,2023-06-30,10.00,success
18000,2415,2023-05-31,10.00,success
18001,2415,2023-04-30,10.00,success
18002,2415,2023-03-31,10.00,success
18003,2416,2023-03-14,10.00,success
18004,2416,2023-02-14,10.00,success
18005,2417,2023-10-03,25.00,success
18006,2417,2023-09-03,25.00,success
18007,2417,2023-08-03,25.00,success
18008,2418,2024-06-21,25.00,success
18009,2418,2024-05-21,25.00,success
18010,2418,2024-04-21,25.00,success
18011,2418,2024-03-21,25.00,success
18012,2418,2024-02-21,25.00,success
18013,2418,2024-01-21,25.00,success
18014,2419,2024-04-13,25.00,success
18015,2419,2024-03-13,25.00,success
18016,2419,2024-02-13,25.00,success
18017,2419,2024-01-13,25.00,success
18018,2419,2023-12-13,25.00,success
18019,2419,2023-11-13,25.00,success
18020,2419,2023-10-13,25.00,success
18021,2419,2023-09-13,25.00,success
18022,2419,2023-08-13,25.00,success
18023,2419,2023-07-13,25.00,success
18024,2419,2023-06-13,25.00,success
18025,2419,2023-05-13,25.00,success
18026,2420,2023-05-31,25.00,success
18027,2420,2023-04-30,25.00,success
18028,2420,2023-03-31,25.00,success
18029,2421,2023-10-09,10.00,success
18030,2421,2023-09-09,10.00,success
18031,2421,2023-08-09,10.00,success
18032,2421,2023-07-09,10.00,success
18033,2421,2023-06-09,10.00,success
18034,2421,2023-05-09,10.00,success
18035,2421,2023-04-09,10.00,success
18036,2421,2023-03-09,10.00,success
18037,2421,2023-02-09,10.00,success
18038,2422,2024-04-26,10.00,success
18039,2422,2024-03-26,10.00,success
18040,2422,2024-02-26,10.00,success
18041,2422,2024-01-26,10.00,success
18042,2422,2023-12-26,10.00,success
18043,2422,2023-11-26,10.00,success
18044,2422,2023-10-26,10.00,success
18045,2422,2023-09-26,10.00,success
18046,2422,2023-08-26,10.00,success
18047,2422,2023-07-26,10.00,failed
18048,2422,2023-06-26,10.00,success
18049,2422,2023-05-26,10.00,success
18050,2423,2023-07-15,10.00,success
18051,2423,2023-06-15,10.00,success
18052,2423,2023-05-15,10.00,success
18053,2424,2024-07-03,25.00,success
18054,2424,2024-06-03,25.00,success
18055,2424,2024-05-03,25.00,success
18056,2424,2024-04-03,25.00,success
18057,2424,2024-03-03,25.00,success
18058,2424,2024-02-03,25.00,success
18059,2424,2024-01-03,25.00,success
18060,2424,2023-12-03,25.00,success
18061,2424,2023-11-03,25.00,success
18062,2424,2023-10-03,25.00,success
18063,2424,2023-09-03,25.00,success
18064,2425,2024-05-25,10.00,success
18065,2425,2024-04-25,10.00,failed
18066,2425,2024-03-25,10.00,success
18067,2425,2024-02-25,10.00,success
18068,2425,2024-01-25,10.00,success
18069,2425,2023-12-25,10.00,success
18070,2425,2023-11-25,10.00,success
18071,2425,2023-10-25,10.00,success
18072,2425,2023-09-25,10.00,success
18073,2425,2023-08-25,10.00,success
18074,2425,2023-07-25,10.00,success
18075,2425,2023-06-25,10.00,success
18076,2426,2023-12-11,25.00,success
18077,2426,2023-11-11,25.00,success
18078,2426,2023-10-11,25.00,success
18079,2426,2023-09-11,25.00,success
18080,2427,2025-05-19,10.00,success
18081,2427,2025-04-19,10.00,success
18082,2427,2025-03-19,10.00,success
18083,2427,2025-02-19,10.00,success
18084,2427,2025-01-19,10.00,success
18085,2427,2024-12-19,10.00,success
18086,2427,2024-11-19,10.00,success
18087,2427,2024-10-19,10.00,success
18088,2427,2024-09-19,10.00,success
18089,2427,2024-08-19,10.00,success
18090,2427,2024-07-19,10.00,success
18091,2427,2024-06-19,10.00,success
18092,2428,2024-07-13,10.00,failed
18093,2428,2024-06-13,10.00,success
18094,2428,2024-05-13,10.00,success
18095,2428,2024-04-13,10.00,success
18096,2428,2024-03-13,10.00,success
18097,2429,2024-04-05,10.00,success
18098,2429,2024-03-05,10.00,success
18099,2429,2024-02-05,10.00,success
18100,2429,2024-01-05,10.00,success
18101,2429,2023-12-05,10.00,success
18102,2429,2023-11-05,10.00,failed
18103,2429,2023-10-05,10.00,success
18104,2429,2023-09-05,10.00,success
18105,2429,2023-08-05,10.00,success
18106,2430,2023-03-20,10.00,success
18107,2430,2023-02-20,10.00,success
18108,2430,2023-01-20,10.00,success
18109,2431,2024-04-25,25.00,success
18110,2431,2024-03-25,25.00,success
18111,2431,2024-02-25,25.00,success
18112,2431,2024-01-25,25.00,success
18113,2431,2023-12-25,25.00,success
18114,2431,2023-11-25,25.00,success
18115,2431,2023-10-25,25.00,failed
18116,2431,2023-09-25,25.00,success
18117,2431,2023-08-25,25.00,success
18118,2431,2023-07-25,25.00,success
18119,2431,2023-06-25,25.00,failed
18120,2431,2023-05-25,25.00,success
18121,2432,2024-09-21,10.00,success
18122,2432,2024-08-21,10.00,success
18123,2432,2024-07-21,10.00,success
18124,2432,2024-06-21,10.00,success
18125,2432,2024-05-21,10.00,success
18126,2432,2024-04-21,10.00,success
18127,2432,2024-03-21,10.00,success
18128,2432,2024-02-21,10.00,success
18129,2432,2024-01-21,10.00,success
18130,2433,2024-12-09,10.00,success
18131,2433,2024-11-09,10.00,success
18132,2433,2024-10-09,10.00,success
18133,2433,2024-09-09,10.00,success
18134,2433,2024-08-09,10.00,success
18135,2433,2024-07-09,10.00,success
18136,2433,2024-06-09,10.00,success
18137,2434,2023-04-20,10.00,success
18138,2434,2023-03-20,10.00,success
18139,2434,2023-02-20,10.00,success
18140,2434,2023-01-20,10.00,success
18141,2435,2024-05-19,25.00,success
18142,2435,2024-04-19,25.00,success
18143,2435,2024-03-19,25.00,success
18144,2435,2024-02-19,25.00,success
18145,2435,2024-01-19,25.00,success
18146,2435,2023-12-19,25.00,success
18147,2435,2023-11-19,25.00,success
18148,2435,2023-10-19,25.00,success
18149,2435,2023-09-19,25.00,success
18150,2435,2023-08-19,25.00,success
18151,2435,2023-07-19,25.00,success
18152,2436,2023-11-23,10.00,success
18153,2436,2023-10-23,10.00,success
18154,2436,2023-09-23,10.00,success
18155,2436,2023-08-23,10.00,success
18156,2436,2023-07-23,10.00,success
18157,2436,2023-06-23,10.00,success
18158,2436,2023-05-23,10.00,success
18159,2437,2025-05-01,10.00,failed
18160,2437,2025-04-01,10.00,success
18161,2437,2025-03-01,10.00,success
18162,2437,2025-02-01,10.00,success
18163,2437,2025-01-01,10.00,failed
18164,2437,2024-12-01,10.00,failed
18165,2437,2024-11-01,10.00,success
18166,2437,2024-10-01,10.00,success
18167,2437,2024-09-01,10.00,success
18168,2437,2024-08-01,10.00,success
18169,2437,2024-07-01,10.00,success
18170,2437,2024-06-01,10.00,success
18171,2438,2024-10-30,10.00,success
18172,2438,2024-09-30,10.00,success
18173,2438,2024-08-30,10.00,success
18174,2438,2024-07-30,10.00,success
18175,2438,2024-06-30,10.00,success
18176,2438,2024-05-30,10.00,success
18177,2438,2024-04-30,10.00,success
18178,2439,2024-01-07,60.00,success
18179,2439,2023-12-07,60.00,success
18180,2439,2023-11-07,60.00,success
18181,2439,2023-10-07,60.00,success
18182,2439,2023-09-07,60.00,success
18183,2439,2023-08-07,60.00,success
18184,2439,2023-07-07,60.00,success
18185,2439,2023-06-07,60.00,success
18186,2439,2023-05-07,60.00,failed
18187,2439,2023-04-07,60.00,success
18188,2439,2023-03-07,60.00,success
18189,2439,2023-02-07,60.00,success
18190,2440,2023-12-18,25.00,success
18191,2440,2023-11-18,25.00,success
18192,2440,2023-10-18,25.00,failed
18193,2440,2023-09-18,25.00,success
18194,2440,2023-08-18,25.00,success
18195,2440,2023-07-18,25.00,success
18196,2440,2023-06-18,25.00,success
18197,2440,2023-05-18,25.00,success
18198,2440,2023-04-18,25.00,success
18199,2441,2023-07-04,10.00,success
18200,2441,2023-06-04,10.00,success
18201,2441,2023-05-04,10.00,success
18202,2441,2023-04-04,10.00,success
18203,2441,2023-03-04,10.00,success
18204,2441,2023-02-04,10.00,success
18205,2442,2023-05-21,60.00,success
18206,2442,2023-04-21,60.00,success
18207,2442,2023-03-21,60.00,success
18208,2442,2023-02-21,60.00,success
18209,2443,2023-06-16,10.00,success
18210,2443,2023-05-16,10.00,success
18211,2443,2023-04-16,10.00,success
18212,2444,2024-05-20,10.00,success
18213,2444,2024-04-20,10.00,success
18214,2444,2024-03-20,10.00,success
18215,2444,2024-02-20,10.00,success
18216,2444,2024-01-20,10.00,success
18217,2444,2023-12-20,10.00,success
18218,2444,2023-11-20,10.00,success
18219,2444,2023-10-20,10.00,success
18220,2444,2023-09-20,10.00,success
18221,2444,2023-08-20,10.00,success
18222,2444,2023-07-20,10.00,success
18223,2445,2025-03-16,10.00,failed
18224,2445,2025-02-16,10.00,success
18225,2445,2025-01-16,10.00,success
18226,2445,2024-12-16,10.00,success
18227,2445,2024-11-16,10.00,success
18228,2445,2024-10-16,10.00,success
18229,2445,2024-09-16,10.00,success
18230,2445,2024-08-16,10.00,success
18231,2445,2024-07-16,10.00,success
18232,2445,2024-06-16,10.00,success
18233,2445,2024-05-16,10.00,success
18234,2446,2023-09-22,10.00,success
18235,2446,2023-08-22,10.00,success
18236,2446,2023-07-22,10.00,success
18237,2446,2023-06-22,10.00,success
18238,2446,2023-05-22,10.00,success
18239,2446,2023-04-22,10.00,success
18240,2447,2023-07-21,10.00,success
18241,2447,2023-06-21,10.00,success
18242,2447,2023-05-21,10.00,success
18243,2447,2023-04-21,10.00,success
18244,2448,2023-09-23,25.00,success
18245,2448,2023-08-23,25.00,success
18246,2448,2023-07-23,25.00,success
18247,2448,2023-06-23,25.00,success
18248,2448,2023-05-23,25.00,success
18249,2449,2024-09-15,10.00,success
18250,2449,2024-08-15,10.00,success
18251,2449,2024-07-15,10.00,success
18252,2449,2024-06-15,10.00,success
18253,2449,2024-05-15,10.00,success
18254,2449,2024-04-15,10.00,success
18255,2449,2024-03-15,10.00,success
18256,2449,2024-02-15,10.00,success
18257,2449,2024-01-15,10.00,success
18258,2449,2023-12-15,10.00,success
18259,2449,2023-11-15,10.00,success
18260,2449,2023-10-15,10.00,success
18261,2450,2023-08-20,10.00,success
18262,2450,2023-07-20,10.00,success
18263,2450,2023-06-20,10.00,success
18264,2450,2023-05-20,10.00,success
18265,2450,2023-04-20,10.00,success
18266,2450,2023-03-20,10.00,success
18267,2450,2023-02-20,10.00,success
18268,2451,2023-08-14,10.00,success
18269,2451,2023-07-14,10.00,success
18270,2451,2023-06-14,10.00,success
18271,2452,2024-07-12,10.00,success
18272,2452,2024-06-12,10.00,success
18273,2452,2024-05-12,10.00,success
18274,2452,2024-04-12,10.00,success
18275,2452,2024-03-12,10.00,success
18276,2452,2024-02-12,10.00,failed
18277,2452,2024-01-12,10.00,success
18278,2452,2023-12-12,10.00,success
18279,2452,2023-11-12,10.00,success
18280,2452,2023-10-12,10.00,success
18281,2452,2023-09-12,10.00,success
18282,2452,2023-08-12,10.00,success
18283,2453,2023-09-06,10.00,success
18284,2453,2023-08-06,10.00,success
18285,2454,2024-04-29,25.00,success
18286,2454,2024-03-29,25.00,success
18287,2454,2024-02-29,25.00,success
18288,2454,2024-01-29,25.00,success
18289,2454,2023-12-29,25.00,success
18290,2454,2023-11-29,25.00,success
18291,2454,2023-10-29,25.00,success
18292,2454,2023-09-29,25.00,success
18293,2455,2023-11-15,10.00,success
18294,2455,2023-10-15,10.00,success
18295,2455,2023-09-15,10.00,success
18296,2455,2023-08-15,10.00,success
18297,2455,2023-07-15,10.00,success
18298,2455,2023-06-15,10.00,success
18299,2455,2023-05-15,10.00,success
18300,2455,2023-04-15,10.00,success
18301,2455,2023-03-15,10.00,success
18302,2456,2023-12-21,25.00,success
18303,2456,2023-11-21,25.00,success
18304,2456,2023-10-21,25.00,success
18305,2456,2023-09-21,25.00,success
18306,2456,2023-08-21,25.00,success
18307,2457,2025-03-30,10.00,success
18308,2457,2025-02-28,10.00,success
18309,2457,2025-01-30,10.00,success
18310,2457,2024-12-30,10.00,success
18311,2457,2024-11-30,10.00,success
18312,2457,2024-10-30,10.00,success
18313,2457,2024-09-30,10.00,success
18314,2457,2024-08-30,10.00,success
18315,2457,2024-07-30,10.00,success
18316,2457,2024-06-30,10.00,success
18317,2457,2024-05-30,10.00,success
18318,2458,2024-06-18,25.00,success
18319,2458,2024-05-18,25.00,success
18320,2458,2024-04-18,25.00,success
18321,2458,2024-03-18,25.00,success
18322,2458,2024-02-18,25.00,success
18323,2458,2024-01-18,25.00,success
18324,2458,2023-12-18,25.00,failed
18325,2458,2023-11-18,25.00,success
18326,2458,2023-10-18,25.00,success
18327,2458,2023-09-18,25.00,success
18328,2459,2023-10-01,25.00,success
18329,2459,2023-09-01,25.00,success
18330,2459,2023-08-01,25.00,success
18331,2459,2023-07-01,25.00,success
18332,2459,2023-06-01,25.00,success
18333,2459,2023-05-01,25.00,success
18334,2459,2023-04-01,25.00,success
18335,2460,2023-10-05,10.00,success
18336,2460,2023-09-05,10.00,success
18337,2460,2023-08-05,10.00,success
18338,2461,2024-08-03,60.00,success
18339,2461,2024-07-03,60.00,success
18340,2461,2024-06-03,60.00,success
18341,2461,2024-05-03,60.00,success
18342,2461,2024-04-03,60.00,success
18343,2461,2024-03-03,60.00,success
18344,2461,2024-02-03,60.00,success
18345,2461,2024-01-03,60.00,success
18346,2461,2023-12-03,60.00,success
18347,2462,2025-06-26,10.00,success
18348,2462,2025-05-26,10.00,success
18349,2462,2025-04-26,10.00,success
18350,2462,2025-03-26,10.00,success
18351,2462,2025-02-26,10.00,success
18352,2462,2025-01-26,10.00,success
18353,2462,2024-12-26,10.00,success
18354,2462,2024-11-26,10.00,success
18355,2462,2024-10-26,10.00,success
18356,2462,2024-09-26,10.00,success
18357,2462,2024-08-26,10.00,success
18358,2462,2024-07-26,10.00,failed
18359,2463,2024-02-17,10.00,success
18360,2463,2024-01-17,10.00,success
18361,2463,2023-12-17,10.00,success
18362,2463,2023-11-17,10.00,success
18363,2463,2023-10-17,10.00,success
18364,2463,2023-09-17,10.00,success
18365,2464,2024-11-06,25.00,success
18366,2464,2024-10-06,25.00,success
18367,2464,2024-09-06,25.00,success
18368,2464,2024-08-06,25.00,success
18369,2464,2024-07-06,25.00,success
18370,2464,2024-06-06,25.00,success
18371,2464,2024-05-06,25.00,success
18372,2464,2024-04-06,25.00,failed
18373,2464,2024-03-06,25.00,success
18374,2465,2024-06-20,25.00,success
18375,2465,2024-05-20,25.00,success
18376,2465,2024-04-20,25.00,success
18377,2465,2024-03-20,25.00,success
18378,2465,2024-02-20,25.00,success
18379,2465,2024-01-20,25.00,success
18380,2465,2023-12-20,25.00,success
18381,2465,2023-11-20,25.00,failed
18382,2465,2023-10-20,25.00,failed
18383,2465,2023-09-20,25.00,success
18384,2465,2023-08-20,25.00,success
18385,2465,2023-07-20,25.00,success
18386,2466,2024-10-27,25.00,success
18387,2466,2024-09-27,25.00,success
18388,2466,2024-08-27,25.00,success
18389,2466,2024-07-27,25.00,success
18390,2466,2024-06-27,25.00,success
18391,2466,2024-05-27,25.00,success
18392,2466,2024-04-27,25.00,success
18393,2466,2024-03-27,25.00,success
18394,2466,2024-02-27,25.00,success
18395,2466,2024-01-27,25.00,success
18396,2467,2023-09-17,25.00,success
18397,2467,2023-08-17,25.00,success
18398,2467,2023-07-17,25.00,success
18399,2468,2023-06-12,10.00,success
18400,2468,2023-05-12,10.00,success
18401,2469,2023-09-11,10.00,success
18402,2469,2023-08-11,10.00,success
18403,2469,2023-07-11,10.00,success
18404,2469,2023-06-11,10.00,success
18405,2469,2023-05-11,10.00,success
18406,2469,2023-04-11,10.00,success
18407,2469,2023-03-11,10.00,failed
18408,2470,2024-10-14,10.00,success
18409,2470,2024-09-14,10.00,success
18410,2470,2024-08-14,10.00,failed
18411,2470,2024-07-14,10.00,success
18412,2470,2024-06-14,10.00,success
18413,2470,2024-05-14,10.00,success
18414,2470,2024-04-14,10.00,success
18415,2471,2024-06-15,10.00,success
18416,2471,2024-05-15,10.00,success
18417,2471,2024-04-15,10.00,success
18418,2471,2024-03-15,10.00,success
18419,2471,2024-02-15,10.00,success
18420,2471,2024-01-15,10.00,success
18421,2471,2023-12-15,10.00,success
18422,2471,2023-11-15,10.00,success
18423,2471,2023-10-15,10.00,success
18424,2471,2023-09-15,10.00,success
18425,2471,2023-08-15,10.00,success
18426,2472,2024-06-30,25.00,success
18427,2472,2024-05-31,25.00,success
18428,2472,2024-04-30,25.00,success
18429,2472,2024-03-31,25.00,success
18430,2472,2024-02-29,25.00,success
18431,2472,2024-01-31,25.00,success
18432,2472,2023-12-31,25.00,success
18433,2472,2023-11-30,25.00,success
18434,2472,2023-10-31,25.00,success
18435,2473,2023-12-07,10.00,success
18436,2473,2023-11-07,10.00,success
18437,2473,2023-10-07,10.00,success
18438,2473,2023-09-07,10.00,success
18439,2473,2023-08-07,10.00,success
18440,2474,2023-11-27,25.00,success
18441,2474,2023-10-27,25.00,success
18442,2475,2023-12-31,25.00,success
18443,2475,2023-11-30,25.00,success
18444,2475,2023-10-31,25.00,success
18445,2475,2023-09-30,25.00,success
18446,2475,2023-08-31,25.00,success
18447,2475,2023-07-31,25.00,success
18448,2475,2023-06-30,25.00,success
18449,2475,2023-05-31,25.00,success
18450,2475,2023-04-30,25.00,success
18451,2475,2023-03-31,25.00,success
18452,2475,2023-02-28,25.00,success
18453,2475,2023-01-31,25.00,success
18454,2476,2024-06-17,25.00,success
18455,2476,2024-05-17,25.00,success
18456,2476,2024-04-17,25.00,success
18457,2476,2024-03-17,25.00,failed
18458,2476,2024-02-17,25.00,success
18459,2476,2024-01-17,25.00,success
18460,2476,2023-12-17,25.00,success
18461,2476,2023-11-17,25.00,success
18462,2476,2023-10-17,25.00,success
18463,2477,2025-01-26,25.00,success
18464,2477,2024-12-26,25.00,success
18465,2477,2024-11-26,25.00,success
18466,2477,2024-10-26,25.00,failed
18467,2477,2024-09-26,25.00,success
18468,2477,2024-08-26,25.00,failed
18469,2477,2024-07-26,25.00,success
18470,2477,2024-06-26,25.00,success
18471,2477,2024-05-26,25.00,success
18472,2477,2024-04-26,25.00,success
18473,2477,2024-03-26,25.00,success
18474,2477,2024-02-26,25.00,success
18475,2478,2023-04-14,25.00,success
18476,2478,2023-03-14,25.00,failed
18477,2478,2023-02-14,25.00,success
18478,2479,2024-06-09,25.00,success
18479,2479,2024-05-09,25.00,success
18480,2479,2024-04-09,25.00,success
18481,2480,2024-06-23,25.00,success
18482,2480,2024-05-23,25.00,success
