subscription_id,user_id,plan_type,start_date,end_date,status
1,2,Pro,2023-09-11,2024-04-11,active
2,10,Basic,2023-10-22,2024-05-22,cancelled
3,11,Basic,2023-02-24,2023-11-24,cancelled
4,14,Pro,2023-02-19,2023-12-19,active
5,15,Basic,2023-03-05,2023-04-05,cancelled
6,17,Pro,2023-08-22,2024-02-22,cancelled
7,24,Basic,2023-02-20,2024-01-20,cancelled
8,26,Enterprise,2024-04-07,2025-03-07,cancelled
9,28,Basic,2023-12-10,2024-05-10,active
10,31,Pro,2023-09-15,2024-08-15,active
11,33,Basic,2024-07-03,2025-04-03,cancelled
12,39,Pro,2023-07-29,2024-07-29,active
13,40,Basic,2023-10-27,2024-02-27,cancelled
14,42,Basic,2024-02-18,2024-12-18,cancelled
15,47,Pro,2023-07-23,2024-07-23,cancelled
16,48,Basic,2024-05-31,2025-01-31,active
17,51,Pro,2023-05-08,2023-09-08,active
18,53,Pro,2023-02-28,2023-06-28,active
19,55,Basic,2023-08-05,2023-09-05,cancelled
20,57,Basic,2024-01-18,2024-08-18,cancelled
21,61,Basic,2023-09-16,2023-10-16,active
22,62,Basic,2024-04-24,2024-07-24,active
23,63,Basic,2024-07-08,2024-11-08,cancelled
24,65,Basic,2023-05-07,2024-02-07,active
25,67,Basic,2023-10-17,2024-08-17,active
26,68,Pro,2024-07-01,2024-12-01,cancelled
27,71,Basic,2023-11-03,2024-06-03,cancelled
28,73,Basic,2023-05-02,2024-01-02,cancelled
29,76,Pro,2023-07-05,2024-06-05,cancelled
30,78,Pro,2023-08-14,2024-08-14,active
31,79,Basic,2023-11-19,2024-06-19,active
32,80,Pro,2023-11-02,2023-12-02,active
33,82,Basic,2023-12-10,2024-10-10,cancelled
34,85,Basic,2023-02-03,2024-02-03,active
35,87,Basic,2024-06-14,2024-11-14,cancelled
36,95,Pro,2024-03-29,2024-07-29,cancelled
37,98,Basic,2023-11-21,2024-10-21,active
38,105,Basic,2023-12-12,2024-09-12,active
39,117,Basic,2024-02-11,2024-06-11,active
40,118,Basic,2024-04-03,2024-12-03,cancelled
41,120,Basic,2023-02-05,2023-03-05,cancelled
42,123,Basic,2023-09-16,2024-02-16,cancelled
43,125,Basic,2023-06-30,2023-12-30,active
44,127,Pro,2024-06-03,2025-06-03,active
45,128,Pro,2024-05-14,2025-03-14,cancelled
46,129,Basic,2024-02-14,2024-09-14,cancelled
47,134,Basic,2023-09-12,2024-05-12,cancelled
48,141,Basic,2024-01-24,2024-09-24,cancelled
49,153,Basic,2023-11-22,2024-02-22,cancelled
50,156,Pro,2023-02-14,2024-02-14,cancelled
51,157,Basic,2023-04-05,2024-02-05,active
52,159,Basic,2023-04-22,2023-05-22,cancelled
53,165,Basic,2024-06-06,2025-04-06,cancelled
54,166,Basic,2024-07-03,2024-11-03,cancelled
55,168,Basic,2024-02-29,2025-02-28,active
56,169,Basic,2023-02-17,2023-08-17,cancelled
57,178,Basic,2023-09-26,2024-03-26,cancelled
58,184,Basic,2024-02-13,2024-08-13,active
59,185,Pro,2023-08-29,2024-06-29,cancelled
60,188,Basic,2024-06-26,2024-08-26,cancelled
61,190,Basic,2023-11-22,2024-10-22,cancelled
62,198,Basic,2023-11-25,2024-07-25,cancelled
63,199,Pro,2024-06-25,2024-12-25,active
64,207,Basic,2024-05-26,2024-09-26,active
65,208,Basic,2023-08-15,2024-01-15,cancelled
66,215,Basic,2023-08-22,2023-10-22,cancelled
67,221,Basic,2023-12-07,2024-11-07,active
68,227,Pro,2023-04-20,2023-06-20,active
69,233,Basic,2023-06-09,2024-03-09,active
70,243,Basic,2023-05-23,2024-04-23,cancelled
71,245,Pro,2024-01-16,2025-01-16,active
72,248,Basic,2023-03-17,2023-12-17,active
73,249,Pro,2024-05-02,2024-07-02,cancelled
74,260,Basic,2023-09-16,2024-06-16,active
75,261,Basic,2023-08-22,2024-03-22,cancelled
76,268,Basic,2023-06-16,2024-01-16,cancelled
77,273,Basic,2023-05-22,2024-05-22,cancelled
78,281,Basic,2024-06-22,2024-12-22,cancelled
79,282,Basic,2023-07-18,2023-11-18,cancelled
80,286,Basic,2024-02-22,2025-01-22,cancelled
81,287,Pro,2023-05-12,2023-12-12,active
82,294,Basic,2024-05-15,2025-02-15,cancelled
83,299,Basic,2023-10-17,2024-08-17,active
84,308,Basic,2023-11-02,2024-05-02,cancelled
85,310,Basic,2023-06-12,2023-08-12,cancelled
86,320,Basic,2023-09-28,2024-04-28,cancelled
87,321,Pro,2024-05-29,2024-07-29,cancelled
88,323,Pro,2023-05-28,2024-04-28,cancelled
89,324,Basic,2023-10-02,2024-03-02,active
90,326,Basic,2023-06-04,2023-09-04,active
91,334,Pro,2023-11-04,2024-10-04,active
92,335,Basic,2024-01-31,2024-04-30,active
93,342,Basic,2023-05-21,2024-01-21,cancelled
94,344,Basic,2024-04-15,2025-04-15,active
95,347,Pro,2024-05-25,2024-09-25,active
96,366,Basic,2024-01-10,2025-01-10,active
97,370,Pro,2023-05-09,2024-02-09,cancelled
98,378,Basic,2023-08-24,2024-07-24,active
99,381,Basic,2023-11-04,2024-04-04,active
100,382,Basic,2023-12-20,2024-09-20,cancelled
101,383,Basic,2023-03-24,2023-08-24,active
102,384,Basic,2023-02-15,2023-12-15,cancelled
103,394,Pro,2023-02-26,2023-05-26,active
104,395,Basic,2024-02-01,2024-03-01,active
105,399,Basic,2023-09-28,2024-05-28,cancelled
106,406,Basic,2023-09-08,2024-05-08,cancelled
107,407,Basic,2024-06-22,2024-12-22,cancelled
108,408,Basic,2023-04-05,2024-01-05,cancelled
109,412,Basic,2023-10-22,2024-06-22,cancelled
110,415,Basic,2024-01-20,2024-09-20,active
111,417,Basic,2024-06-21,2024-12-21,active
112,431,Basic,2023-10-31,2024-09-30,cancelled
113,433,Basic,2023-07-20,2023-08-20,cancelled
114,441,Pro,2024-03-16,2024-09-16,cancelled
115,447,Pro,2023-05-14,2023-07-14,cancelled
116,448,Basic,2023-09-06,2024-07-06,cancelled
117,451,Pro,2024-03-16,2024-08-16,cancelled
118,457,Basic,2024-05-05,2024-08-05,active
119,466,Basic,2024-07-07,2025-04-07,cancelled
120,467,Basic,2024-03-28,2024-09-28,active
121,470,Basic,2023-04-14,2024-01-14,active
122,473,Basic,2023-09-24,2024-02-24,cancelled
123,474,Basic,2023-02-01,2023-12-01,active
124,484,Basic,2023-08-14,2024-01-14,active
125,488,Basic,2024-02-12,2024-05-12,cancelled
126,489,Basic,2023-12-31,2024-06-30,cancelled
127,508,Basic,2023-02-14,2023-10-14,active
128,512,Basic,2023-08-15,2024-07-15,cancelled
129,517,Basic,2023-07-18,2023-09-18,cancelled
130,518,Basic,2023-09-10,2024-02-10,cancelled
131,526,Basic,2024-04-21,2025-02-21,active
132,530,Basic,2024-06-02,2024-08-02,active
133,533,Basic,2023-04-14,2023-11-14,active
134,534,Pro,2023-08-27,2024-04-27,cancelled
135,539,Basic,2023-01-21,2023-07-21,cancelled
136,541,Basic,2024-05-08,2024-08-08,cancelled
137,542,Pro,2024-01-27,2024-03-27,cancelled
138,551,Basic,2024-01-13,2024-11-13,cancelled
139,560,Pro,2024-04-25,2024-06-25,active
140,565,Pro,2024-01-13,2024-04-13,cancelled
141,567,Basic,2023-05-16,2023-10-16,active
142,572,Basic,2023-05-20,2023-11-20,cancelled
143,578,Basic,2024-03-10,2024-10-10,cancelled
144,579,Basic,2023-02-03,2024-01-03,active
145,584,Pro,2023-09-01,2024-06-01,active
146,586,Basic,2023-09-22,2024-05-22,cancelled
147,590,Basic,2023-02-05,2023-08-05,cancelled
148,594,Basic,2023-07-06,2024-05-06,active
149,596,Basic,2024-01-28,2024-08-28,cancelled
150,602,Basic,2023-08-31,2023-11-30,cancelled
151,605,Basic,2023-08-04,2024-08-04,cancelled
152,614,Pro,2023-08-21,2024-08-21,cancelled
153,616,Pro,2024-06-13,2024-08-13,cancelled
154,621,Basic,2023-11-11,2024-09-11,active
155,640,Pro,2024-01-22,2024-07-22,active
156,653,Basic,2023-02-20,2023-11-20,cancelled
157,661,Basic,2023-03-28,2023-08-28,active
158,663,Basic,2024-01-11,2024-03-11,cancelled
159,667,Basic,2024-05-22,2024-10-22,cancelled
160,668,Pro,2023-05-30,2023-06-30,active
161,669,Pro,2024-05-07,2024-06-07,active
162,670,Basic,2023-02-24,2023-03-24,cancelled
163,674,Basic,2024-05-27,2024-06-27,cancelled
164,682,Basic,2024-03-25,2025-03-25,active
165,685,Basic,2023-12-24,2024-07-24,cancelled
166,693,Pro,2024-05-30,2024-08-30,cancelled
167,694,Pro,2023-02-22,2023-03-22,cancelled
168,695,Basic,2023-03-24,2023-08-24,cancelled
169,699,Pro,2023-12-04,2024-04-04,cancelled
170,709,Basic,2024-01-21,2024-10-21,cancelled
171,711,Basic,2023-02-01,2023-09-01,cancelled
172,714,Basic,2023-03-13,2024-01-13,cancelled
173,715,Basic,2023-06-27,2024-04-27,cancelled
174,728,Basic,2024-05-10,2024-09-10,cancelled
175,731,Basic,2023-03-29,2024-03-29,active
176,732,Basic,2023-04-02,2024-03-02,cancelled
177,733,Basic,2023-07-17,2024-01-17,cancelled
178,737,Basic,2023-08-12,2023-11-12,cancelled
179,739,Basic,2023-10-20,2023-11-20,active
180,761,Basic,2024-04-30,2024-12-30,active
181,763,Basic,2023-02-12,2024-01-12,cancelled
182,765,Basic,2024-04-18,2024-06-18,active
183,770,Basic,2023-11-13,2024-01-13,cancelled
184,778,Basic,2023-12-26,2024-12-26,active
185,780,Pro,2023-10-14,2024-03-14,active
186,782,Basic,2023-11-16,2024-09-16,active
187,787,Basic,2023-08-07,2023-09-07,cancelled
188,795,Basic,2023-06-23,2023-10-23,active
189,799,Basic,2023-06-10,2023-09-10,cancelled
190,803,Pro,2023-08-08,2023-10-08,cancelled
191,805,Basic,2024-02-20,2024-10-20,cancelled
192,810,Basic,2023-04-08,2024-03-08,active
193,814,Pro,2023-03-13,2023-10-13,active
194,819,Basic,2023-04-30,2024-04-30,cancelled
195,821,Basic,2024-02-23,2024-08-23,cancelled
196,824,Pro,2024-03-10,2024-09-10,active
197,825,Basic,2024-01-06,2024-12-06,active
198,826,Basic,2023-09-24,2024-02-24,cancelled
199,827,Basic,2023-10-11,2024-09-11,cancelled
200,832,Pro,2024-02-27,2024-03-27,active
201,834,Basic,2023-07-11,2024-01-11,cancelled
202,835,Pro,2023-03-16,2023-10-16,active
203,839,Basic,2023-02-22,2023-09-22,active
204,847,Basic,2024-02-26,2025-02-26,active
205,848,Basic,2024-04-18,2025-03-18,cancelled
206,851,Pro,2023-08-24,2023-11-24,cancelled
207,857,Basic,2023-05-26,2023-06-26,cancelled
208,861,Pro,2024-04-08,2024-06-08,active
209,863,Basic,2024-04-19,2024-10-19,cancelled
210,864,Pro,2024-03-26,2024-08-26,active
211,868,Basic,2023-07-01,2023-10-01,cancelled
212,872,Pro,2023-09-10,2024-06-10,active
213,874,Basic,2024-06-08,2024-09-08,cancelled
214,880,Basic,2023-10-23,2024-08-23,cancelled
215,882,Basic,2024-03-20,2024-05-20,active
216,884,Basic,2024-03-27,2025-03-27,active
217,889,Basic,2024-02-26,2025-02-26,cancelled
218,893,Basic,2024-05-17,2024-09-17,cancelled
219,896,Basic,2023-07-01,2024-04-01,cancelled
220,901,Pro,2024-01-16,2024-08-16,cancelled
221,906,Basic,2024-02-11,2024-10-11,active
222,908,Basic,2023-02-23,2023-03-23,active
223,910,Basic,2023-05-27,2023-11-27,cancelled
224,912,Basic,2024-01-01,2024-08-01,active
225,924,Basic,2024-01-03,2024-07-03,cancelled
226,925,Pro,2023-11-24,2024-11-24,cancelled
227,932,Basic,2023-05-13,2024-04-13,cancelled
228,934,Pro,2024-07-01,2024-10-01,active
229,942,Basic,2023-02-07,2023-06-07,cancelled
230,944,Basic,2024-07-25,2025-07-25,cancelled
231,945,Basic,2023-02-20,2023-05-20,cancelled
232,947,Basic,2023-06-24,2023-11-24,cancelled
233,948,Basic,2024-01-24,2024-02-24,active
234,949,Basic,2023-10-12,2024-06-12,cancelled
235,956,Basic,2023-08-11,2024-01-11,cancelled
236,960,Pro,2023-02-23,2023-07-23,active
237,963,Basic,2023-03-14,2023-10-14,cancelled
238,967,Pro,2023-07-15,2023-11-15,cancelled
239,968,Pro,2024-03-22,2025-03-22,cancelled
240,972,Basic,2023-02-21,2023-04-21,active
241,974,Pro,2023-03-18,2023-08-18,cancelled
242,975,Basic,2024-04-13,2024-06-13,cancelled
243,979,Basic,2024-02-10,2024-07-10,active
244,981,Pro,2024-03-01,2024-09-01,active
245,986,Pro,2024-07-01,2025-04-01,active
246,987,Basic,2024-02-05,2024-03-05,cancelled
247,991,Basic,2023-06-12,2023-08-12,cancelled
248,993,Basic,2023-11-20,2024-04-20,active
249,1004,Basic,2024-07-03,2024-08-03,cancelled
250,1017,Basic,2024-03-08,2024-10-08,cancelled
251,1020,Basic,2023-08-15,2024-04-15,cancelled
252,1023,Basic,2023-08-12,2024-01-12,cancelled
253,1026,Basic,2023-02-18,2023-12-18,active
254,1033,Basic,2024-06-04,2025-03-04,cancelled
255,1046,Basic,2023-12-25,2024-01-25,cancelled
256,1048,Pro,2024-03-13,2024-04-13,cancelled
257,1051,Basic,2023-11-04,2023-12-04,cancelled
258,1052,Basic,2023-07-20,2024-02-20,active
259,1056,Basic,2024-03-17,2025-01-17,cancelled
260,1064,Basic,2024-04-05,2025-04-05,cancelled
261,1068,Basic,2023-06-19,2024-03-19,active
262,1070,Basic,2024-01-27,2024-12-27,cancelled
263,1078,Basic,2024-02-01,2024-09-01,cancelled
264,1094,Basic,2023-08-07,2024-06-07,cancelled
265,1117,Pro,2023-12-07,2024-02-07,cancelled
266,1118,Basic,2023-10-20,2024-04-20,active
267,1119,Basic,2023-03-02,2024-03-02,active
268,1128,Basic,2023-10-29,2024-07-29,cancelled
269,1135,Basic,2023-11-07,2024-11-07,cancelled
270,1138,Basic,2023-12-20,2024-07-20,cancelled
271,1139,Basic,2023-04-11,2023-10-11,active
272,1142,Pro,2023-09-13,2024-08-13,active
273,1145,Basic,2023-12-28,2024-02-28,active
274,1147,Basic,2024-04-17,2025-01-17,active
275,1148,Pro,2023-10-29,2023-11-29,cancelled
276,1161,Pro,2023-09-01,2024-07-01,cancelled
277,1165,Pro,2023-08-25,2024-04-25,active
278,1169,Pro,2023-09-23,2024-07-23,cancelled
279,1171,Basic,2023-09-04,2024-08-04,cancelled
280,1174,Basic,2023-07-29,2024-03-29,cancelled
281,1175,Basic,2023-03-24,2024-01-24,cancelled
282,1176,Pro,2023-12-23,2024-08-23,cancelled
283,1178,Basic,2024-06-21,2024-10-21,cancelled
284,1180,Basic,2023-12-26,2024-06-26,cancelled
285,1181,Basic,2023-09-23,2024-07-23,cancelled
286,1182,Basic,2023-11-08,2023-12-08,cancelled
287,1187,Basic,2023-01-14,2023-04-14,cancelled
288,1189,Pro,2024-02-19,2024-08-19,active
289,1191,Basic,2023-08-29,2024-04-29,active
290,1197,Basic,2024-04-16,2024-06-16,cancelled
291,1201,Basic,2024-05-24,2025-05-24,active
292,1208,Basic,2023-03-20,2024-02-20,active
293,1209,Basic,2024-04-20,2024-06-20,active
294,1225,Basic,2023-12-25,2024-05-25,active
295,1228,Pro,2024-03-06,2025-03-06,cancelled
296,1245,Basic,2023-09-11,2024-04-11,cancelled
297,1247,Basic,2024-05-28,2024-08-28,active
298,1255,Basic,2023-02-10,2023-10-10,cancelled
299,1258,Basic,2023-05-11,2024-03-11,cancelled
300,1262,Pro,2023-05-13,2023-08-13,cancelled
301,1270,Basic,2024-03-31,2024-05-31,active
302,1276,Pro,2023-08-24,2024-05-24,active
303,1279,Basic,2024-03-11,2025-02-11,cancelled
304,1280,Basic,2023-05-13,2023-08-13,cancelled
305,1281,Pro,2023-09-25,2024-02-25,active
306,1283,Basic,2024-02-18,2024-06-18,cancelled
307,1290,Basic,2023-12-22,2024-01-22,cancelled
308,1294,Basic,2023-03-23,2023-12-23,cancelled
309,1302,Basic,2023-12-30,2024-04-30,cancelled
310,1305,Basic,2023-08-27,2024-04-27,active
311,1313,Pro,2023-09-13,2024-07-13,active
312,1323,Basic,2023-06-29,2023-10-29,active
313,1325,Pro,2024-06-01,2024-10-01,active
314,1327,Pro,2023-07-31,2024-02-29,active
315,1329,Pro,2024-06-26,2025-01-26,active
316,1331,Basic,2023-05-21,2023-10-21,cancelled
317,1332,Pro,2024-05-12,2025-02-12,active
318,1336,Pro,2023-12-20,2024-09-20,cancelled
319,1349,Basic,2023-04-08,2023-11-08,cancelled
320,1350,Pro,2023-04-24,2023-09-24,cancelled
321,1353,Basic,2023-03-04,2023-10-04,cancelled
322,1355,Basic,2023-05-12,2023-10-12,cancelled
323,1360,Basic,2023-11-15,2024-10-15,active
324,1363,Basic,2024-04-18,2024-08-18,cancelled
325,1367,Pro,2023-06-11,2024-06-11,cancelled
326,1373,Pro,2023-07-15,2023-11-15,cancelled
327,1375,Basic,2023-04-14,2024-03-14,cancelled
328,1378,Basic,2023-05-25,2023-11-25,active
329,1379,Pro,2023-12-08,2024-09-08,active
330,1385,Basic,2023-06-07,2024-01-07,cancelled
331,1387,Pro,2023-10-25,2024-05-25,cancelled
332,1391,Basic,2023-06-03,2024-06-03,active
333,1392,Basic,2023-09-14,2023-11-14,cancelled
334,1393,Pro,2023-09-03,2024-02-03,active
335,1397,Basic,2024-05-13,2024-10-13,active
336,1399,Basic,2023-07-01,2023-09-01,cancelled
337,1400,Pro,2024-03-12,2025-02-12,cancelled
338,1401,Basic,2023-07-17,2023-08-17,cancelled
339,1404,Pro,2023-08-25,2024-02-25,active
340,1405,Basic,2023-04-14,2023-05-14,active
341,1409,Pro,2023-01-21,2024-01-21,active
342,1414,Basic,2023-03-05,2023-10-05,cancelled
343,1417,Pro,2023-06-07,2024-03-07,cancelled
344,1425,Pro,2023-05-05,2024-01-05,active
345,1431,Basic,2023-02-09,2024-01-09,cancelled
346,1432,Enterprise,2024-07-21,2025-03-21,active
347,1439,Basic,2023-04-06,2023-08-06,active
348,1441,Basic,2024-07-09,2025-02-09,cancelled
349,1449,Pro,2024-05-27,2025-03-27,active
350,1450,Basic,2023-04-23,2024-04-23,active
351,1458,Pro,2024-04-27,2024-10-27,cancelled
352,1462,Basic,2024-02-03,2024-03-03,active
353,1480,Pro,2023-03-23,2023-05-23,active
354,1483,Basic,2024-06-22,2025-05-22,cancelled
355,1485,Basic,2023-02-20,2023-09-20,cancelled
356,1488,Pro,2024-01-23,2024-02-23,cancelled
357,1489,Basic,2024-03-31,2025-01-31,cancelled
358,1495,Basic,2024-05-04,2024-06-04,cancelled
359,1496,Pro,2023-04-07,2023-11-07,cancelled
360,1498,Pro,2023-12-27,2024-02-27,cancelled
361,1500,Pro,2023-08-07,2023-11-07,cancelled
362,1501,Basic,2023-03-21,2023-08-21,cancelled
363,1506,Pro,2023-10-09,2024-08-09,cancelled
364,1509,Basic,2023-08-09,2024-06-09,cancelled
365,1511,Basic,2023-03-09,2024-03-09,cancelled
366,1518,Basic,2024-04-07,2024-05-07,cancelled
367,1526,Pro,2024-03-13,2024-07-13,cancelled
368,1528,Basic,2023-12-10,2024-12-10,cancelled
369,1531,Pro,2024-06-20,2024-10-20,cancelled
370,1538,Basic,2023-08-03,2024-05-03,active
371,1542,Pro,2023-11-27,2024-06-27,cancelled
372,1544,Pro,2023-04-13,2023-10-13,cancelled
373,1545,Pro,2023-02-28,2023-07-28,cancelled
374,1550,Basic,2023-05-22,2023-09-22,active
375,1555,Basic,2023-08-05,2023-12-05,cancelled
376,1558,Pro,2023-07-01,2023-09-01,active
377,1559,Basic,2023-07-30,2023-10-30,cancelled
378,1569,Basic,2023-06-23,2023-11-23,active
379,1570,Basic,2023-04-01,2024-03-01,active
380,1577,Basic,2023-05-31,2023-06-30,cancelled
381,1580,Basic,2024-07-13,2024-12-13,cancelled
382,1583,Pro,2023-08-04,2023-11-04,cancelled
383,1586,Pro,2024-04-09,2024-11-09,active
384,1592,Pro,2023-04-25,2023-09-25,cancelled
385,1609,Basic,2023-11-11,2024-06-11,cancelled
386,1613,Basic,2023-07-12,2024-05-12,cancelled
387,1616,Basic,2023-10-24,2024-04-24,active
388,1618,Basic,2023-09-06,2024-07-06,cancelled
389,1622,Basic,2024-05-20,2025-01-20,cancelled
390,1623,Basic,2023-12-10,2024-11-10,cancelled
391,1625,Basic,2024-04-04,2024-11-04,cancelled
392,1628,Pro,2023-05-18,2024-05-18,active
393,1630,Basic,2023-11-12,2024-09-12,active
394,1636,Basic,2023-05-07,2024-03-07,cancelled
395,1637,Basic,2024-03-09,2024-11-09,active
396,1639,Pro,2023-03-17,2023-07-17,cancelled
397,1642,Pro,2023-06-02,2023-09-02,active
398,1659,Basic,2023-08-20,2023-09-20,cancelled
399,1661,Basic,2023-09-07,2024-03-07,cancelled
400,1670,Pro,2024-05-22,2024-07-22,active
401,1680,Pro,2023-07-19,2023-11-19,cancelled
402,1684,Basic,2024-03-31,2024-08-31,cancelled
403,1686,Basic,2023-09-06,2024-01-06,cancelled
404,1688,Pro,2024-06-01,2024-09-01,active
405,1692,Pro,2023-05-05,2023-06-05,cancelled
406,1695,Basic,2024-04-08,2024-07-08,active
407,1699,Pro,2024-01-01,2024-05-01,cancelled
408,1701,Pro,2023-06-23,2023-07-23,cancelled
409,1703,Basic,2023-04-06,2023-11-06,cancelled
410,1704,Basic,2023-09-05,2024-08-05,cancelled
411,1708,Basic,2023-09-10,2024-07-10,cancelled
412,1712,Basic,2023-10-19,2024-05-19,cancelled
413,1715,Basic,2023-09-09,2023-12-09,cancelled
414,1717,Pro,2023-11-18,2024-02-18,active
415,1718,Basic,2023-07-30,2024-03-30,cancelled
416,1720,Basic,2023-07-20,2023-08-20,cancelled
417,1731,Pro,2023-02-03,2024-01-03,cancelled
418,1732,Basic,2023-02-25,2023-03-25,active
419,1734,Basic,2023-10-05,2024-07-05,cancelled
420,1735,Basic,2024-07-02,2024-12-02,cancelled
421,1739,Basic,2024-04-22,2025-04-22,cancelled
422,1743,Pro,2023-11-03,2024-01-03,active
423,1745,Basic,2023-07-05,2024-01-05,cancelled
424,1746,Basic,2024-03-03,2025-03-03,active
425,1752,Basic,2024-05-12,2025-01-12,active
426,1754,Pro,2024-05-13,2024-08-13,active
427,1757,Pro,2024-05-11,2024-10-11,cancelled
428,1761,Basic,2023-12-19,2024-01-19,cancelled
429,1763,Pro,2024-06-03,2024-10-03,cancelled
430,1764,Basic,2023-10-19,2024-01-19,cancelled
431,1767,Pro,2023-05-31,2023-09-30,cancelled
432,1769,Basic,2023-10-24,2024-09-24,cancelled
433,1774,Basic,2023-04-03,2024-03-03,cancelled
434,1779,Basic,2023-04-02,2024-03-02,active
435,1780,Basic,2023-10-09,2023-11-09,cancelled
436,1783,Pro,2024-05-02,2024-07-02,cancelled
437,1787,Pro,2023-05-29,2023-10-29,active
438,1789,Basic,2023-05-04,2023-11-04,active
439,1791,Basic,2024-05-15,2025-02-15,cancelled
440,1794,Basic,2023-05-13,2023-12-13,cancelled
441,1796,Pro,2023-03-20,2023-12-20,active
442,1797,Basic,2023-08-07,2024-03-07,active
443,1800,Pro,2024-06-23,2025-01-23,active
444,1802,Basic,2023-06-26,2024-05-26,cancelled
445,1808,Pro,2023-11-06,2024-04-06,active
446,1809,Basic,2023-11-07,2024-03-07,cancelled
447,1811,Basic,2023-04-05,2024-02-05,active
448,1826,Pro,2023-05-16,2023-12-16,active
449,1831,Basic,2023-03-07,2023-11-07,cancelled
450,1842,Basic,2023-02-01,2023-11-01,cancelled
451,1846,Basic,2024-06-20,2024-07-20,active
452,1847,Pro,2024-07-14,2025-05-14,cancelled
453,1848,Basic,2023-06-06,2023-10-06,active
454,1850,Pro,2023-02-23,2023-10-23,cancelled
455,1852,Enterprise,2024-03-17,2024-05-17,cancelled
456,1855,Pro,2023-09-06,2024-02-06,active
457,1856,Pro,2023-05-14,2024-03-14,active
458,1858,Basic,2023-04-18,2023-12-18,active
459,1865,Basic,2024-03-01,2024-05-01,cancelled
460,1866,Basic,2024-04-06,2025-03-06,cancelled
461,1875,Basic,2023-02-20,2023-11-20,cancelled
462,1879,Basic,2023-05-01,2023-10-01,active
463,1880,Basic,2023-08-11,2024-07-11,active
464,1887,Basic,2023-11-24,2024-01-24,active
465,1888,Pro,2023-05-19,2023-08-19,cancelled
466,1890,Pro,2024-04-24,2025-04-24,cancelled
467,1896,Basic,2024-01-21,2024-08-21,cancelled
468,1898,Basic,2023-11-03,2024-09-03,cancelled
469,1902,Pro,2023-05-21,2024-02-21,active
470,1905,Pro,2023-12-20,2024-01-20,cancelled
471,1906,Pro,2023-12-04,2024-03-04,cancelled
472,1912,Basic,2023-02-23,2024-02-23,active
473,1918,Basic,2024-03-13,2025-01-13,active
474,1919,Basic,2024-06-01,2025-01-01,cancelled
475,1920,Basic,2023-03-20,2023-10-20,cancelled
476,1923,Pro,2023-07-01,2024-02-01,cancelled
477,1925,Basic,2023-09-24,2024-01-24,cancelled
478,1927,Pro,2023-10-19,2024-04-19,active
479,1932,Basic,2023-06-28,2024-05-28,cancelled
480,1934,Basic,2023-11-01,2024-09-01,cancelled
481,1936,Basic,2023-12-04,2024-02-04,cancelled
482,1947,Basic,2023-07-17,2023-12-17,cancelled
483,1949,Basic,2024-01-23,2024-12-23,cancelled
484,1950,Pro,2023-05-13,2023-12-13,cancelled
485,1958,Basic,2023-01-29,2023-06-29,active
486,1960,Basic,2023-10-12,2024-08-12,active
487,1962,Basic,2023-03-04,2023-04-04,active
488,1963,Basic,2023-06-21,2024-06-21,cancelled
489,1964,Pro,2023-07-19,2024-01-19,cancelled
490,1971,Pro,2023-10-02,2024-09-02,cancelled
491,1976,Basic,2023-05-10,2024-03-10,cancelled
492,1977,Basic,2023-03-09,2023-10-09,cancelled
493,1978,Basic,2024-02-27,2024-07-27,cancelled
494,1980,Basic,2024-06-30,2025-03-30,cancelled
495,1981,Basic,2024-02-01,2024-04-01,active
496,1982,Pro,2023-04-19,2023-12-19,cancelled
497,1984,Basic,2024-04-20,2024-11-20,active
498,1988,Basic,2023-06-21,2023-07-21,cancelled
499,1995,Pro,2023-09-18,2024-09-18,cancelled
500,2003,Basic,2023-08-10,2023-12-10,active
501,2004,Pro,2023-10-22,2024-08-22,active
502,2010,Pro,2023-12-17,2024-11-17,active
503,2014,Basic,2023-07-17,2024-03-17,cancelled
504,2020,Basic,2023-12-05,2024-07-05,active
505,2021,Basic,2024-04-28,2024-09-28,cancelled
506,2022,Pro,2024-05-20,2024-12-20,cancelled
507,2023,Basic,2023-02-18,2023-09-18,active
508,2024,Pro,2023-02-10,2023-12-10,cancelled
509,2035,Pro,2023-06-03,2024-03-03,cancelled
510,2039,Basic,2024-07-12,2024-08-12,cancelled
511,2044,Basic,2023-03-23,2023-07-23,cancelled
512,2064,Basic,2024-06-02,2024-12-02,cancelled
513,2068,Basic,2023-01-24,2023-04-24,active
514,2071,Basic,2023-09-17,2024-04-17,active
515,2073,Pro,2023-12-11,2024-04-11,active
516,2080,Pro,2023-08-24,2023-11-24,cancelled
517,2083,Pro,2024-03-06,2024-12-06,cancelled
518,2096,Pro,2023-09-05,2024-04-05,active
519,2097,Basic,2023-04-01,2024-04-01,cancelled
520,2100,Basic,2023-11-22,2024-10-22,active
521,2104,Pro,2024-02-23,2024-10-23,cancelled
522,2107,Basic,2023-10-18,2024-03-18,active
523,2108,Basic,2023-05-26,2023-06-26,cancelled
524,2112,Basic,2023-07-05,2024-03-05,cancelled
525,2113,Basic,2024-01-15,2024-02-15,cancelled
526,2115,Pro,2024-07-12,2025-06-12,cancelled
527,2116,Basic,2023-03-19,2024-01-19,active
528,2122,Pro,2023-05-29,2024-03-29,cancelled
529,2129,Basic,2023-05-17,2023-06-17,active
530,2135,Basic,2024-03-02,2024-05-02,cancelled
531,2153,Basic,2024-03-19,2024-10-19,cancelled
532,2158,Basic,2023-08-24,2024-03-24,cancelled
533,2164,Basic,2024-05-29,2024-12-29,cancelled
534,2166,Basic,2023-10-10,2024-09-10,active
535,2176,Basic,2023-07-07,2023-12-07,active
536,2177,Basic,2024-01-20,2024-12-20,active
537,2181,Basic,2024-07-06,2025-01-06,cancelled
538,2190,Basic,2024-01-08,2024-11-08,active
539,2194,Pro,2023-07-13,2024-01-13,active
540,2215,Basic,2023-09-08,2024-08-08,active
541,2224,Basic,2024-03-20,2024-12-20,active
542,2229,Pro,2023-10-26,2024-04-26,active
543,2232,Basic,2023-05-30,2024-02-29,cancelled
544,2240,Basic,2023-10-23,2024-08-23,cancelled
545,2241,Basic,2023-10-17,2024-09-17,active
546,2246,Pro,2023-12-30,2024-02-29,cancelled
547,2248,Basic,2023-12-02,2024-10-02,active
548,2254,Basic,2024-04-26,2024-08-26,cancelled
549,2260,Pro,2023-04-14,2023-08-14,active
550,2261,Pro,2023-03-08,2023-06-08,cancelled
551,2265,Basic,2024-03-21,2024-09-21,active
552,2266,Basic,2023-06-23,2024-02-23,cancelled
553,2267,Pro,2023-06-18,2023-11-18,cancelled
554,2268,Basic,2023-07-08,2024-03-08,active
555,2269,Basic,2024-04-26,2024-10-26,cancelled
556,2284,Pro,2023-12-29,2024-04-29,cancelled
557,2286,Basic,2023-12-24,2024-02-24,cancelled
558,2290,Pro,2023-07-06,2024-03-06,cancelled
559,2295,Basic,2023-12-06,2024-05-06,cancelled
560,2297,Enterprise,2024-01-17,2025-01-17,active
561,2309,Pro,2023-01-28,2023-07-28,active
562,2311,Basic,2023-06-10,2023-11-10,cancelled
563,2316,Basic,2023-03-06,2023-08-06,cancelled
564,2318,Pro,2024-03-07,2024-11-07,cancelled
565,2321,Basic,2023-12-24,2024-07-24,cancelled
566,2353,Pro,2024-05-31,2025-05-31,cancelled
567,2355,Basic,2024-05-02,2025-05-02,cancelled
568,2358,Pro,2023-05-30,2023-11-30,cancelled
569,2364,Pro,2023-03-21,2024-03-21,cancelled
570,2365,Basic,2023-07-06,2024-07-06,active
571,2370,Basic,2024-01-13,2025-01-13,active
572,2382,Basic,2023-03-26,2024-01-26,cancelled
573,2383,Basic,2023-02-04,2024-02-04,cancelled
574,2386,Basic,2024-01-15,2025-01-15,cancelled
575,2390,Pro,2023-12-20,2024-08-20,active
576,2402,Basic,2023-03-12,2023-04-12,cancelled
577,2405,Pro,2023-12-19,2024-03-19,active
578,2406,Basic,2023-09-12,2023-11-12,cancelled
579,2417,Basic,2023-07-26,2024-04-26,cancelled
580,2418,Pro,2023-09-22,2024-06-22,cancelled
581,2423,Basic,2023-09-04,2024-02-04,active
582,2424,Basic,2024-02-12,2024-07-12,cancelled
583,2430,Pro,2023-04-21,2023-06-21,active
584,2435,Pro,2024-07-02,2025-01-02,cancelled
585,2436,Basic,2023-07-21,2024-07-21,cancelled
586,2438,Basic,2024-06-04,2025-02-04,active
587,2441,Basic,2023-08-19,2024-05-19,cancelled
588,2443,Pro,2024-07-15,2025-06-15,cancelled
589,2444,Pro,2023-06-17,2023-10-17,active
590,2446,Basic,2023-08-15,2024-07-15,cancelled
591,2454,Pro,2024-03-25,2024-04-25,active
592,2458,Basic,2023-10-17,2024-03-17,active
593,2469,Basic,2024-05-11,2025-05-11,active
594,2472,Basic,2024-03-11,2025-02-11,cancelled
595,2473,Pro,2023-11-02,2024-08-02,active
596,2481,Basic,2023-07-11,2024-01-11,cancelled
597,2482,Basic,2023-11-05,2024-01-05,cancelled
598,2488,Pro,2024-06-27,2025-03-27,cancelled
599,2493,Basic,2023-06-28,2023-10-28,cancelled
600,2497,Basic,2023-07-20,2023-11-20,cancelled
601,2509,Basic,2023-01-31,2023-08-31,cancelled
602,2510,Basic,2023-03-22,2023-08-22,cancelled
603,2513,Basic,2024-02-25,2024-04-25,cancelled
604,2514,Pro,2024-01-04,2024-08-04,active
605,2519,Basic,2023-02-07,2023-11-07,active
606,2520,Basic,2023-03-07,2023-12-07,cancelled
607,2526,Pro,2023-02-19,2023-08-19,cancelled
608,2529,Basic,2023-06-09,2023-08-09,active
609,2533,Pro,2023-11-20,2024-05-20,active
610,2538,Basic,2023-06-20,2023-10-20,active
611,2539,Basic,2023-10-03,2024-02-03,active
612,2544,Pro,2023-10-21,2024-03-21,cancelled
613,2547,Basic,2024-07-10,2025-06-10,active
614,2550,Basic,2023-04-20,2023-07-20,cancelled
615,2553,Pro,2023-08-18,2024-05-18,cancelled
616,2557,Pro,2023-12-21,2024-02-21,active
617,2559,Basic,2023-03-13,2023-12-13,cancelled
618,2560,Basic,2023-07-21,2024-06-21,active
619,2578,Basic,2023-10-03,2024-07-03,active
620,2579,Pro,2023-04-11,2023-08-11,active
621,2582,Pro,2023-04-11,2023-12-11,cancelled
622,2594,Basic,2024-03-02,2025-01-02,active
623,2598,Basic,2024-02-06,2024-05-06,cancelled
624,2600,Pro,2024-06-28,2024-10-28,cancelled
625,2602,Basic,2023-10-10,2023-11-10,active
626,2611,Pro,2024-07-21,2025-03-21,active
627,2623,Basic,2024-01-22,2025-01-22,active
628,2626,Basic,2023-12-31,2024-02-29,cancelled
629,2628,Basic,2024-01-21,2024-05-21,cancelled
630,2635,Basic,2024-05-02,2024-06-02,cancelled
631,2646,Basic,2024-02-21,2024-08-21,active
632,2660,Pro,2023-12-02,2024-10-02,active
633,2664,Basic,2024-05-11,2025-03-11,cancelled
634,2669,Pro,2023-04-24,2023-05-24,active
635,2681,Basic,2023-03-05,2023-08-05,cancelled
636,2691,Basic,2024-05-11,2025-01-11,active
637,2695,Basic,2024-05-30,2024-10-30,cancelled
638,2711,Pro,2023-01-23,2023-02-23,active
639,2713,Pro,2024-02-08,2025-01-08,cancelled
640,2715,Basic,2023-09-15,2023-10-15,cancelled
641,2717,Pro,2024-07-01,2025-07-01,active
642,2721,Basic,2023-08-05,2024-04-05,cancelled
643,2730,Basic,2023-03-26,2023-11-26,active
644,2733,Basic,2024-06-21,2024-10-21,cancelled
645,2738,Basic,2023-04-07,2023-11-07,cancelled
646,2746,Basic,2023-11-11,2024-09-11,cancelled
647,2747,Basic,2024-05-31,2024-07-31,cancelled
648,2759,Pro,2024-01-05,2024-06-05,active
649,2761,Basic,2024-01-15,2024-06-15,active
650,2764,Basic,2023-04-14,2024-04-14,active
651,2766,Basic,2024-06-22,2025-05-22,cancelled
652,2768,Basic,2023-07-04,2023-12-04,cancelled
653,2769,Pro,2024-06-10,2025-06-10,cancelled
654,2773,Basic,2024-02-19,2024-07-19,active
655,2774,Pro,2023-03-29,2023-05-29,cancelled
656,2775,Basic,2024-01-15,2024-09-15,cancelled
657,2785,Basic,2023-05-25,2024-05-25,active
658,2786,Basic,2023-06-07,2024-01-07,active
659,2794,Basic,2023-04-07,2024-04-07,active
660,2796,Basic,2023-06-29,2024-02-29,active
661,2809,Pro,2023-05-22,2023-10-22,cancelled
662,2811,Basic,2024-07-21,2024-08-21,active
663,2816,Basic,2024-03-29,2024-11-29,cancelled
664,2819,Pro,2024-03-10,2024-10-10,active
665,2823,Pro,2024-04-30,2024-06-30,cancelled
666,2825,Pro,2023-12-05,2024-04-05,cancelled
667,2830,Basic,2023-07-12,2023-08-12,cancelled
668,2832,Pro,2023-11-21,2024-07-21,active
669,2834,Basic,2024-02-17,2024-05-17,cancelled
670,2842,Basic,2024-02-18,2024-04-18,cancelled
671,2846,Pro,2024-03-08,2025-01-08,cancelled
672,2847,Basic,2024-06-04,2024-10-04,cancelled
673,2851,Pro,2023-12-12,2024-05-12,cancelled
674,2853,Pro,2024-02-18,2024-05-18,cancelled
675,2854,Pro,2024-03-08,2024-07-08,active
676,2866,Pro,2024-01-28,2024-02-28,active
677,2872,Basic,2023-06-04,2023-12-04,active
678,2874,Basic,2024-04-12,2025-03-12,cancelled
679,2875,Pro,2023-12-11,2024-10-11,cancelled
680,2876,Basic,2023-11-24,2024-10-24,cancelled
681,2879,Basic,2024-02-28,2024-09-28,cancelled
682,2880,Pro,2024-01-04,2024-06-04,active
683,2888,Basic,2023-11-27,2024-04-27,active
684,2893,Basic,2023-08-03,2023-11-03,active
685,2897,Basic,2024-01-14,2024-06-14,active
686,2903,Basic,2024-04-18,2024-07-18,cancelled
687,2914,Basic,2024-01-17,2024-02-17,active
688,2919,Pro,2024-06-23,2024-09-23,active
689,2921,Pro,2023-03-16,2023-05-16,active
690,2928,Pro,2023-03-28,2023-11-28,active
691,2930,Pro,2023-02-17,2023-10-17,cancelled
692,2931,Pro,2023-09-11,2024-09-11,cancelled
693,2939,Pro,2023-01-21,2023-12-21,cancelled
694,2947,Pro,2023-09-05,2023-12-05,cancelled
695,2950,Basic,2023-11-05,2024-04-05,cancelled
696,2954,Basic,2023-12-19,2024-02-19,cancelled
697,2962,Basic,2024-07-28,2024-12-28,active
698,2964,Basic,2023-04-07,2024-01-07,cancelled
699,2971,Basic,2024-01-10,2024-07-10,cancelled
700,2973,Basic,2023-12-09,2024-06-09,cancelled
701,2978,Pro,2024-03-30,2024-04-30,active
702,2981,Pro,2023-12-07,2024-07-07,active
703,2989,Basic,2023-11-21,2024-08-21,active
704,2994,Pro,2023-03-12,2023-04-12,active
705,2998,Pro,2024-03-09,2024-10-09,active
706,3001,Basic,2024-04-06,2025-03-06,cancelled
707,3005,Basic,2023-03-20,2023-09-20,active
708,3008,Pro,2024-05-01,2025-03-01,cancelled
709,3011,Basic,2023-07-02,2024-05-02,active
710,3015,Basic,2023-12-22,2024-02-22,active
711,3019,Basic,2024-03-07,2025-03-07,cancelled
712,3026,Pro,2023-10-14,2024-08-14,cancelled
713,3030,Pro,2024-06-15,2025-05-15,cancelled
714,3035,Basic,2024-01-31,2024-09-30,cancelled
715,3039,Basic,2023-04-10,2023-12-10,cancelled
716,3046,Pro,2023-09-06,2024-06-06,cancelled
717,3047,Basic,2024-02-06,2024-11-06,active
718,3048,Pro,2024-06-14,2025-03-14,active
719,3050,Basic,2023-12-14,2024-02-14,active
720,3052,Pro,2024-06-19,2025-04-19,cancelled
721,3061,Basic,2024-05-10,2025-03-10,cancelled
722,3065,Pro,2023-03-29,2023-10-29,cancelled
723,3066,Basic,2024-04-22,2025-04-22,cancelled
724,3069,Pro,2024-06-20,2024-10-20,active
725,3081,Basic,2024-04-03,2024-06-03,active
726,3082,Pro,2024-01-14,2024-12-14,cancelled
727,3086,Basic,2023-12-15,2024-05-15,cancelled
728,3095,Basic,2023-03-27,2023-08-27,active
729,3100,Basic,2023-06-14,2024-03-14,cancelled
730,3127,Pro,2024-05-20,2024-06-20,active
731,3129,Basic,2024-02-14,2025-01-14,active
732,3134,Pro,2023-08-27,2024-04-27,active
733,3135,Basic,2024-05-17,2025-04-17,cancelled
734,3145,Pro,2024-01-20,2024-09-20,active
735,3152,Basic,2024-03-31,2025-03-31,cancelled
736,3156,Pro,2024-04-05,2024-07-05,active
737,3157,Basic,2024-01-06,2024-05-06,active
738,3159,Basic,2023-12-17,2024-02-17,active
739,3161,Pro,2024-02-03,2024-04-03,active
740,3162,Basic,2023-10-14,2024-03-14,active
741,3165,Basic,2023-02-17,2023-04-17,cancelled
742,3166,Basic,2024-04-20,2025-01-20,active
743,3171,Basic,2024-01-06,2024-09-06,cancelled
744,3172,Pro,2023-09-25,2024-05-25,active
745,3173,Basic,2023-06-04,2024-05-04,cancelled
746,3174,Pro,2023-06-08,2024-06-08,active
747,3177,Basic,2024-05-03,2025-02-03,cancelled
748,3183,Basic,2024-05-29,2024-07-29,cancelled
749,3190,Basic,2023-05-04,2023-08-04,cancelled
750,3194,Basic,2023-10-04,2024-06-04,cancelled
751,3195,Basic,2024-01-22,2024-06-22,active
752,3203,Pro,2023-11-14,2023-12-14,active
753,3207,Basic,2024-05-31,2024-12-31,cancelled
754,3210,Basic,2023-09-10,2023-11-10,cancelled
755,3215,Basic,2023-08-30,2024-03-30,active
756,3219,Basic,2024-03-08,2024-10-08,cancelled
757,3222,Basic,2024-04-26,2024-11-26,cancelled
758,3226,Basic,2023-11-09,2024-02-09,cancelled
759,3230,Basic,2023-10-07,2024-07-07,cancelled
760,3231,Basic,2024-05-01,2024-07-01,active
761,3233,Pro,2024-07-08,2025-01-08,active
762,3235,Basic,2023-04-25,2023-08-25,active
763,3239,Basic,2023-07-20,2024-01-20,cancelled
764,3241,Pro,2023-12-11,2024-11-11,cancelled
765,3243,Pro,2023-07-10,2024-05-10,active
766,3247,Pro,2023-09-07,2023-11-07,cancelled
767,3261,Basic,2023-05-17,2023-08-17,cancelled
768,3262,Pro,2023-03-22,2023-12-22,cancelled
769,3265,Basic,2024-04-04,2024-05-04,cancelled
770,3286,Basic,2024-01-30,2024-04-30,active
771,3297,Basic,2023-02-24,2023-04-24,cancelled
772,3300,Basic,2023-04-19,2023-06-19,active
773,3301,Pro,2024-04-16,2024-06-16,active
774,3305,Pro,2023-04-24,2024-04-24,active
775,3313,Basic,2023-04-26,2023-12-26,cancelled
776,3320,Basic,2024-04-15,2025-02-15,active
777,3329,Basic,2024-03-25,2024-11-25,cancelled
778,3331,Basic,2024-06-29,2025-03-29,cancelled
779,3337,Basic,2024-05-07,2024-12-07,cancelled
780,3340,Basic,2024-03-30,2024-08-30,cancelled
781,3342,Basic,2023-06-15,2023-10-15,cancelled
782,3359,Basic,2023-02-06,2023-05-06,active
783,3360,Basic,2024-05-05,2025-04-05,cancelled
784,3366,Basic,2023-11-28,2024-09-28,cancelled
785,3367,Pro,2023-03-18,2024-02-18,cancelled
786,3370,Pro,2023-07-30,2024-03-30,cancelled
787,3373,Pro,2023-11-15,2024-07-15,cancelled
788,3388,Basic,2024-06-16,2025-04-16,cancelled
789,3392,Basic,2024-04-02,2024-07-02,cancelled
790,3399,Pro,2023-11-19,2024-02-19,active
791,3400,Basic,2024-03-17,2025-02-17,active
792,3411,Basic,2024-03-26,2024-07-26,cancelled
793,3428,Basic,2024-01-14,2024-03-14,active
794,3432,Pro,2023-07-21,2024-07-21,cancelled
795,3434,Basic,2023-07-03,2024-06-03,cancelled
796,3444,Pro,2023-09-03,2024-05-03,cancelled
797,3446,Basic,2024-03-04,2024-07-04,cancelled
798,3448,Basic,2024-01-11,2024-12-11,cancelled
799,3449,Basic,2023-09-05,2024-03-05,cancelled
800,3450,Basic,2023-08-04,2024-02-04,active
801,3454,Pro,2023-12-12,2024-04-12,cancelled
802,3455,Pro,2023-04-13,2023-12-13,cancelled
803,3457,Pro,2023-02-13,2023-08-13,active
804,3463,Basic,2024-06-26,2025-03-26,active
805,3465,Pro,2023-08-02,2024-01-02,active
806,3468,Basic,2023-11-15,2024-03-15,active
807,3469,Pro,2023-10-26,2023-12-26,cancelled
808,3470,Basic,2023-02-08,2023-05-08,active
809,3471,Pro,2023-07-28,2024-06-28,cancelled
810,3472,Basic,2023-10-27,2024-02-27,active
811,3474,Basic,2023-09-29,2024-07-29,cancelled
812,3476,Pro,2023-04-13,2023-05-13,active
813,3479,Basic,2023-07-24,2024-04-24,cancelled
814,3481,Basic,2023-02-28,2023-06-28,cancelled
815,3482,Pro,2023-11-06,2024-03-06,cancelled
816,3486,Basic,2023-04-05,2023-05-05,cancelled
817,3488,Basic,2024-05-23,2025-01-23,active
818,3489,Basic,2024-01-10,2024-03-10,active
819,3492,Basic,2024-03-31,2025-02-28,active
820,3494,Basic,2023-12-25,2024-01-25,cancelled
821,3497,Pro,2023-04-26,2023-11-26,cancelled
822,3504,Basic,2024-05-17,2024-10-17,cancelled
823,3509,Basic,2023-02-02,2023-05-02,cancelled
824,3512,Pro,2024-02-07,2024-09-07,cancelled
825,3514,Basic,2023-07-16,2023-08-16,active
826,3515,Enterprise,2023-11-21,2023-12-21,cancelled
827,3516,Basic,2023-03-07,2023-10-07,cancelled
828,3527,Basic,2023-07-31,2024-04-30,active
829,3529,Pro,2024-05-28,2024-10-28,active
830,3530,Pro,2024-02-12,2024-07-12,cancelled
831,3531,Basic,2023-07-27,2023-10-27,cancelled
832,3533,Basic,2024-03-01,2024-08-01,active
833,3535,Basic,2024-04-06,2024-08-06,active
834,3536,Basic,2023-12-07,2024-08-07,cancelled
835,3537,Basic,2023-09-07,2024-05-07,active
836,3539,Pro,2023-08-27,2024-03-27,active
837,3541,Basic,2023-04-18,2024-03-18,cancelled
838,3548,Pro,2023-09-06,2024-01-06,active
839,3554,Pro,2024-03-05,2024-06-05,cancelled
840,3555,Basic,2023-07-09,2023-11-09,active
841,3557,Basic,2023-05-31,2024-01-31,active
842,3558,Basic,2023-06-20,2024-05-20,cancelled
843,3560,Basic,2023-05-25,2024-04-25,active
844,3562,Pro,2024-01-17,2024-04-17,cancelled
845,3568,Basic,2023-10-27,2024-07-27,cancelled
846,3571,Basic,2023-12-22,2024-10-22,active
847,3572,Pro,2023-05-04,2024-01-04,active
848,3583,Basic,2024-04-22,2024-07-22,cancelled
849,3584,Basic,2023-03-29,2024-02-29,cancelled
850,3586,Basic,2023-06-04,2024-05-04,active
851,3590,Basic,2024-02-14,2025-02-14,cancelled
852,3591,Basic,2023-02-17,2023-08-17,cancelled
853,3592,Basic,2023-05-30,2023-11-30,active
854,3593,Basic,2023-04-22,2024-04-22,active
855,3602,Pro,2023-02-10,2023-05-10,cancelled
856,3608,Basic,2024-03-17,2024-05-17,active
857,3609,Basic,2024-05-05,2024-06-05,active
858,3617,Basic,2023-08-27,2024-04-27,active
859,3623,Basic,2023-10-30,2024-06-30,active
860,3627,Basic,2024-01-03,2025-01-03,cancelled
861,3629,Basic,2023-10-03,2024-03-03,active
862,3631,Basic,2023-08-10,2023-09-10,cancelled
863,3640,Basic,2024-06-04,2025-01-04,cancelled
864,3643,Basic,2024-04-26,2025-03-26,cancelled
865,3645,Basic,2023-06-05,2023-09-05,active
866,3647,Basic,2024-01-15,2024-08-15,active
867,3669,Basic,2023-11-25,2024-07-25,cancelled
868,3671,Pro,2024-01-27,2025-01-27,cancelled
869,3674,Basic,2023-05-31,2023-06-30,active
870,3678,Basic,2023-08-31,2024-06-30,cancelled
871,3681,Basic,2023-12-21,2024-07-21,cancelled
872,3683,Basic,2024-01-01,2024-07-01,cancelled
873,3689,Basic,2023-03-06,2023-11-06,active
874,3693,Basic,2023-03-11,2023-08-11,cancelled
875,3700,Basic,2023-10-25,2024-08-25,active
876,3705,Basic,2024-05-02,2024-08-02,cancelled
877,3709,Pro,2023-02-06,2023-07-06,active
878,3720,Basic,2023-08-21,2023-10-21,active
879,3725,Basic,2023-10-03,2024-05-03,cancelled
880,3729,Basic,2023-02-21,2023-07-21,active
881,3734,Basic,2023-03-11,2023-11-11,active
882,3735,Basic,2024-05-26,2024-11-26,active
883,3739,Pro,2023-08-06,2024-07-06,cancelled
884,3740,Basic,2024-05-26,2024-09-26,cancelled
885,3749,Pro,2023-03-19,2023-10-19,cancelled
886,3750,Basic,2024-03-28,2025-03-28,active
887,3755,Pro,2023-11-14,2024-02-14,active
888,3758,Pro,2024-01-27,2025-01-27,cancelled
889,3766,Basic,2023-11-14,2023-12-14,cancelled
890,3768,Basic,2024-07-03,2024-10-03,active
891,3769,Pro,2023-03-10,2023-12-10,cancelled
892,3772,Basic,2024-06-23,2024-12-23,active
893,3778,Basic,2023-08-21,2023-10-21,active
894,3784,Pro,2023-06-29,2024-01-29,cancelled
895,3785,Basic,2024-04-13,2024-07-13,active
896,3790,Basic,2024-05-18,2025-05-18,cancelled
897,3791,Basic,2023-05-12,2023-06-12,active
898,3792,Basic,2023-02-06,2023-07-06,active
899,3793,Pro,2023-07-23,2023-10-23,active
900,3794,Pro,2024-02-14,2024-05-14,cancelled
901,3797,Basic,2023-07-14,2024-06-14,cancelled
902,3798,Basic,2024-02-12,2024-05-12,cancelled
903,3803,Basic,2024-06-10,2025-04-10,cancelled
904,3806,Pro,2024-07-16,2025-04-16,cancelled
905,3808,Pro,2024-04-18,2024-08-18,active
906,3818,Basic,2024-02-16,2024-12-16,active
907,3819,Basic,2023-09-04,2024-02-04,cancelled
908,3820,Pro,2023-03-02,2023-09-02,active
909,3822,Basic,2023-08-18,2023-11-18,active
910,3826,Basic,2024-03-09,2024-04-09,cancelled
911,3833,Pro,2023-12-15,2024-11-15,cancelled
912,3835,Basic,2023-05-20,2024-04-20,cancelled
913,3837,Basic,2023-08-31,2024-07-31,active
914,3839,Basic,2024-06-15,2025-04-15,cancelled
915,3844,Basic,2023-08-15,2024-03-15,cancelled
916,3858,Basic,2023-11-10,2024-11-10,cancelled
917,3871,Pro,2023-04-14,2023-08-14,cancelled
918,3874,Basic,2024-05-23,2024-09-23,cancelled
919,3877,Basic,2024-04-17,2024-12-17,cancelled
920,3879,Basic,2023-07-24,2024-02-24,cancelled
921,3884,Pro,2023-10-15,2024-07-15,active
922,3886,Basic,2023-11-10,2023-12-10,cancelled
923,3887,Pro,2023-07-17,2024-01-17,cancelled
924,3894,Basic,2024-01-25,2024-10-25,cancelled
925,3895,Pro,2024-02-03,2025-01-03,active
926,3898,Pro,2024-03-09,2025-03-09,cancelled
927,3899,Basic,2024-03-09,2025-01-09,cancelled
928,3902,Basic,2024-05-09,2024-12-09,active
929,3916,Pro,2023-03-21,2023-10-21,cancelled
930,3919,Pro,2024-01-18,2024-09-18,cancelled
931,3921,Pro,2023-09-08,2024-06-08,cancelled
932,3924,Basic,2023-09-05,2023-10-05,active
933,3925,Basic,2023-06-20,2023-11-20,cancelled
934,3927,Pro,2023-09-27,2024-02-27,cancelled
935,3929,Basic,2024-05-05,2024-09-05,cancelled
936,3937,Basic,2023-03-29,2024-02-29,active
937,3939,Basic,2023-12-25,2024-12-25,cancelled
938,3941,Basic,2024-01-31,2024-10-31,cancelled
939,3944,Basic,2023-10-13,2024-03-13,active
940,3948,Pro,2023-03-09,2023-05-09,cancelled
941,3949,Pro,2023-03-29,2024-01-29,cancelled
942,3955,Basic,2024-07-19,2024-12-19,cancelled
943,3964,Pro,2024-06-21,2024-10-21,active
944,3972,Basic,2023-11-29,2024-07-29,cancelled
945,3973,Basic,2024-01-15,2024-10-15,cancelled
946,3976,Pro,2024-06-16,2024-09-16,active
947,3978,Basic,2024-07-01,2024-08-01,active
948,3982,Basic,2024-01-01,2024-11-01,cancelled
949,3984,Basic,2023-07-01,2023-11-01,cancelled
950,3985,Basic,2024-05-30,2025-01-30,active
951,3986,Basic,2023-04-30,2023-10-30,cancelled
952,3989,Basic,2024-01-03,2024-03-03,active
953,3991,Pro,2023-09-26,2024-08-26,active
954,3998,Pro,2023-10-14,2024-05-14,active
955,4000,Pro,2023-12-08,2024-04-08,cancelled
956,4006,Pro,2024-07-13,2024-12-13,active
957,4010,Basic,2024-04-30,2024-12-30,active
958,4017,Basic,2023-07-11,2023-11-11,active
959,4019,Basic,2024-02-05,2025-01-05,cancelled
960,4024,Basic,2024-05-01,2025-03-01,cancelled
961,4026,Pro,2024-06-02,2025-02-02,active
962,4028,Basic,2023-05-19,2023-11-19,active
963,4053,Pro,2023-02-20,2023-03-20,cancelled
964,4056,Pro,2024-04-06,2025-02-06,active
965,4057,Pro,2024-03-19,2024-07-19,cancelled
966,4058,Basic,2024-05-25,2024-06-25,active
967,4064,Pro,2023-07-07,2024-07-07,cancelled
968,4069,Basic,2023-07-08,2024-05-08,active
969,4071,Basic,2023-03-17,2024-02-17,active
970,4072,Basic,2023-05-19,2024-03-19,cancelled
971,4081,Pro,2023-10-18,2024-03-18,cancelled
972,4082,Pro,2023-05-01,2023-10-01,cancelled
973,4091,Basic,2023-01-22,2023-06-22,cancelled
974,4093,Basic,2023-05-26,2024-02-26,active
975,4099,Basic,2023-04-03,2024-03-03,cancelled
976,4102,Pro,2023-12-29,2024-12-29,cancelled
977,4104,Basic,2024-03-21,2025-03-21,cancelled
978,4110,Basic,2023-07-05,2023-10-05,cancelled
979,4112,Basic,2023-06-14,2024-03-14,cancelled
980,4116,Pro,2023-11-06,2024-03-06,cancelled
981,4117,Basic,2023-10-14,2024-02-14,cancelled
982,4124,Basic,2023-12-03,2024-05-03,cancelled
983,4128,Basic,2023-10-10,2024-05-10,cancelled
984,4134,Pro,2023-05-23,2023-10-23,cancelled
985,4135,Basic,2024-06-20,2024-09-20,cancelled
986,4136,Basic,2023-11-28,2023-12-28,active
987,4140,Basic,2023-04-08,2023-06-08,cancelled
988,4144,Basic,2023-12-03,2024-10-03,cancelled
989,4152,Basic,2023-11-24,2023-12-24,cancelled
990,4155,Basic,2023-11-22,2024-07-22,cancelled
991,4158,Basic,2024-01-11,2025-01-11,cancelled
992,4160,Basic,2023-08-15,2023-12-15,cancelled
993,4170,Pro,2024-06-05,2025-05-05,cancelled
994,4173,Basic,2023-10-26,2023-12-26,cancelled
995,4174,Pro,2024-01-14,2024-02-14,cancelled
996,4175,Pro,2023-08-22,2024-08-22,active
997,4182,Basic,2023-05-05,2023-11-05,cancelled
998,4188,Basic,2023-07-27,2024-02-27,cancelled
999,4192,Basic,2023-11-11,2024-10-11,cancelled
1000,4193,Pro,2024-06-29,2025-01-29,cancelled
1001,4197,Basic,2023-03-24,2023-10-24,cancelled
1002,4204,Pro,2024-06-14,2024-07-14,active
1003,4211,Pro,2023-08-11,2024-01-11,active
1004,4212,Basic,2023-05-13,2024-03-13,cancelled
1005,4213,Basic,2024-06-01,2024-12-01,cancelled
1006,4221,Basic,2024-06-29,2024-10-29,active
1007,4226,Basic,2024-01-18,2024-04-18,active
1008,4228,Pro,2024-04-09,2025-04-09,active
1009,4229,Pro,2024-01-17,2024-08-17,cancelled
1010,4235,Pro,2023-09-06,2024-01-06,cancelled
1011,4244,Basic,2023-06-06,2023-09-06,cancelled
1012,4247,Basic,2023-10-01,2024-09-01,cancelled
1013,4251,Basic,2024-05-16,2024-06-16,active
1014,4256,Pro,2024-04-13,2024-12-13,cancelled
1015,4260,Basic,2023-12-29,2024-12-29,cancelled
1016,4264,Pro,2024-03-09,2025-01-09,cancelled
1017,4272,Basic,2023-10-13,2024-09-13,cancelled
1018,4275,Basic,2024-06-08,2025-05-08,active
1019,4280,Basic,2024-01-21,2024-02-21,cancelled
1020,4282,Pro,2024-04-14,2024-11-14,cancelled
1021,4284,Pro,2024-06-26,2024-07-26,active
1022,4290,Basic,2024-07-20,2024-08-20,cancelled
1023,4295,Basic,2023-03-28,2023-10-28,active
1024,4303,Pro,2024-06-25,2024-10-25,cancelled
1025,4304,Pro,2023-03-19,2024-02-19,active
1026,4305,Basic,2023-04-15,2023-12-15,active
1027,4314,Basic,2023-05-16,2023-07-16,active
1028,4319,Pro,2023-01-17,2023-04-17,active
1029,4322,Basic,2023-09-11,2024-02-11,cancelled
1030,4323,Basic,2023-11-10,2024-07-10,cancelled
1031,4324,Basic,2023-10-01,2024-03-01,cancelled
1032,4325,Basic,2024-01-02,2024-12-02,cancelled
1033,4326,Pro,2024-07-03,2024-11-03,active
1034,4327,Pro,2024-06-01,2024-08-01,cancelled
1035,4329,Basic,2024-04-28,2025-01-28,cancelled
1036,4331,Pro,2024-03-17,2025-03-17,active
1037,4334,Pro,2023-09-07,2024-06-07,cancelled
1038,4336,Pro,2023-05-05,2023-11-05,cancelled
1039,4345,Basic,2024-05-31,2025-05-31,cancelled
1040,4348,Basic,2024-07-09,2025-01-09,cancelled
1041,4365,Basic,2024-02-23,2024-08-23,active
1042,4370,Basic,2023-09-30,2023-12-30,active
1043,4377,Basic,2023-12-30,2024-12-30,active
1044,4382,Basic,2023-03-22,2023-07-22,cancelled
1045,4383,Pro,2023-08-08,2023-12-08,cancelled
1046,4384,Basic,2024-03-25,2024-09-25,cancelled
1047,4386,Basic,2023-05-03,2023-10-03,cancelled
1048,4389,Basic,2024-04-06,2025-02-06,cancelled
1049,4390,Pro,2023-07-29,2023-08-29,active
1050,4405,Basic,2024-07-06,2025-01-06,cancelled
1051,4414,Pro,2024-06-22,2025-01-22,active
1052,4416,Pro,2024-06-27,2025-03-27,active
1053,4418,Enterprise,2024-02-01,2024-06-01,active
1054,4428,Pro,2023-08-05,2024-02-05,active
1055,4432,Pro,2023-10-23,2024-07-23,active
1056,4433,Basic,2024-06-18,2024-08-18,cancelled
1057,4436,Basic,2024-04-22,2024-11-22,active
1058,4446,Basic,2023-05-26,2023-09-26,cancelled
1059,4462,Basic,2023-06-03,2023-09-03,active
1060,4465,Basic,2023-06-08,2023-08-08,cancelled
1061,4470,Basic,2023-12-23,2024-08-23,active
1062,4473,Enterprise,2023-02-11,2023-08-11,active
1063,4480,Basic,2023-07-11,2024-01-11,cancelled
1064,4487,Basic,2023-12-15,2024-11-15,cancelled
1065,4488,Basic,2024-03-02,2024-04-02,active
1066,4494,Basic,2024-07-05,2025-07-05,cancelled
1067,4501,Basic,2023-08-08,2024-02-08,cancelled
1068,4502,Pro,2023-06-05,2023-08-05,cancelled
1069,4507,Pro,2024-05-23,2024-12-23,cancelled
1070,4508,Basic,2024-06-03,2024-12-03,active
1071,4515,Basic,2023-06-11,2024-04-11,active
1072,4526,Basic,2023-04-07,2023-10-07,cancelled
1073,4527,Basic,2023-03-18,2023-07-18,active
1074,4534,Basic,2023-03-09,2023-06-09,cancelled
1075,4537,Pro,2023-04-10,2024-01-10,active
1076,4539,Basic,2023-03-10,2023-07-10,cancelled
1077,4541,Basic,2023-12-23,2024-04-23,cancelled
1078,4545,Pro,2023-03-29,2023-07-29,active
1079,4546,Basic,2024-04-09,2024-10-09,active
1080,4548,Basic,2023-08-22,2024-04-22,cancelled
1081,4550,Basic,2024-02-25,2024-09-25,cancelled
1082,4553,Pro,2023-03-05,2023-10-05,active
1083,4554,Basic,2024-03-07,2024-07-07,cancelled
1084,4561,Basic,2023-03-29,2023-05-29,active
1085,4562,Basic,2023-11-27,2024-04-27,cancelled
1086,4564,Pro,2024-04-13,2025-04-13,active
1087,4566,Pro,2023-05-30,2024-01-30,cancelled
1088,4568,Basic,2024-03-07,2024-08-07,cancelled
1089,4577,Pro,2023-04-12,2024-04-12,cancelled
1090,4579,Basic,2023-04-09,2023-10-09,cancelled
1091,4583,Enterprise,2024-01-26,2024-12-26,cancelled
1092,4585,Basic,2023-02-12,2023-12-12,cancelled
1093,4586,Basic,2024-02-16,2024-06-16,active
1094,4588,Basic,2023-08-31,2023-10-31,cancelled
1095,4591,Basic,2023-10-13,2024-05-13,cancelled
1096,4596,Basic,2023-07-27,2024-07-27,cancelled
1097,4599,Basic,2024-05-11,2025-02-11,cancelled
1098,4603,Basic,2024-06-07,2024-11-07,cancelled
1099,4604,Basic,2023-06-14,2024-06-14,active
1100,4607,Pro,2024-06-16,2024-09-16,cancelled
1101,4614,Pro,2024-04-29,2024-11-29,active
1102,4621,Pro,2024-05-05,2024-11-05,active
1103,4628,Pro,2024-02-25,2024-07-25,active
1104,4630,Pro,2023-06-15,2024-01-15,cancelled
1105,4632,Pro,2023-05-20,2023-09-20,cancelled
1106,4640,Basic,2023-09-07,2024-04-07,cancelled
1107,4643,Basic,2024-06-28,2025-02-28,cancelled
1108,4647,Basic,2023-06-02,2024-01-02,cancelled
1109,4650,Basic,2023-02-03,2023-08-03,cancelled
1110,4654,Basic,2023-11-15,2024-11-15,active
1111,4655,Enterprise,2023-03-16,2024-02-16,cancelled
1112,4659,Basic,2024-05-11,2024-09-11,cancelled
1113,4661,Basic,2023-12-06,2024-08-06,cancelled
1114,4668,Basic,2023-12-05,2024-10-05,cancelled
1115,4670,Basic,2023-02-13,2023-03-13,active
1116,4672,Basic,2023-07-21,2023-08-21,cancelled
1117,4677,Basic,2024-05-11,2024-10-11,active
1118,4679,Basic,2023-02-25,2023-10-25,cancelled
1119,4685,Pro,2023-12-09,2024-03-09,active
1120,4688,Pro,2024-01-28,2024-09-28,cancelled
1121,4697,Basic,2024-06-27,2024-07-27,cancelled
1122,4699,Pro,2024-02-16,2025-01-16,cancelled
1123,4703,Enterprise,2024-07-01,2025-05-01,active
1124,4713,Basic,2024-03-27,2024-08-27,active
1125,4715,Basic,2023-11-02,2024-07-02,cancelled
1126,4721,Pro,2023-05-13,2023-12-13,active
1127,4722,Pro,2023-03-21,2023-12-21,active
1128,4731,Basic,2023-09-30,2024-06-30,cancelled
1129,4732,Basic,2023-04-22,2023-09-22,cancelled
1130,4734,Pro,2023-09-06,2024-04-06,active
1131,4735,Pro,2024-04-22,2024-09-22,cancelled
1132,4746,Basic,2023-04-11,2023-12-11,cancelled
1133,4748,Basic,2024-04-27,2024-08-27,cancelled
1134,4751,Basic,2023-02-11,2023-07-11,cancelled
1135,4755,Pro,2023-08-25,2024-04-25,cancelled
1136,4760,Pro,2023-04-05,2023-09-05,cancelled
1137,4762,Basic,2023-12-16,2024-02-16,cancelled
1138,4764,Pro,2023-08-17,2024-04-17,active
1139,4766,Basic,2024-02-07,2025-02-07,cancelled
1140,4767,Basic,2023-08-30,2024-05-30,cancelled
1141,4774,Basic,2023-05-30,2024-01-30,cancelled
1142,4786,Basic,2024-05-31,2025-02-28,active
1143,4788,Basic,2023-12-26,2024-06-26,cancelled
1144,4791,Pro,2024-05-24,2024-12-24,active
1145,4792,Enterprise,2023-07-31,2023-11-30,cancelled
1146,4803,Basic,2023-12-08,2024-01-08,cancelled
1147,4804,Pro,2023-01-25,2023-10-25,cancelled
1148,4805,Basic,2023-12-13,2024-11-13,cancelled
1149,4810,Pro,2023-01-18,2023-07-18,cancelled
1150,4812,Basic,2024-06-27,2024-08-27,cancelled
1151,4814,Basic,2024-07-05,2025-07-05,cancelled
1152,4821,Basic,2023-03-16,2023-12-16,cancelled
1153,4839,Pro,2024-03-14,2024-09-14,cancelled
1154,4840,Pro,2023-07-22,2024-03-22,active
1155,4847,Basic,2023-02-07,2024-02-07,active
1156,4854,Pro,2023-11-05,2023-12-05,cancelled
1157,4856,Basic,2023-11-04,2024-02-04,cancelled
1158,4858,Basic,2023-10-07,2024-10-07,active
1159,4860,Basic,2023-05-13,2023-09-13,active
1160,4861,Basic,2023-09-30,2024-01-30,active
1161,4862,Pro,2024-02-15,2025-02-15,active
1162,4864,Basic,2024-06-13,2025-05-13,active
1163,4871,Basic,2023-12-09,2024-08-09,active
1164,4874,Basic,2024-03-01,2025-03-01,active
1165,4878,Pro,2023-10-09,2024-03-09,cancelled
1166,4880,Basic,2023-08-02,2024-02-02,cancelled
1167,4896,Basic,2024-05-09,2024-06-09,active
1168,4898,Basic,2023-10-02,2023-12-02,active
1169,4899,Basic,2024-02-07,2024-03-07,cancelled
1170,4900,Basic,2023-09-27,2023-11-27,cancelled
1171,4901,Basic,2024-05-21,2024-06-21,active
1172,4902,Basic,2023-06-01,2023-10-01,active
1173,4906,Pro,2023-08-13,2024-04-13,cancelled
1174,4909,Pro,2023-05-30,2023-09-30,cancelled
1175,4910,Pro,2024-02-23,2024-08-23,cancelled
1176,4911,Basic,2024-05-22,2025-02-22,cancelled
1177,4917,Basic,2023-10-04,2024-01-04,cancelled
1178,4924,Basic,2023-07-07,2024-07-07,active
1179,4927,Pro,2024-07-03,2024-12-03,cancelled
1180,4930,Basic,2024-04-14,2025-04-14,cancelled
1181,4938,Basic,2023-10-02,2024-05-02,cancelled
1182,4939,Basic,2023-02-21,2023-04-21,active
1183,4940,Basic,2023-09-16,2024-04-16,active
1184,4942,Basic,2023-02-16,2023-03-16,cancelled
1185,4949,Basic,2024-05-25,2024-08-25,active
1186,4953,Basic,2023-04-16,2023-07-16,cancelled
1187,4954,Basic,2023-11-07,2024-06-07,cancelled
1188,4963,Pro,2024-02-27,2025-02-27,cancelled
1189,4968,Basic,2024-01-20,2024-06-20,cancelled
1190,4970,Basic,2024-05-23,2024-12-23,cancelled
1191,4972,Basic,2023-01-25,2023-11-25,active
1192,4973,Basic,2023-05-16,2024-01-16,cancelled
1193,4974,Basic,2024-01-01,2024-10-01,cancelled
1194,4975,Basic,2023-09-02,2023-12-02,cancelled
1195,4987,Pro,2023-04-09,2023-09-09,active
1196,4988,Basic,2023-06-21,2023-11-21,cancelled
1197,4997,Pro,2023-09-12,2023-12-12,active
1198,5001,Pro,2023-07-07,2024-03-07,active
1199,5005,Basic,2024-01-08,2024-05-08,active
1200,5006,Pro,2023-09-14,2024-03-14,cancelled
1201,5008,Basic,2023-03-01,2023-09-01,active
1202,5012,Pro,2023-07-08,2023-11-08,cancelled
1203,5013,Pro,2024-04-04,2024-08-04,active
1204,5015,Pro,2023-03-08,2023-10-08,active
1205,5023,Pro,2023-11-28,2024-09-28,cancelled
1206,5026,Basic,2023-11-16,2024-02-16,cancelled
1207,5031,Pro,2023-10-14,2023-12-14,cancelled
1208,5033,Basic,2024-03-26,2025-02-26,cancelled
1209,5036,Pro,2023-07-24,2024-02-24,cancelled
1210,5062,Enterprise,2024-04-12,2024-09-12,active
1211,5064,Basic,2023-03-01,2024-03-01,cancelled
1212,5068,Basic,2023-07-16,2024-03-16,cancelled
1213,5077,Basic,2023-11-19,2024-09-19,active
1214,5081,Basic,2023-09-12,2024-01-12,cancelled
1215,5086,Basic,2024-05-29,2024-09-29,active
1216,5087,Basic,2024-01-25,2024-07-25,cancelled
1217,5092,Basic,2024-04-04,2025-04-04,cancelled
1218,5093,Pro,2023-01-21,2023-12-21,cancelled
1219,5098,Basic,2023-08-11,2023-12-11,cancelled
1220,5100,Pro,2023-07-21,2024-07-21,cancelled
1221,5102,Basic,2023-05-25,2024-03-25,cancelled
1222,5103,Basic,2023-09-19,2024-03-19,cancelled
1223,5104,Basic,2023-02-08,2023-05-08,active
1224,5108,Basic,2023-10-08,2024-10-08,active
1225,5110,Pro,2023-02-19,2023-03-19,cancelled
1226,5112,Pro,2023-05-14,2024-02-14,cancelled
1227,5113,Pro,2023-10-04,2024-08-04,active
1228,5114,Basic,2024-07-03,2025-02-03,cancelled
1229,5116,Basic,2023-12-14,2024-10-14,active
1230,5118,Basic,2023-11-28,2024-06-28,active
1231,5120,Basic,2023-06-12,2023-09-12,cancelled
1232,5124,Basic,2024-06-01,2025-02-01,cancelled
1233,5128,Basic,2023-02-18,2023-06-18,cancelled
1234,5130,Basic,2023-03-04,2023-10-04,cancelled
1235,5136,Basic,2023-01-16,2023-11-16,active
1236,5142,Basic,2024-04-07,2024-06-07,cancelled
1237,5151,Basic,2023-02-28,2023-12-28,active
1238,5152,Basic,2023-08-15,2024-02-15,cancelled
1239,5153,Basic,2023-11-29,2024-07-29,cancelled
1240,5156,Pro,2023-09-23,2024-02-23,cancelled
1241,5169,Basic,2024-02-10,2024-10-10,cancelled
1242,5176,Pro,2024-05-13,2024-06-13,cancelled
1243,5180,Basic,2023-04-12,2023-09-12,cancelled
1244,5181,Basic,2023-10-13,2024-02-13,active
1245,5183,Basic,2024-03-21,2024-04-21,cancelled
1246,5187,Basic,2023-08-21,2024-03-21,active
1247,5189,Basic,2023-08-28,2024-06-28,active
1248,5190,Basic,2023-09-05,2024-04-05,cancelled
1249,5192,Basic,2023-01-29,2023-04-29,active
1250,5197,Basic,2023-10-27,2024-06-27,cancelled
1251,5202,Basic,2024-07-06,2025-06-06,active
1252,5205,Basic,2023-08-15,2024-06-15,active
1253,5207,Pro,2024-03-09,2025-02-09,active
1254,5220,Basic,2023-05-11,2024-01-11,active
1255,5224,Basic,2024-04-19,2025-02-19,cancelled
1256,5236,Basic,2023-05-25,2023-10-25,cancelled
1257,5238,Basic,2023-08-31,2023-09-30,active
1258,5243,Enterprise,2024-04-09,2025-01-09,cancelled
1259,5248,Basic,2024-02-05,2024-07-05,cancelled
1260,5256,Basic,2024-02-16,2024-11-16,cancelled
1261,5263,Basic,2023-12-01,2024-06-01,active
1262,5264,Basic,2023-11-07,2024-09-07,active
1263,5265,Pro,2023-11-18,2024-05-18,cancelled
1264,5267,Basic,2023-09-17,2023-11-17,active
1265,5274,Basic,2023-05-24,2024-03-24,cancelled
1266,5283,Basic,2023-06-08,2024-06-08,cancelled
1267,5289,Basic,2024-07-16,2025-05-16,cancelled
1268,5295,Basic,2024-06-20,2025-04-20,active
1269,5297,Pro,2023-05-30,2023-12-30,cancelled
1270,5299,Basic,2023-02-20,2024-02-20,active
1271,5301,Basic,2023-03-27,2023-10-27,active
1272,5307,Basic,2024-06-11,2024-07-11,cancelled
1273,5308,Basic,2024-06-12,2024-12-12,cancelled
1274,5310,Pro,2024-04-14,2024-07-14,cancelled
1275,5312,Pro,2023-03-29,2023-06-29,active
1276,5313,Pro,2023-03-13,2024-03-13,cancelled
1277,5314,Basic,2023-05-06,2024-01-06,active
1278,5320,Pro,2023-05-16,2024-01-16,cancelled
1279,5321,Basic,2023-11-19,2024-09-19,cancelled
1280,5324,Pro,2024-01-11,2024-03-11,cancelled
1281,5325,Basic,2024-06-12,2024-08-12,active
1282,5328,Basic,2023-11-27,2024-09-27,active
1283,5332,Pro,2024-01-02,2024-08-02,active
1284,5334,Basic,2024-06-25,2025-05-25,cancelled
1285,5340,Basic,2024-05-31,2024-06-30,active
1286,5343,Basic,2024-03-12,2025-01-12,active
1287,5346,Basic,2024-02-05,2024-03-05,cancelled
1288,5355,Pro,2023-03-22,2023-09-22,active
1289,5358,Pro,2023-07-22,2023-09-22,active
1290,5361,Basic,2023-12-08,2024-03-08,cancelled
1291,5374,Basic,2024-01-03,2024-07-03,active
1292,5377,Pro,2024-05-25,2024-10-25,cancelled
1293,5380,Basic,2023-12-24,2024-04-24,cancelled
1294,5381,Basic,2023-03-18,2023-05-18,active
1295,5382,Pro,2024-06-29,2025-02-28,cancelled
1296,5387,Pro,2023-05-16,2023-09-16,cancelled
1297,5390,Pro,2024-02-26,2024-11-26,active
1298,5394,Basic,2024-01-15,2024-06-15,active
1299,5399,Basic,2023-03-11,2023-09-11,cancelled
1300,5403,Basic,2023-04-06,2024-04-06,active
1301,5405,Basic,2023-06-05,2023-12-05,active
1302,5406,Pro,2023-07-02,2024-06-02,cancelled
1303,5417,Pro,2024-04-08,2024-11-08,cancelled
1304,5418,Pro,2023-02-25,2023-04-25,cancelled
1305,5420,Basic,2023-07-31,2024-06-30,cancelled
1306,5429,Basic,2024-04-30,2024-10-30,cancelled
1307,5435,Pro,2023-02-01,2023-03-01,active
1308,5437,Pro,2023-12-02,2024-10-02,cancelled
1309,5441,Basic,2023-05-06,2023-09-06,cancelled
1310,5446,Basic,2023-06-28,2023-09-28,active
1311,5448,Basic,2024-05-08,2024-09-08,cancelled
1312,5451,Basic,2023-02-05,2023-04-05,active
1313,5458,Pro,2023-06-23,2024-01-23,active
1314,5460,Pro,2024-06-16,2024-11-16,cancelled
1315,5461,Basic,2023-05-09,2024-02-09,active
1316,5470,Pro,2023-02-04,2023-06-04,cancelled
1317,5474,Pro,2023-05-18,2024-03-18,active
1318,5477,Pro,2023-05-25,2023-07-25,cancelled
1319,5481,Pro,2024-02-17,2024-06-17,active
1320,5484,Basic,2023-08-08,2024-01-08,cancelled
1321,5487,Pro,2023-05-28,2024-01-28,cancelled
1322,5493,Basic,2024-05-04,2025-04-04,active
1323,5495,Basic,2024-05-21,2024-06-21,cancelled
1324,5497,Basic,2024-05-25,2024-08-25,active
1325,5498,Basic,2024-06-22,2025-06-22,cancelled
1326,5501,Basic,2023-10-18,2024-05-18,cancelled
1327,5510,Basic,2024-01-22,2024-02-22,cancelled
1328,5513,Basic,2023-02-09,2023-06-09,cancelled
1329,5516,Pro,2024-05-11,2024-11-11,cancelled
1330,5518,Basic,2023-04-23,2024-04-23,cancelled
1331,5527,Basic,2024-02-01,2024-12-01,cancelled
1332,5529,Basic,2023-02-11,2023-10-11,active
1333,5532,Pro,2024-06-29,2024-12-29,active
1334,5536,Pro,2023-12-30,2024-08-30,active
1335,5537,Basic,2023-05-19,2024-05-19,cancelled
1336,5538,Basic,2023-10-25,2024-06-25,cancelled
1337,5547,Pro,2024-01-24,2024-02-24,cancelled
1338,5548,Pro,2024-07-08,2025-01-08,cancelled
1339,5549,Basic,2024-04-25,2024-10-25,active
1340,5550,Basic,2023-09-07,2024-03-07,active
1341,5552,Basic,2023-04-25,2023-06-25,cancelled
1342,5560,Basic,2023-12-24,2024-01-24,active
1343,5564,Basic,2023-07-11,2023-08-11,active
1344,5565,Basic,2023-11-18,2024-04-18,active
1345,5572,Pro,2023-05-06,2023-09-06,active
1346,5579,Enterprise,2023-01-21,2023-02-21,active
1347,5581,Basic,2024-02-29,2024-09-29,active
1348,5589,Basic,2023-08-07,2024-05-07,cancelled
1349,5592,Pro,2023-08-04,2024-07-04,cancelled
1350,5596,Basic,2024-06-26,2024-12-26,active
1351,5599,Basic,2023-04-10,2024-04-10,active
1352,5605,Basic,2023-12-21,2024-05-21,cancelled
1353,5612,Basic,2023-06-24,2023-10-24,active
1354,5613,Basic,2024-02-12,2024-10-12,active
1355,5620,Pro,2024-05-04,2024-10-04,cancelled
1356,5622,Pro,2023-08-26,2024-03-26,active
1357,5623,Basic,2023-11-30,2024-02-29,cancelled
1358,5626,Basic,2023-11-16,2024-01-16,cancelled
1359,5637,Basic,2023-12-30,2024-05-30,cancelled
1360,5639,Pro,2024-02-28,2025-01-28,cancelled
1361,5650,Basic,2023-07-05,2023-08-05,cancelled
1362,5655,Basic,2024-05-07,2024-09-07,cancelled
1363,5658,Pro,2023-03-22,2023-12-22,cancelled
1364,5663,Pro,2024-05-20,2025-02-20,active
1365,5672,Basic,2024-01-09,2024-05-09,active
1366,5677,Basic,2023-10-14,2024-08-14,cancelled
1367,5679,Pro,2023-11-13,2024-05-13,active
1368,5687,Enterprise,2024-01-19,2024-05-19,cancelled
1369,5688,Basic,2024-07-09,2025-04-09,cancelled
1370,5689,Basic,2024-02-07,2025-01-07,cancelled
1371,5691,Pro,2023-01-30,2023-09-30,active
1372,5692,Basic,2023-06-24,2024-05-24,active
1373,5698,Basic,2024-03-05,2024-09-05,cancelled
1374,5702,Basic,2023-08-25,2024-05-25,cancelled
1375,5703,Pro,2024-04-10,2024-06-10,cancelled
1376,5704,Basic,2024-04-11,2024-06-11,active
1377,5705,Basic,2024-02-24,2024-06-24,cancelled
1378,5708,Basic,2024-03-17,2024-04-17,cancelled
1379,5710,Basic,2023-05-02,2023-11-02,cancelled
1380,5714,Basic,2024-02-06,2024-10-06,cancelled
1381,5721,Basic,2023-12-24,2024-06-24,active
1382,5723,Basic,2024-03-07,2025-02-07,active
1383,5724,Basic,2024-04-18,2024-07-18,active
1384,5725,Basic,2024-04-24,2024-11-24,active
1385,5726,Basic,2023-08-16,2023-11-16,active
1386,5727,Pro,2024-01-08,2024-10-08,cancelled
1387,5745,Basic,2023-10-05,2024-04-05,active
1388,5751,Basic,2023-02-07,2024-02-07,cancelled
1389,5755,Basic,2024-06-21,2024-07-21,active
1390,5758,Basic,2023-10-01,2024-10-01,cancelled
1391,5760,Basic,2023-07-31,2024-02-29,cancelled
1392,5766,Pro,2023-08-19,2024-05-19,cancelled
1393,5773,Basic,2024-02-29,2025-01-29,active
1394,5774,Pro,2023-09-06,2024-09-06,active
1395,5785,Pro,2023-12-21,2024-07-21,cancelled
1396,5797,Pro,2023-05-14,2023-09-14,active
1397,5801,Basic,2023-10-03,2024-07-03,cancelled
1398,5814,Pro,2023-04-22,2023-07-22,active
1399,5816,Basic,2024-02-10,2025-02-10,cancelled
1400,5820,Pro,2024-06-02,2025-05-02,active
1401,5826,Pro,2024-02-15,2024-04-15,cancelled
1402,5830,Basic,2024-03-13,2025-03-13,cancelled
1403,5832,Basic,2023-05-23,2023-10-23,cancelled
1404,5836,Pro,2023-09-01,2024-07-01,active
1405,5837,Basic,2023-08-15,2023-11-15,cancelled
1406,5845,Basic,2023-06-01,2023-12-01,active
1407,5854,Pro,2024-03-24,2025-02-24,cancelled
1408,5856,Basic,2023-07-01,2024-06-01,active
1409,5859,Basic,2023-02-23,2023-12-23,cancelled
1410,5861,Basic,2024-04-10,2024-12-10,cancelled
1411,5862,Pro,2023-09-15,2024-08-15,active
1412,5869,Pro,2023-11-17,2024-04-17,cancelled
1413,5871,Pro,2023-04-17,2023-08-17,cancelled
1414,5873,Basic,2023-11-11,2024-04-11,active
1415,5874,Basic,2024-04-18,2024-08-18,cancelled
1416,5878,Basic,2024-02-08,2024-08-08,active
1417,5881,Basic,2023-02-11,2023-11-11,active
1418,5900,Basic,2023-04-13,2023-07-13,cancelled
1419,5906,Basic,2024-05-15,2024-07-15,active
1420,5907,Basic,2024-06-11,2025-01-11,active
1421,5916,Basic,2023-06-08,2023-10-08,cancelled
1422,5917,Pro,2023-06-07,2023-09-07,cancelled
1423,5928,Pro,2024-02-20,2024-11-20,active
1424,5930,Basic,2023-11-03,2024-04-03,active
1425,5934,Basic,2023-08-15,2024-06-15,cancelled
1426,5936,Basic,2024-02-28,2024-09-28,cancelled
1427,5937,Basic,2023-06-30,2024-05-30,cancelled
1428,5943,Basic,2023-11-25,2023-12-25,active
1429,5946,Pro,2023-10-24,2024-02-24,cancelled
1430,5948,Pro,2023-04-13,2024-01-13,active
1431,5949,Basic,2024-04-06,2025-03-06,active
1432,5950,Pro,2023-09-12,2023-11-12,cancelled
1433,5956,Basic,2024-02-07,2025-02-07,cancelled
1434,5960,Basic,2023-12-25,2024-04-25,cancelled
1435,5963,Basic,2023-05-07,2024-02-07,active
1436,5987,Basic,2023-12-24,2024-08-24,active
1437,5988,Basic,2023-09-20,2024-02-20,cancelled
1438,5991,Basic,2024-01-08,2024-12-08,cancelled
1439,5993,Basic,2023-09-01,2024-06-01,cancelled
1440,5995,Basic,2024-06-21,2024-10-21,active
1441,5998,Basic,2023-03-10,2023-09-10,cancelled
1442,6004,Pro,2024-01-14,2024-05-14,cancelled
1443,6006,Basic,2024-01-11,2024-11-11,cancelled
1444,6009,Pro,2023-08-24,2024-05-24,cancelled
1445,6010,Pro,2023-11-23,2024-03-23,cancelled
1446,6021,Pro,2023-12-27,2024-10-27,active
1447,6023,Basic,2024-06-23,2024-10-23,cancelled
1448,6025,Basic,2023-07-10,2024-04-10,cancelled
1449,6031,Basic,2023-04-03,2023-08-03,cancelled
1450,6032,Pro,2023-11-15,2024-08-15,cancelled
1451,6033,Pro,2024-03-15,2025-01-15,cancelled
1452,6034,Basic,2023-11-25,2024-05-25,cancelled
1453,6037,Pro,2023-04-15,2024-02-15,cancelled
1454,6039,Basic,2023-02-26,2023-04-26,cancelled
1455,6043,Basic,2024-03-31,2025-02-28,cancelled
1456,6044,Pro,2023-03-06,2024-03-06,cancelled
1457,6046,Basic,2023-07-17,2023-08-17,cancelled
1458,6047,Basic,2023-08-17,2024-06-17,cancelled
1459,6050,Basic,2023-07-27,2023-08-27,cancelled
1460,6054,Basic,2023-03-19,2023-09-19,active
1461,6057,Pro,2023-09-02,2024-02-02,cancelled
1462,6059,Basic,2024-02-05,2024-07-05,cancelled
1463,6060,Pro,2023-04-23,2023-09-23,cancelled
1464,6061,Pro,2024-05-12,2025-03-12,active
1465,6065,Pro,2023-10-30,2024-02-29,cancelled
1466,6070,Basic,2024-05-27,2024-11-27,active
1467,6075,Pro,2023-08-13,2024-03-13,active
1468,6077,Basic,2024-07-01,2025-07-01,active
1469,6081,Basic,2024-05-06,2024-12-06,active
1470,6083,Basic,2023-09-23,2023-11-23,cancelled
1471,6088,Basic,2023-12-02,2024-11-02,cancelled
1472,6092,Pro,2023-04-01,2023-09-01,cancelled
1473,6093,Basic,2024-03-05,2024-11-05,active
1474,6094,Basic,2024-04-09,2025-04-09,cancelled
1475,6107,Basic,2023-09-12,2024-04-12,cancelled
1476,6111,Basic,2024-05-16,2025-03-16,active
1477,6117,Basic,2023-10-11,2024-06-11,active
1478,6122,Basic,2023-05-22,2023-12-22,cancelled
1479,6127,Basic,2024-01-10,2024-06-10,active
1480,6128,Pro,2023-07-03,2024-05-03,cancelled
1481,6129,Pro,2023-08-05,2023-12-05,cancelled
1482,6130,Pro,2023-07-05,2024-07-05,cancelled
1483,6133,Basic,2024-02-06,2024-12-06,active
1484,6136,Pro,2024-05-11,2025-02-11,cancelled
1485,6137,Basic,2023-09-06,2023-11-06,active
1486,6150,Basic,2024-06-20,2025-05-20,active
1487,6159,Basic,2023-05-24,2023-11-24,active
1488,6161,Basic,2023-11-25,2024-05-25,cancelled
1489,6165,Basic,2023-04-21,2024-02-21,cancelled
1490,6168,Basic,2023-09-29,2024-05-29,cancelled
1491,6174,Basic,2023-04-04,2023-07-04,cancelled
1492,6187,Pro,2024-02-14,2024-03-14,cancelled
1493,6196,Pro,2024-01-20,2024-09-20,cancelled
1494,6201,Basic,2023-12-09,2024-05-09,cancelled
1495,6207,Pro,2024-03-29,2024-07-29,cancelled
1496,6211,Pro,2023-04-26,2024-02-26,cancelled
1497,6214,Basic,2024-01-21,2024-02-21,active
1498,6215,Basic,2024-04-07,2024-08-07,active
1499,6219,Basic,2024-02-02,2024-08-02,cancelled
1500,6220,Basic,2024-03-19,2025-03-19,cancelled
1501,6227,Basic,2023-12-07,2024-03-07,active
1502,6229,Basic,2023-09-07,2024-02-07,active
1503,6232,Pro,2023-04-01,2023-06-01,cancelled
1504,6240,Basic,2023-11-29,2024-04-29,cancelled
1505,6242,Pro,2023-07-23,2024-02-23,active
1506,6244,Basic,2023-01-29,2023-03-29,active
1507,6245,Pro,2023-05-30,2023-11-30,active
1508,6247,Pro,2023-05-10,2023-12-10,active
1509,6248,Pro,2023-12-26,2024-08-26,cancelled
1510,6250,Basic,2024-01-22,2024-12-22,cancelled
1511,6251,Basic,2024-01-06,2025-01-06,cancelled
1512,6252,Basic,2023-06-22,2023-10-22,active
1513,6261,Enterprise,2024-04-17,2024-05-17,cancelled
1514,6264,Basic,2024-02-29,2024-03-29,cancelled
1515,6267,Pro,2023-09-09,2023-12-09,active
1516,6270,Pro,2024-04-21,2025-02-21,cancelled
1517,6272,Pro,2023-07-12,2024-04-12,cancelled
1518,6273,Basic,2023-12-13,2024-10-13,active
1519,6281,Basic,2023-12-12,2024-02-12,active
1520,6283,Basic,2023-04-06,2023-09-06,cancelled
1521,6284,Basic,2023-05-28,2023-07-28,cancelled
1522,6289,Pro,2023-09-08,2024-09-08,cancelled
1523,6291,Pro,2024-04-26,2024-05-26,cancelled
1524,6294,Basic,2024-06-26,2025-06-26,active
1525,6296,Pro,2023-10-25,2024-02-25,cancelled
1526,6298,Basic,2023-07-25,2024-04-25,active
1527,6301,Pro,2023-01-27,2023-11-27,cancelled
1528,6303,Pro,2023-05-02,2024-04-02,cancelled
1529,6313,Basic,2023-05-20,2024-02-20,cancelled
1530,6314,Basic,2023-11-30,2024-09-30,cancelled
1531,6316,Basic,2024-02-07,2024-07-07,cancelled
1532,6317,Pro,2024-01-06,2024-03-06,cancelled
1533,6319,Pro,2023-06-15,2023-12-15,cancelled
1534,6320,Basic,2024-05-04,2024-06-04,cancelled
1535,6327,Basic,2023-02-03,2023-03-03,cancelled
1536,6333,Enterprise,2024-04-21,2024-11-21,cancelled
1537,6335,Basic,2023-10-26,2024-05-26,cancelled
1538,6337,Pro,2023-08-30,2024-04-30,cancelled
1539,6338,Basic,2023-12-19,2024-03-19,active
1540,6340,Basic,2023-08-03,2023-10-03,active
1541,6341,Basic,2024-05-18,2025-05-18,cancelled
1542,6347,Pro,2024-02-26,2024-08-26,cancelled
1543,6348,Pro,2023-12-20,2024-01-20,cancelled
1544,6352,Basic,2024-06-17,2024-07-17,active
1545,6357,Pro,2024-05-21,2025-04-21,cancelled
1546,6358,Basic,2023-11-01,2024-05-01,cancelled
1547,6364,Basic,2024-01-23,2024-07-23,active
1548,6366,Basic,2024-01-06,2024-08-06,cancelled
1549,6367,Basic,2023-02-11,2023-03-11,cancelled
1550,6369,Basic,2023-09-15,2024-08-15,active
1551,6370,Pro,2024-06-23,2024-12-23,active
1552,6383,Pro,2024-05-13,2024-10-13,active
1553,6385,Enterprise,2023-06-26,2024-03-26,cancelled
1554,6389,Basic,2023-01-27,2023-05-27,cancelled
1555,6393,Enterprise,2024-05-26,2025-05-26,cancelled
1556,6397,Basic,2024-02-24,2024-04-24,cancelled
1557,6398,Basic,2024-05-04,2025-03-04,active
1558,6403,Basic,2023-07-03,2023-08-03,cancelled
1559,6408,Basic,2023-11-25,2024-03-25,cancelled
1560,6409,Basic,2023-11-20,2024-11-20,active
1561,6416,Basic,2023-12-07,2024-01-07,cancelled
1562,6418,Enterprise,2023-01-24,2023-09-24,active
1563,6420,Basic,2023-09-27,2023-11-27,cancelled
1564,6424,Basic,2023-08-01,2023-10-01,active
1565,6426,Pro,2023-05-13,2024-01-13,active
1566,6432,Basic,2023-07-28,2024-04-28,cancelled
1567,6441,Pro,2024-06-16,2024-10-16,cancelled
1568,6444,Pro,2023-09-01,2024-09-01,cancelled
1569,6446,Basic,2023-03-12,2023-09-12,cancelled
1570,6451,Basic,2023-10-19,2024-02-19,cancelled
1571,6465,Basic,2023-03-17,2024-01-17,cancelled
1572,6466,Basic,2023-11-20,2024-02-20,cancelled
1573,6467,Basic,2024-02-03,2024-07-03,active
1574,6468,Basic,2023-02-17,2023-05-17,cancelled
1575,6471,Basic,2023-09-23,2023-10-23,cancelled
1576,6478,Basic,2023-04-22,2024-01-22,cancelled
1577,6479,Basic,2023-05-13,2024-05-13,active
1578,6481,Basic,2023-02-21,2023-09-21,active
1579,6486,Pro,2023-04-05,2024-01-05,active
1580,6488,Basic,2023-03-27,2024-03-27,active
1581,6489,Basic,2023-03-31,2023-07-31,active
1582,6490,Basic,2024-02-03,2024-08-03,active
1583,6496,Basic,2023-07-20,2024-06-20,active
1584,6503,Pro,2024-03-31,2025-02-28,active
1585,6509,Basic,2023-08-21,2024-04-21,cancelled
1586,6511,Basic,2023-03-02,2023-04-02,cancelled
1587,6512,Basic,2024-06-27,2025-02-27,cancelled
1588,6513,Basic,2023-11-01,2024-08-01,active
1589,6518,Pro,2024-01-06,2024-06-06,cancelled
1590,6524,Basic,2024-03-20,2024-04-20,cancelled
1591,6526,Pro,2024-02-18,2024-03-18,cancelled
1592,6531,Basic,2023-07-25,2023-08-25,active
1593,6533,Basic,2023-02-27,2023-08-27,active
1594,6534,Basic,2024-03-20,2025-03-20,active
1595,6552,Basic,2023-03-01,2023-11-01,cancelled
1596,6556,Pro,2024-07-09,2024-11-09,cancelled
1597,6558,Basic,2023-11-06,2024-01-06,active
1598,6560,Pro,2024-06-16,2024-11-16,active
1599,6561,Pro,2024-02-13,2024-07-13,cancelled
1600,6568,Basic,2023-03-08,2023-05-08,active
1601,6581,Basic,2023-04-15,2023-08-15,cancelled
1602,6583,Basic,2023-02-13,2023-03-13,cancelled
1603,6584,Basic,2024-02-26,2024-12-26,cancelled
1604,6585,Basic,2024-02-10,2024-09-10,active
1605,6591,Pro,2024-03-07,2025-01-07,active
1606,6596,Basic,2023-09-07,2024-07-07,cancelled
1607,6602,Basic,2023-02-23,2023-11-23,cancelled
1608,6606,Basic,2024-05-18,2025-03-18,active
1609,6616,Basic,2023-04-30,2023-08-30,cancelled
1610,6622,Basic,2024-05-12,2025-05-12,cancelled
1611,6626,Basic,2024-02-12,2024-09-12,cancelled
1612,6633,Pro,2023-04-30,2023-09-30,cancelled
1613,6635,Pro,2024-01-18,2024-09-18,cancelled
1614,6637,Basic,2023-09-29,2024-05-29,active
1615,6639,Enterprise,2023-02-05,2023-03-05,active
1616,6648,Pro,2023-08-10,2024-03-10,active
1617,6651,Basic,2023-03-17,2023-07-17,cancelled
1618,6658,Basic,2024-07-08,2024-09-08,cancelled
1619,6664,Pro,2024-04-17,2025-04-17,cancelled
1620,6666,Basic,2023-04-11,2023-08-11,cancelled
1621,6668,Basic,2023-11-11,2024-10-11,cancelled
1622,6672,Basic,2024-01-30,2024-04-30,active
1623,6675,Basic,2023-07-15,2024-05-15,cancelled
1624,6676,Basic,2023-09-01,2024-03-01,cancelled
1625,6677,Basic,2023-03-22,2023-04-22,cancelled
1626,6689,Basic,2023-06-29,2024-01-29,active
1627,6693,Basic,2024-06-11,2024-08-11,cancelled
1628,6697,Basic,2023-05-11,2024-04-11,active
1629,6701,Basic,2024-02-26,2025-02-26,active
1630,6708,Basic,2023-05-21,2024-04-21,cancelled
1631,6713,Pro,2023-09-08,2024-04-08,cancelled
1632,6716,Basic,2023-02-26,2024-02-26,cancelled
1633,6717,Pro,2024-01-06,2024-04-06,cancelled
1634,6728,Basic,2023-05-17,2024-05-17,active
1635,6729,Basic,2024-05-01,2024-07-01,cancelled
1636,6734,Basic,2023-05-31,2023-11-30,active
1637,6735,Basic,2024-02-23,2024-07-23,cancelled
1638,6736,Basic,2023-10-13,2024-01-13,active
1639,6739,Basic,2024-01-24,2024-12-24,active
1640,6742,Pro,2023-08-24,2024-03-24,active
1641,6752,Basic,2023-01-22,2023-12-22,cancelled
1642,6754,Basic,2024-03-19,2024-08-19,cancelled
1643,6756,Basic,2023-02-09,2023-11-09,active
1644,6757,Pro,2023-04-24,2024-04-24,cancelled
1645,6758,Basic,2024-06-06,2024-10-06,active
1646,6760,Basic,2023-04-26,2024-02-26,active
1647,6765,Basic,2023-10-13,2024-05-13,cancelled
1648,6766,Basic,2024-04-16,2025-04-16,active
1649,6767,Pro,2024-02-02,2025-01-02,cancelled
1650,6773,Basic,2023-06-26,2024-06-26,cancelled
1651,6776,Basic,2024-01-20,2024-09-20,active
1652,6777,Basic,2024-06-18,2025-03-18,cancelled
1653,6779,Pro,2023-10-15,2024-06-15,active
1654,6782,Pro,2024-01-02,2025-01-02,active
1655,6790,Basic,2024-02-11,2024-05-11,active
1656,6791,Basic,2024-02-04,2024-07-04,cancelled
1657,6797,Basic,2023-03-11,2024-01-11,active
1658,6799,Basic,2024-01-28,2024-04-28,cancelled
1659,6802,Pro,2023-12-24,2024-11-24,cancelled
1660,6803,Pro,2024-01-17,2024-10-17,active
1661,6804,Pro,2024-04-02,2024-05-02,cancelled
1662,6813,Pro,2024-06-07,2024-08-07,cancelled
1663,6824,Pro,2023-09-01,2024-01-01,cancelled
1664,6832,Basic,2023-03-29,2023-09-29,active
1665,6836,Pro,2023-11-05,2024-05-05,cancelled
1666,6838,Basic,2023-08-09,2024-08-09,cancelled
1667,6839,Pro,2023-07-04,2024-01-04,active
1668,6840,Basic,2024-05-20,2024-09-20,cancelled
1669,6843,Pro,2024-05-21,2025-04-21,active
1670,6845,Basic,2024-04-12,2024-11-12,active
1671,6846,Pro,2023-12-18,2024-12-18,active
1672,6848,Pro,2024-03-03,2025-02-03,active
1673,6855,Pro,2023-07-05,2024-04-05,cancelled
1674,6856,Enterprise,2024-01-29,2024-08-29,cancelled
1675,6857,Basic,2023-04-11,2023-08-11,active
1676,6859,Pro,2023-09-08,2024-07-08,cancelled
1677,6868,Pro,2023-06-25,2023-12-25,active
1678,6869,Basic,2023-11-16,2024-08-16,cancelled
1679,6875,Basic,2023-02-12,2023-11-12,active
1680,6877,Basic,2023-08-01,2024-04-01,cancelled
1681,6884,Basic,2023-04-09,2024-03-09,cancelled
1682,6890,Pro,2024-06-29,2025-02-28,cancelled
1683,6892,Basic,2024-06-17,2024-12-17,active
1684,6893,Basic,2023-06-03,2023-09-03,cancelled
1685,6903,Basic,2024-05-17,2025-05-17,active
1686,6909,Basic,2024-03-18,2024-04-18,cancelled
1687,6913,Pro,2023-08-02,2023-12-02,cancelled
1688,6917,Pro,2023-08-29,2023-10-29,cancelled
1689,6921,Basic,2023-06-07,2023-08-07,active
1690,6927,Basic,2023-09-03,2024-02-03,active
1691,6931,Pro,2023-10-09,2024-06-09,cancelled
1692,6933,Basic,2023-08-22,2024-01-22,active
1693,6934,Basic,2024-01-27,2024-12-27,active
1694,6936,Basic,2023-10-24,2024-06-24,cancelled
1695,6937,Basic,2023-03-07,2023-07-07,active
1696,6942,Pro,2024-01-03,2025-01-03,cancelled
1697,6945,Basic,2023-03-01,2023-08-01,cancelled
1698,6951,Basic,2023-07-20,2024-05-20,active
1699,6953,Pro,2024-06-27,2025-01-27,cancelled
1700,6957,Pro,2023-11-16,2024-07-16,cancelled
1701,6958,Basic,2024-04-06,2024-06-06,active
1702,6960,Basic,2023-07-27,2024-01-27,cancelled
1703,6961,Pro,2023-02-13,2023-05-13,cancelled
1704,6962,Basic,2023-02-25,2024-01-25,cancelled
1705,6964,Basic,2024-04-12,2025-02-12,cancelled
1706,6969,Basic,2023-09-29,2024-07-29,active
1707,6972,Basic,2023-04-08,2024-03-08,cancelled
1708,6975,Pro,2024-04-09,2024-08-09,cancelled
1709,6977,Basic,2023-08-04,2023-12-04,cancelled
1710,6984,Basic,2023-09-19,2023-12-19,cancelled
1711,6987,Pro,2023-06-15,2024-03-15,cancelled
1712,6992,Pro,2023-05-07,2023-08-07,active
1713,6995,Basic,2024-01-22,2024-09-22,cancelled
1714,7005,Basic,2023-04-06,2023-05-06,cancelled
1715,7006,Pro,2024-03-20,2025-01-20,active
1716,7007,Basic,2023-08-24,2024-04-24,active
1717,7010,Basic,2023-06-24,2024-02-24,cancelled
1718,7011,Basic,2024-03-18,2024-05-18,active
1719,7012,Basic,2023-06-19,2024-04-19,active
1720,7015,Basic,2023-10-31,2024-06-30,cancelled
1721,7016,Basic,2023-04-26,2023-08-26,active
1722,7026,Pro,2024-04-01,2025-02-01,active
1723,7028,Basic,2023-06-20,2023-12-20,cancelled
1724,7029,Pro,2024-04-18,2025-02-18,active
1725,7035,Basic,2024-02-27,2024-12-27,cancelled
1726,7036,Basic,2024-02-25,2024-07-25,active
1727,7038,Basic,2023-04-09,2024-02-09,cancelled
1728,7050,Pro,2023-07-03,2024-01-03,cancelled
1729,7055,Pro,2023-08-30,2023-10-30,cancelled
1730,7059,Pro,2023-02-04,2024-02-04,active
1731,7061,Basic,2023-08-28,2024-05-28,active
1732,7065,Pro,2023-08-01,2024-06-01,active
1733,7069,Basic,2023-11-05,2024-01-05,cancelled
1734,7070,Basic,2024-06-14,2024-12-14,cancelled
1735,7071,Basic,2023-05-01,2023-08-01,active
1736,7073,Basic,2023-12-28,2024-12-28,active
1737,7075,Basic,2024-05-20,2024-06-20,cancelled
1738,7079,Pro,2024-02-04,2025-02-04,cancelled
1739,7091,Basic,2023-12-27,2024-06-27,cancelled
1740,7093,Pro,2024-01-17,2024-05-17,active
1741,7098,Basic,2023-09-08,2024-06-08,active
1742,7104,Basic,2023-12-20,2024-11-20,cancelled
1743,7110,Basic,2023-07-18,2024-04-18,cancelled
1744,7115,Pro,2023-09-13,2024-02-13,cancelled
1745,7117,Basic,2023-12-02,2024-02-02,cancelled
1746,7123,Basic,2023-07-16,2023-12-16,active
1747,7126,Basic,2024-04-06,2025-04-06,cancelled
1748,7129,Basic,2023-09-28,2024-05-28,active
1749,7131,Pro,2024-04-02,2024-06-02,active
1750,7134,Basic,2024-02-14,2024-03-14,active
1751,7143,Basic,2024-02-25,2024-04-25,active
1752,7146,Basic,2024-01-13,2024-02-13,cancelled
1753,7147,Basic,2024-05-03,2025-01-03,active
1754,7151,Pro,2023-07-03,2023-10-03,cancelled
1755,7153,Basic,2023-04-08,2023-06-08,cancelled
1756,7163,Pro,2024-03-09,2024-08-09,cancelled
1757,7166,Pro,2024-02-18,2024-07-18,cancelled
1758,7167,Basic,2023-07-03,2023-08-03,cancelled
1759,7173,Pro,2023-06-29,2024-03-29,cancelled
1760,7182,Basic,2023-01-30,2023-05-30,cancelled
1761,7185,Basic,2024-06-13,2024-11-13,active
1762,7187,Basic,2023-02-26,2024-02-26,cancelled
1763,7191,Pro,2023-01-28,2023-05-28,cancelled
1764,7193,Basic,2023-04-09,2023-11-09,cancelled
1765,7194,Basic,2024-06-21,2025-04-21,cancelled
1766,7195,Basic,2024-02-23,2025-01-23,cancelled
1767,7203,Enterprise,2023-02-16,2023-04-16,cancelled
1768,7212,Basic,2024-07-08,2025-05-08,active
1769,7215,Basic,2023-10-27,2023-11-27,cancelled
1770,7216,Basic,2023-09-12,2024-02-12,cancelled
1771,7219,Pro,2023-08-06,2024-02-06,cancelled
1772,7221,Basic,2023-11-06,2024-10-06,active
1773,7223,Basic,2024-02-16,2024-12-16,cancelled
1774,7225,Pro,2023-07-21,2024-06-21,cancelled
1775,7230,Basic,2023-07-13,2024-04-13,active
1776,7238,Basic,2024-02-01,2024-03-01,active
1777,7240,Basic,2024-06-15,2024-08-15,active
1778,7242,Basic,2023-08-20,2024-07-20,cancelled
1779,7244,Basic,2023-03-22,2023-08-22,active
1780,7245,Basic,2023-11-03,2023-12-03,cancelled
1781,7246,Pro,2024-07-04,2025-04-04,cancelled
1782,7248,Pro,2023-08-09,2024-01-09,active
1783,7256,Basic,2024-03-14,2024-07-14,cancelled
1784,7258,Basic,2023-09-10,2024-01-10,cancelled
1785,7260,Basic,2024-01-21,2024-03-21,cancelled
1786,7262,Basic,2024-01-04,2024-11-04,active
1787,7266,Basic,2023-06-02,2024-05-02,active
1788,7267,Pro,2023-11-08,2023-12-08,cancelled
1789,7269,Basic,2023-04-26,2023-05-26,cancelled
1790,7279,Basic,2023-05-20,2024-04-20,cancelled
1791,7284,Pro,2024-06-03,2024-09-03,cancelled
1792,7288,Pro,2023-11-23,2024-06-23,cancelled
1793,7291,Pro,2023-02-19,2023-08-19,cancelled
1794,7293,Basic,2023-06-27,2024-01-27,active
1795,7297,Basic,2024-04-15,2024-10-15,cancelled
1796,7298,Basic,2023-08-10,2024-07-10,active
1797,7300,Basic,2024-06-10,2024-09-10,active
1798,7305,Basic,2023-09-03,2024-04-03,cancelled
1799,7307,Basic,2023-11-22,2024-01-22,cancelled
1800,7309,Basic,2023-02-17,2023-04-17,cancelled
1801,7314,Pro,2023-09-21,2024-04-21,active
1802,7315,Basic,2024-01-07,2024-04-07,cancelled
1803,7319,Pro,2024-06-09,2024-08-09,cancelled
1804,7321,Basic,2023-05-11,2023-07-11,cancelled
1805,7323,Basic,2024-04-29,2024-08-29,cancelled
1806,7333,Basic,2023-05-27,2024-05-27,active
1807,7334,Basic,2023-03-27,2024-03-27,cancelled
1808,7338,Basic,2023-03-18,2023-10-18,cancelled
1809,7341,Basic,2023-05-18,2023-10-18,active
1810,7343,Pro,2023-12-08,2024-05-08,active
1811,7344,Basic,2023-05-28,2023-07-28,cancelled
1812,7349,Basic,2023-07-20,2024-03-20,cancelled
1813,7354,Basic,2024-07-15,2024-12-15,cancelled
1814,7356,Basic,2023-08-01,2024-01-01,cancelled
1815,7357,Basic,2023-07-28,2024-03-28,cancelled
1816,7358,Basic,2023-12-22,2024-02-22,cancelled
1817,7364,Basic,2024-01-01,2024-03-01,cancelled
1818,7371,Basic,2023-03-03,2023-10-03,cancelled
1819,7374,Basic,2023-10-29,2024-04-29,cancelled
1820,7382,Pro,2024-06-29,2024-11-29,active
1821,7389,Pro,2024-03-25,2024-11-25,active
1822,7392,Basic,2023-03-23,2023-08-23,cancelled
1823,7393,Basic,2023-01-30,2023-05-30,active
1824,7394,Basic,2023-12-24,2024-04-24,cancelled
1825,7397,Basic,2024-01-29,2024-05-29,cancelled
1826,7398,Pro,2023-12-07,2024-05-07,cancelled
1827,7405,Basic,2024-06-27,2024-10-27,active
1828,7406,Basic,2023-02-06,2023-10-06,active
1829,7412,Basic,2024-01-03,2024-06-03,cancelled
1830,7414,Pro,2023-02-27,2023-12-27,active
1831,7416,Pro,2024-01-03,2024-06-03,active
1832,7425,Pro,2024-01-02,2024-07-02,active
1833,7428,Pro,2023-07-15,2024-01-15,cancelled
1834,7429,Basic,2023-05-08,2024-04-08,active
1835,7434,Basic,2024-03-29,2025-02-28,cancelled
1836,7436,Basic,2023-08-02,2024-01-02,cancelled
1837,7440,Basic,2023-02-20,2024-02-20,cancelled
1838,7443,Basic,2023-10-07,2023-12-07,cancelled
1839,7444,Basic,2023-03-04,2024-03-04,cancelled
1840,7445,Pro,2023-09-21,2024-08-21,active
1841,7447,Pro,2024-03-11,2024-11-11,active
1842,7455,Basic,2023-04-27,2023-09-27,active
1843,7461,Basic,2023-12-15,2024-06-15,active
1844,7468,Basic,2024-06-05,2025-06-05,active
1845,7472,Pro,2023-12-26,2024-07-26,active
1846,7473,Basic,2023-01-24,2023-11-24,active
1847,7477,Basic,2023-10-22,2024-02-22,active
1848,7483,Basic,2024-02-12,2024-12-12,active
1849,7491,Pro,2024-03-13,2024-10-13,cancelled
1850,7495,Basic,2023-10-07,2024-03-07,cancelled
1851,7497,Basic,2023-07-20,2023-12-20,cancelled
1852,7498,Enterprise,2024-01-27,2024-08-27,active
1853,7502,Basic,2023-05-05,2023-09-05,cancelled
1854,7513,Pro,2023-03-03,2024-02-03,active
1855,7519,Basic,2023-08-14,2023-12-14,cancelled
1856,7524,Basic,2023-12-03,2024-04-03,active
1857,7525,Pro,2024-06-21,2024-09-21,active
1858,7530,Basic,2023-08-01,2024-02-01,cancelled
1859,7531,Pro,2024-01-04,2024-08-04,cancelled
1860,7532,Basic,2024-05-01,2024-07-01,active
1861,7539,Basic,2024-02-09,2024-08-09,cancelled
1862,7543,Basic,2023-04-25,2023-05-25,active
1863,7546,Pro,2023-01-20,2023-03-20,cancelled
1864,7548,Pro,2023-10-16,2024-01-16,active
1865,7549,Pro,2023-08-25,2024-08-25,active
1866,7552,Basic,2023-12-04,2024-05-04,active
1867,7557,Pro,2024-01-20,2024-11-20,cancelled
1868,7559,Basic,2023-12-19,2024-05-19,cancelled
1869,7562,Pro,2023-06-09,2024-03-09,cancelled
1870,7565,Pro,2024-03-17,2024-07-17,active
1871,7566,Basic,2024-06-28,2024-12-28,cancelled
1872,7567,Basic,2024-01-15,2024-04-15,cancelled
1873,7584,Basic,2024-06-08,2025-05-08,cancelled
1874,7593,Pro,2023-09-12,2024-01-12,active
1875,7600,Basic,2023-07-29,2023-12-29,cancelled
1876,7609,Basic,2023-10-01,2024-04-01,cancelled
1877,7611,Basic,2023-06-12,2024-04-12,cancelled
1878,7616,Basic,2023-09-17,2024-09-17,cancelled
1879,7619,Basic,2024-04-30,2024-10-30,active
1880,7621,Basic,2024-04-13,2024-12-13,active
1881,7624,Basic,2024-03-05,2024-11-05,cancelled
1882,7627,Pro,2024-01-21,2024-10-21,cancelled
1883,7628,Basic,2023-11-26,2024-05-26,active
1884,7630,Basic,2023-02-28,2023-09-28,active
1885,7634,Basic,2023-07-18,2024-02-18,cancelled
1886,7637,Basic,2024-03-24,2024-08-24,cancelled
1887,7638,Pro,2023-11-25,2024-07-25,cancelled
1888,7639,Basic,2024-02-09,2024-09-09,cancelled
1889,7642,Basic,2024-02-07,2024-04-07,active
1890,7645,Pro,2023-11-28,2024-11-28,active
1891,7657,Pro,2024-02-05,2024-05-05,active
1892,7658,Pro,2024-02-26,2024-10-26,cancelled
1893,7663,Basic,2023-05-22,2023-10-22,cancelled
1894,7666,Enterprise,2023-03-28,2024-03-28,active
1895,7670,Basic,2024-01-01,2024-09-01,active
1896,7673,Pro,2023-12-15,2024-11-15,active
1897,7674,Basic,2023-06-23,2023-12-23,active
1898,7676,Basic,2023-11-25,2024-06-25,active
1899,7679,Basic,2023-09-12,2023-11-12,cancelled
1900,7684,Basic,2024-02-08,2024-12-08,active
1901,7690,Pro,2023-05-02,2023-11-02,active
1902,7700,Basic,2024-03-20,2024-04-20,cancelled
1903,7701,Basic,2023-12-18,2024-02-18,cancelled
1904,7702,Pro,2023-12-15,2024-04-15,cancelled
1905,7703,Enterprise,2024-03-04,2025-03-04,active
1906,7706,Basic,2023-03-17,2023-04-17,active
1907,7712,Basic,2024-06-18,2024-08-18,active
1908,7713,Pro,2023-03-11,2023-10-11,active
1909,7717,Basic,2024-04-22,2025-03-22,cancelled
1910,7720,Pro,2023-12-31,2024-04-30,active
1911,7724,Basic,2023-08-30,2024-07-30,cancelled
1912,7732,Basic,2023-09-09,2024-07-09,active
1913,7736,Basic,2023-07-18,2023-10-18,active
1914,7738,Basic,2024-04-06,2024-08-06,cancelled
1915,7739,Basic,2023-01-21,2023-12-21,cancelled
1916,7744,Enterprise,2023-10-16,2024-10-16,cancelled
1917,7745,Basic,2024-03-16,2025-03-16,cancelled
1918,7746,Basic,2024-03-05,2024-06-05,cancelled
1919,7751,Basic,2023-07-26,2024-07-26,cancelled
1920,7756,Pro,2023-10-26,2024-02-26,cancelled
1921,7760,Basic,2023-10-15,2024-06-15,cancelled
1922,7766,Basic,2024-01-16,2024-05-16,active
1923,7767,Pro,2023-08-07,2024-03-07,active
1924,7771,Basic,2024-02-22,2024-04-22,cancelled
1925,7787,Pro,2024-01-22,2024-08-22,active
1926,7796,Basic,2024-06-02,2024-11-02,cancelled
1927,7799,Enterprise,2024-01-31,2024-10-31,cancelled
1928,7800,Basic,2024-02-20,2024-07-20,cancelled
1929,7804,Basic,2023-11-07,2024-07-07,cancelled
1930,7806,Basic,2024-05-30,2025-02-28,active
1931,7810,Basic,2024-04-30,2024-12-30,active
1932,7816,Basic,2024-02-26,2024-06-26,cancelled
1933,7820,Basic,2024-01-22,2024-05-22,cancelled
1934,7823,Basic,2023-11-26,2024-11-26,cancelled
1935,7832,Basic,2023-09-11,2023-11-11,cancelled
1936,7834,Basic,2023-05-17,2023-11-17,cancelled
1937,7835,Basic,2023-08-16,2024-05-16,active
1938,7841,Basic,2023-05-22,2024-03-22,active
1939,7842,Basic,2023-10-20,2024-02-20,active
1940,7843,Basic,2023-07-23,2023-09-23,cancelled
1941,7844,Pro,2023-10-08,2023-11-08,cancelled
1942,7845,Enterprise,2024-05-13,2025-03-13,active
1943,7846,Basic,2023-12-16,2024-02-16,cancelled
1944,7848,Basic,2024-03-22,2024-09-22,active
1945,7852,Basic,2024-07-12,2025-05-12,active
1946,7863,Basic,2023-08-23,2023-12-23,active
1947,7866,Basic,2023-04-15,2023-11-15,active
1948,7867,Pro,2023-10-18,2023-12-18,cancelled
1949,7869,Basic,2023-08-28,2023-12-28,cancelled
1950,7872,Basic,2023-09-03,2024-06-03,cancelled
1951,7875,Pro,2023-06-02,2024-02-02,cancelled
1952,7878,Basic,2023-08-22,2024-08-22,active
1953,7882,Basic,2024-01-11,2024-10-11,cancelled
1954,7892,Enterprise,2023-12-01,2024-11-01,cancelled
1955,7895,Basic,2023-12-14,2024-07-14,cancelled
1956,7896,Basic,2023-01-31,2023-08-31,active
1957,7904,Basic,2023-10-18,2024-09-18,cancelled
1958,7906,Basic,2024-01-16,2024-03-16,cancelled
1959,7907,Basic,2024-01-23,2024-10-23,active
1960,7908,Basic,2024-03-11,2025-01-11,active
1961,7910,Basic,2024-03-18,2024-08-18,active
1962,7914,Basic,2023-06-30,2024-05-30,cancelled
1963,7916,Basic,2024-04-10,2024-10-10,cancelled
1964,7923,Pro,2024-06-01,2024-08-01,cancelled
1965,7925,Basic,2023-12-15,2024-06-15,cancelled
1966,7927,Pro,2024-03-11,2025-01-11,active
1967,7929,Pro,2024-01-14,2025-01-14,cancelled
1968,7930,Basic,2023-12-24,2024-01-24,active
1969,7931,Basic,2023-06-27,2023-07-27,cancelled
1970,7932,Basic,2023-06-05,2024-05-05,active
1971,7938,Basic,2023-03-04,2023-10-04,cancelled
1972,7940,Pro,2024-05-21,2024-11-21,cancelled
1973,7947,Basic,2023-06-21,2023-09-21,cancelled
1974,7950,Basic,2023-05-04,2024-01-04,active
1975,7953,Basic,2023-06-14,2023-10-14,active
1976,7954,Basic,2024-03-18,2024-11-18,cancelled
1977,7960,Basic,2023-02-05,2023-10-05,cancelled
1978,7964,Basic,2024-07-08,2024-11-08,active
1979,7969,Basic,2024-03-14,2024-04-14,cancelled
1980,7978,Basic,2024-07-11,2024-09-11,cancelled
1981,7986,Basic,2023-06-13,2024-02-13,cancelled
1982,7989,Basic,2023-12-20,2024-11-20,cancelled
1983,7990,Basic,2023-04-25,2023-09-25,active
1984,7993,Basic,2024-01-08,2025-01-08,cancelled
1985,7998,Basic,2023-12-15,2024-08-15,cancelled
1986,8000,Pro,2023-05-07,2023-09-07,active
1987,8002,Basic,2023-10-02,2024-10-02,cancelled
1988,8003,Pro,2023-07-21,2024-07-21,active
1989,8006,Basic,2023-09-19,2024-02-19,active
1990,8007,Basic,2024-06-09,2025-04-09,cancelled
1991,8014,Basic,2024-02-22,2024-12-22,active
1992,8017,Basic,2023-06-13,2023-10-13,cancelled
1993,8018,Pro,2023-12-02,2024-03-02,cancelled
1994,8026,Basic,2024-07-19,2024-11-19,active
1995,8027,Basic,2023-06-13,2023-12-13,active
1996,8028,Basic,2023-02-06,2023-05-06,active
1997,8031,Basic,2024-05-19,2025-04-19,active
1998,8033,Pro,2023-12-25,2024-11-25,cancelled
1999,8035,Basic,2024-03-19,2025-03-19,active
2000,8037,Basic,2024-06-27,2024-11-27,active
2001,8041,Basic,2023-03-01,2023-04-01,active
2002,8045,Pro,2023-02-07,2023-06-07,cancelled
2003,8052,Pro,2023-12-02,2024-04-02,cancelled
2004,8057,Pro,2024-02-11,2024-03-11,cancelled
2005,8058,Pro,2023-09-24,2024-04-24,cancelled
2006,8065,Basic,2023-10-06,2024-05-06,active
2007,8066,Basic,2023-10-02,2024-10-02,cancelled
2008,8068,Pro,2024-04-08,2024-05-08,cancelled
2009,8070,Pro,2023-02-10,2023-03-10,cancelled
2010,8072,Pro,2023-04-22,2024-03-22,cancelled
2011,8074,Basic,2023-09-30,2024-04-30,cancelled
2012,8080,Pro,2023-06-01,2024-02-01,cancelled
2013,8083,Basic,2024-01-25,2024-05-25,active
2014,8084,Basic,2023-08-11,2023-11-11,cancelled
2015,8085,Basic,2024-04-25,2024-11-25,cancelled
2016,8088,Basic,2023-11-14,2024-11-14,cancelled
2017,8089,Pro,2023-05-07,2023-10-07,cancelled
2018,8098,Basic,2023-08-07,2024-05-07,active
2019,8099,Basic,2023-10-05,2024-05-05,active
2020,8101,Pro,2023-04-01,2024-04-01,cancelled
2021,8102,Basic,2023-04-17,2023-08-17,cancelled
2022,8110,Basic,2023-09-03,2024-02-03,cancelled
2023,8114,Basic,2023-02-23,2024-01-23,cancelled
2024,8117,Pro,2024-05-16,2024-11-16,cancelled
2025,8118,Basic,2023-11-17,2024-05-17,active
2026,8122,Basic,2024-03-26,2024-12-26,cancelled
2027,8127,Basic,2023-05-15,2024-03-15,cancelled
2028,8128,Pro,2024-05-30,2024-12-30,cancelled
2029,8131,Basic,2023-02-23,2023-07-23,active
2030,8140,Basic,2024-04-07,2024-05-07,active
2031,8142,Basic,2023-06-03,2023-08-03,active
2032,8150,Basic,2023-06-03,2023-08-03,active
2033,8155,Basic,2023-09-29,2024-07-29,active
2034,8156,Basic,2024-04-06,2025-03-06,active
2035,8157,Basic,2023-02-09,2023-11-09,cancelled
2036,8166,Enterprise,2024-01-30,2025-01-30,active
2037,8167,Pro,2024-07-19,2025-04-19,cancelled
2038,8170,Pro,2023-11-15,2024-03-15,active
2039,8173,Basic,2023-12-01,2024-02-01,cancelled
2040,8176,Pro,2023-07-24,2024-03-24,active
2041,8179,Basic,2024-02-10,2024-06-10,cancelled
2042,8180,Basic,2023-11-30,2024-03-30,cancelled
2043,8181,Basic,2024-01-20,2024-08-20,cancelled
2044,8182,Basic,2023-12-13,2024-01-13,active
2045,8184,Basic,2023-12-19,2024-05-19,active
2046,8193,Basic,2024-01-28,2024-11-28,active
2047,8195,Basic,2024-02-20,2024-10-20,cancelled
2048,8197,Basic,2023-03-03,2023-09-03,active
2049,8201,Basic,2023-02-07,2024-02-07,cancelled
2050,8206,Basic,2023-12-05,2024-10-05,cancelled
2051,8207,Basic,2024-05-27,2024-08-27,cancelled
2052,8214,Enterprise,2023-10-06,2024-07-06,cancelled
2053,8216,Pro,2023-10-06,2024-07-06,active
2054,8225,Basic,2023-03-14,2024-01-14,cancelled
2055,8231,Basic,2023-12-16,2024-09-16,cancelled
2056,8247,Pro,2024-05-02,2025-05-02,cancelled
2057,8255,Basic,2024-05-16,2024-11-16,active
2058,8263,Pro,2023-12-23,2024-06-23,cancelled
2059,8266,Basic,2023-04-22,2024-02-22,cancelled
2060,8269,Basic,2024-04-07,2024-10-07,active
2061,8273,Basic,2024-06-16,2025-03-16,active
2062,8274,Basic,2023-06-03,2023-07-03,cancelled
2063,8275,Pro,2023-11-10,2024-07-10,cancelled
2064,8277,Pro,2023-05-21,2023-12-21,cancelled
2065,8282,Pro,2023-05-29,2023-06-29,cancelled
2066,8285,Enterprise,2023-09-19,2024-03-19,active
2067,8291,Basic,2023-04-11,2023-12-11,cancelled
2068,8292,Pro,2023-04-27,2024-02-27,cancelled
2069,8294,Basic,2024-04-02,2024-08-02,active
2070,8302,Basic,2023-06-24,2023-11-24,cancelled
2071,8305,Pro,2023-04-13,2024-03-13,cancelled
2072,8306,Basic,2023-08-01,2024-06-01,cancelled
2073,8307,Basic,2024-06-28,2025-06-28,cancelled
2074,8310,Basic,2024-01-06,2024-07-06,cancelled
2075,8315,Basic,2023-02-03,2023-11-03,cancelled
2076,8323,Basic,2024-05-26,2025-05-26,cancelled
2077,8333,Pro,2023-05-15,2024-02-15,cancelled
2078,8336,Basic,2023-01-20,2023-07-20,active
2079,8338,Pro,2023-03-09,2024-02-09,active
2080,8339,Basic,2024-07-01,2024-08-01,cancelled
2081,8340,Basic,2024-01-17,2024-03-17,active
2082,8341,Pro,2023-12-31,2024-07-31,active
2083,8342,Pro,2023-03-11,2023-05-11,cancelled
2084,8346,Basic,2023-03-17,2023-06-17,cancelled
2085,8349,Basic,2024-06-18,2025-04-18,cancelled
2086,8357,Pro,2023-11-16,2024-01-16,cancelled
2087,8359,Pro,2023-02-04,2023-11-04,active
2088,8365,Basic,2024-03-24,2024-06-24,cancelled
2089,8369,Basic,2023-02-06,2023-04-06,active
2090,8371,Basic,2023-02-11,2023-06-11,cancelled
2091,8372,Pro,2023-09-09,2023-11-09,active
2092,8379,Basic,2024-06-23,2024-08-23,active
2093,8380,Basic,2023-03-13,2023-09-13,cancelled
2094,8382,Pro,2023-03-11,2023-04-11,cancelled
2095,8386,Pro,2024-04-20,2024-05-20,active
2096,8387,Basic,2023-02-02,2023-03-02,cancelled
2097,8393,Pro,2023-11-21,2024-10-21,cancelled
2098,8395,Basic,2024-04-24,2024-06-24,active
2099,8401,Basic,2023-10-08,2024-03-08,active
2100,8411,Basic,2024-03-10,2024-11-10,cancelled
2101,8412,Pro,2023-03-11,2023-08-11,cancelled
2102,8415,Basic,2024-03-06,2024-04-06,cancelled
2103,8419,Basic,2023-09-06,2024-05-06,active
2104,8421,Basic,2023-10-26,2024-04-26,cancelled
2105,8440,Pro,2023-11-01,2023-12-01,cancelled
2106,8443,Basic,2023-10-28,2024-06-28,cancelled
2107,8453,Basic,2024-06-12,2024-09-12,active
2108,8454,Pro,2023-10-30,2024-03-30,active
2109,8455,Basic,2023-09-29,2024-07-29,active
2110,8459,Basic,2023-07-29,2024-04-29,active
2111,8465,Pro,2024-01-21,2024-08-21,active
2112,8468,Basic,2023-03-20,2023-06-20,cancelled
2113,8474,Basic,2024-05-06,2025-03-06,active
2114,8475,Basic,2023-10-07,2024-08-07,cancelled
2115,8477,Basic,2024-06-26,2024-11-26,cancelled
2116,8481,Basic,2024-04-15,2024-10-15,cancelled
2117,8484,Basic,2024-06-03,2025-05-03,cancelled
2118,8495,Basic,2023-05-26,2024-05-26,cancelled
2119,8499,Basic,2024-03-03,2024-05-03,cancelled
2120,8514,Basic,2023-07-01,2023-12-01,cancelled
2121,8516,Basic,2023-04-16,2024-03-16,cancelled
2122,8518,Basic,2024-01-03,2024-07-03,active
2123,8522,Pro,2024-07-12,2024-10-12,cancelled
2124,8524,Pro,2023-05-26,2024-05-26,active
2125,8533,Basic,2024-04-27,2025-03-27,cancelled
2126,8537,Basic,2023-10-31,2024-02-29,active
2127,8540,Basic,2023-08-28,2024-04-28,cancelled
2128,8542,Basic,2023-03-07,2023-12-07,active
2129,8543,Basic,2023-06-08,2023-08-08,cancelled
2130,8544,Pro,2023-08-08,2023-11-08,active
2131,8545,Basic,2023-02-24,2023-04-24,cancelled
2132,8551,Basic,2023-02-18,2024-02-18,cancelled
2133,8552,Pro,2023-10-16,2024-04-16,active
2134,8563,Basic,2023-01-27,2023-11-27,cancelled
2135,8565,Basic,2023-08-01,2024-04-01,cancelled
2136,8570,Pro,2023-07-06,2024-02-06,active
2137,8574,Basic,2023-10-21,2023-11-21,cancelled
2138,8578,Basic,2023-08-01,2023-12-01,cancelled
2139,8579,Pro,2024-01-25,2024-10-25,cancelled
2140,8580,Basic,2023-09-03,2024-09-03,cancelled
2141,8581,Basic,2023-09-02,2024-06-02,cancelled
2142,8589,Pro,2023-05-16,2023-08-16,active
2143,8590,Basic,2023-11-29,2024-10-29,active
2144,8600,Basic,2023-06-30,2023-10-30,cancelled
2145,8603,Basic,2023-03-28,2024-02-28,active
2146,8606,Basic,2023-03-21,2023-11-21,active
2147,8607,Basic,2023-08-17,2024-03-17,cancelled
2148,8610,Basic,2023-07-29,2023-09-29,cancelled
2149,8614,Enterprise,2023-02-27,2023-04-27,cancelled
2150,8616,Pro,2023-06-16,2024-03-16,cancelled
2151,8617,Basic,2023-06-28,2024-06-28,cancelled
2152,8621,Basic,2023-10-12,2024-10-12,cancelled
2153,8622,Basic,2023-02-15,2023-08-15,cancelled
2154,8627,Basic,2024-03-02,2024-05-02,cancelled
2155,8629,Basic,2023-06-24,2024-04-24,active
2156,8630,Pro,2024-05-08,2024-09-08,cancelled
2157,8631,Pro,2024-04-27,2025-04-27,cancelled
2158,8637,Pro,2023-10-17,2024-07-17,cancelled
2159,8648,Pro,2024-04-19,2024-09-19,cancelled
2160,8656,Pro,2023-03-24,2023-11-24,cancelled
2161,8663,Basic,2023-07-06,2024-07-06,cancelled
2162,8669,Basic,2024-04-29,2024-05-29,cancelled
2163,8670,Basic,2023-06-08,2024-02-08,cancelled
2164,8682,Basic,2023-07-02,2023-09-02,cancelled
2165,8690,Enterprise,2024-07-01,2025-02-01,cancelled
2166,8691,Basic,2024-02-27,2024-11-27,cancelled
2167,8693,Basic,2023-08-13,2023-12-13,cancelled
2168,8698,Basic,2024-03-28,2024-12-28,active
2169,8699,Pro,2023-12-23,2024-11-23,cancelled
2170,8702,Pro,2024-02-21,2025-01-21,cancelled
2171,8711,Basic,2023-11-01,2024-04-01,active
2172,8712,Pro,2023-07-31,2023-09-30,active
2173,8716,Basic,2023-07-13,2023-11-13,active
2174,8718,Basic,2023-10-07,2024-02-07,cancelled
2175,8719,Basic,2023-06-28,2023-09-28,cancelled
2176,8720,Basic,2024-03-27,2025-01-27,cancelled
2177,8722,Basic,2024-04-28,2024-07-28,cancelled
2178,8730,Basic,2023-02-07,2023-05-07,cancelled
2179,8738,Pro,2024-01-09,2024-07-09,active
2180,8746,Pro,2024-03-09,2025-01-09,cancelled
2181,8747,Basic,2023-08-24,2023-11-24,cancelled
2182,8750,Pro,2024-04-23,2025-02-23,cancelled
2183,8751,Pro,2023-08-17,2024-01-17,cancelled
2184,8754,Basic,2024-01-25,2024-02-25,cancelled
2185,8756,Basic,2023-08-26,2024-06-26,cancelled
2186,8757,Basic,2023-06-02,2024-06-02,cancelled
2187,8761,Pro,2023-08-13,2023-12-13,cancelled
2188,8768,Basic,2024-01-03,2024-07-03,cancelled
2189,8769,Pro,2023-01-27,2023-03-27,cancelled
2190,8770,Basic,2023-12-14,2024-10-14,active
2191,8771,Basic,2023-08-18,2023-10-18,cancelled
2192,8776,Pro,2023-04-27,2023-12-27,active
2193,8781,Basic,2023-10-20,2024-01-20,active
2194,8796,Pro,2023-04-24,2023-09-24,cancelled
2195,8808,Basic,2024-01-19,2024-11-19,active
2196,8809,Pro,2023-05-12,2024-03-12,cancelled
2197,8810,Pro,2024-05-25,2024-11-25,cancelled
2198,8811,Basic,2023-09-30,2024-06-30,cancelled
2199,8812,Pro,2023-09-12,2024-03-12,cancelled
2200,8814,Basic,2023-03-06,2024-03-06,cancelled
2201,8816,Basic,2024-07-17,2025-06-17,active
2202,8821,Basic,2024-05-15,2025-05-15,active
2203,8826,Pro,2024-04-08,2024-06-08,cancelled
2204,8827,Basic,2024-01-04,2024-10-04,active
2205,8829,Pro,2023-05-26,2024-02-26,cancelled
2206,8845,Basic,2024-07-15,2025-04-15,active
2207,8850,Basic,2024-07-08,2025-01-08,cancelled
2208,8859,Basic,2023-11-29,2024-10-29,active
2209,8861,Basic,2024-04-08,2025-04-08,cancelled
2210,8862,Basic,2024-02-08,2024-07-08,active
2211,8865,Basic,2023-12-10,2024-03-10,cancelled
2212,8874,Pro,2023-07-16,2023-09-16,cancelled
2213,8875,Pro,2024-03-12,2024-06-12,active
2214,8882,Basic,2023-03-11,2023-04-11,active
2215,8884,Basic,2024-03-07,2025-02-07,cancelled
2216,8885,Pro,2023-11-27,2024-07-27,cancelled
2217,8891,Basic,2023-07-25,2024-02-25,cancelled
2218,8896,Pro,2023-03-08,2023-12-08,active
2219,8898,Basic,2024-04-17,2025-04-17,cancelled
2220,8901,Basic,2023-05-27,2024-04-27,active
2221,8911,Basic,2024-04-09,2024-06-09,active
2222,8913,Pro,2024-04-21,2024-12-21,active
2223,8916,Pro,2024-06-07,2025-05-07,cancelled
2224,8926,Basic,2023-04-12,2023-11-12,active
2225,8929,Pro,2024-07-11,2024-08-11,cancelled
2226,8937,Basic,2023-03-21,2023-08-21,cancelled
2227,8956,Pro,2023-04-27,2023-10-27,active
2228,8957,Pro,2023-10-10,2024-09-10,active
2229,8964,Basic,2023-12-13,2024-03-13,active
2230,8965,Basic,2023-03-16,2023-12-16,active
2231,8968,Basic,2024-07-01,2025-05-01,active
2232,8969,Pro,2023-03-23,2024-01-23,active
2233,8971,Pro,2023-07-04,2024-07-04,active
2234,8974,Basic,2024-03-25,2025-01-25,active
2235,8976,Pro,2024-04-14,2024-10-14,cancelled
2236,8977,Basic,2024-07-21,2024-08-21,active
2237,8983,Basic,2023-04-22,2024-03-22,active
2238,8988,Basic,2024-05-01,2025-05-01,cancelled
2239,8992,Pro,2023-07-13,2024-06-13,active
2240,8995,Basic,2023-03-11,2023-11-11,active
2241,8998,Pro,2023-12-11,2024-08-11,active
2242,9002,Pro,2023-07-09,2024-06-09,cancelled
2243,9003,Pro,2024-06-15,2024-09-15,cancelled
2244,9004,Basic,2023-11-01,2024-07-01,cancelled
2245,9012,Basic,2024-02-19,2024-06-19,cancelled
2246,9016,Basic,2024-06-17,2024-10-17,cancelled
2247,9018,Basic,2024-05-27,2025-02-27,active
2248,9020,Pro,2023-09-10,2024-06-10,cancelled
2249,9024,Basic,2023-08-20,2024-08-20,active
2250,9032,Pro,2023-02-09,2023-04-09,active
2251,9034,Basic,2023-04-23,2024-02-23,cancelled
2252,9035,Pro,2023-12-01,2024-03-01,cancelled
2253,9041,Basic,2023-10-30,2023-12-30,cancelled
2254,9042,Pro,2023-03-19,2023-04-19,cancelled
2255,9045,Basic,2023-02-25,2024-02-25,active
2256,9047,Pro,2023-03-14,2023-07-14,active
2257,9052,Pro,2024-01-01,2024-12-01,active
2258,9059,Pro,2023-09-10,2023-10-10,cancelled
2259,9066,Basic,2023-04-11,2024-04-11,cancelled
2260,9073,Pro,2024-01-05,2024-09-05,cancelled
2261,9077,Basic,2023-07-24,2024-05-24,cancelled
2262,9079,Basic,2023-09-14,2023-12-14,cancelled
2263,9081,Pro,2023-08-16,2023-12-16,cancelled
2264,9084,Basic,2023-12-15,2024-03-15,active
2265,9088,Basic,2023-02-25,2024-01-25,cancelled
2266,9091,Basic,2023-10-29,2024-01-29,active
2267,9092,Enterprise,2023-06-17,2023-07-17,cancelled
2268,9097,Pro,2023-11-16,2024-11-16,cancelled
2269,9099,Basic,2024-03-25,2024-06-25,cancelled
2270,9104,Pro,2023-04-08,2023-05-08,active
2271,9108,Basic,2023-07-19,2024-07-19,cancelled
2272,9112,Basic,2024-03-01,2025-02-01,cancelled
2273,9128,Basic,2023-11-01,2024-08-01,active
2274,9134,Pro,2023-05-22,2023-06-22,cancelled
2275,9136,Basic,2023-06-01,2023-11-01,cancelled
2276,9140,Basic,2024-06-14,2024-09-14,active
2277,9143,Pro,2023-07-22,2023-10-22,cancelled
2278,9147,Basic,2024-04-02,2024-10-02,cancelled
2279,9148,Pro,2024-01-17,2024-02-17,active
2280,9153,Basic,2023-09-27,2024-01-27,cancelled
2281,9160,Basic,2023-07-23,2024-02-23,cancelled
2282,9162,Basic,2023-03-27,2023-11-27,cancelled
2283,9167,Pro,2024-06-11,2024-10-11,active
2284,9168,Basic,2024-06-03,2024-08-03,cancelled
2285,9172,Basic,2024-05-17,2025-02-17,cancelled
2286,9173,Pro,2023-05-30,2024-03-30,cancelled
2287,9174,Pro,2024-01-27,2024-12-27,cancelled
2288,9184,Basic,2023-03-29,2024-01-29,active
2289,9188,Basic,2023-09-19,2024-06-19,active
2290,9203,Basic,2024-04-22,2024-09-22,cancelled
2291,9212,Basic,2024-02-16,2024-10-16,active
2292,9213,Basic,2023-07-24,2023-10-24,cancelled
2293,9221,Basic,2024-02-15,2024-11-15,cancelled
2294,9222,Basic,2024-05-13,2024-08-13,cancelled
2295,9230,Pro,2023-07-28,2023-10-28,cancelled
2296,9240,Pro,2024-05-04,2024-09-04,cancelled
2297,9242,Basic,2023-04-25,2024-04-25,cancelled
2298,9244,Basic,2024-04-04,2024-08-04,active
2299,9251,Pro,2024-06-15,2025-05-15,cancelled
2300,9253,Basic,2023-03-22,2023-10-22,cancelled
2301,9257,Basic,2023-02-22,2023-04-22,active
2302,9258,Pro,2024-01-11,2024-09-11,cancelled
2303,9271,Pro,2023-09-03,2023-12-03,cancelled
2304,9280,Pro,2024-05-10,2024-09-10,active
2305,9285,Pro,2023-08-28,2023-12-28,cancelled
2306,9287,Basic,2023-10-09,2024-04-09,cancelled
2307,9288,Basic,2023-05-14,2024-03-14,active
2308,9291,Basic,2024-03-30,2024-08-30,active
2309,9297,Basic,2023-08-29,2023-12-29,cancelled
2310,9299,Basic,2023-05-19,2023-08-19,active
2311,9304,Basic,2023-08-12,2024-02-12,active
2312,9306,Pro,2024-04-13,2025-04-13,cancelled
2313,9310,Pro,2023-01-29,2023-05-29,cancelled
2314,9313,Basic,2023-03-19,2023-04-19,cancelled
2315,9315,Basic,2024-03-23,2024-05-23,cancelled
2316,9317,Basic,2023-12-02,2024-09-02,cancelled
2317,9319,Pro,2023-07-09,2023-11-09,active
2318,9321,Pro,2023-04-08,2023-08-08,cancelled
2319,9325,Basic,2024-04-05,2024-08-05,cancelled
2320,9328,Enterprise,2024-01-28,2024-11-28,cancelled
2321,9330,Basic,2023-08-14,2024-07-14,cancelled
2322,9331,Basic,2024-06-24,2024-07-24,active
2323,9334,Basic,2024-07-21,2024-09-21,cancelled
2324,9342,Basic,2023-03-25,2024-01-25,active
2325,9348,Basic,2024-03-25,2024-06-25,cancelled
2326,9349,Basic,2023-02-02,2023-03-02,active
2327,9351,Basic,2024-01-23,2024-07-23,cancelled
2328,9357,Basic,2024-05-14,2024-10-14,cancelled
2329,9369,Basic,2023-08-13,2023-09-13,cancelled
2330,9373,Pro,2024-04-04,2025-02-04,cancelled
2331,9374,Pro,2023-07-14,2024-01-14,active
2332,9376,Basic,2023-12-20,2024-11-20,active
2333,9379,Basic,2023-07-27,2023-12-27,cancelled
2334,9380,Pro,2024-05-07,2024-11-07,active
2335,9387,Pro,2023-04-14,2023-08-14,cancelled
2336,9389,Basic,2024-04-07,2024-12-07,active
2337,9390,Basic,2023-12-14,2024-03-14,active
2338,9392,Pro,2023-12-10,2024-09-10,active
2339,9396,Basic,2023-10-20,2024-09-20,cancelled
2340,9398,Pro,2024-04-22,2024-07-22,cancelled
2341,9399,Basic,2024-04-05,2025-01-05,cancelled
2342,9402,Pro,2023-04-05,2023-09-05,cancelled
2343,9404,Pro,2023-01-28,2023-05-28,cancelled
2344,9408,Basic,2024-06-14,2025-02-14,cancelled
2345,9409,Pro,2024-07-03,2025-05-03,active
2346,9411,Basic,2023-11-26,2024-09-26,cancelled
2347,9413,Basic,2023-03-24,2023-07-24,active
2348,9426,Basic,2024-03-06,2025-01-06,cancelled
2349,9428,Pro,2023-08-17,2024-03-17,cancelled
2350,9433,Pro,2023-12-10,2024-01-10,active
2351,9436,Basic,2024-04-14,2024-08-14,active
2352,9438,Basic,2024-03-13,2024-04-13,active
2353,9440,Pro,2023-12-28,2024-12-28,cancelled
2354,9448,Basic,2024-06-16,2024-10-16,cancelled
2355,9460,Pro,2023-06-21,2023-09-21,cancelled
2356,9462,Basic,2023-12-27,2024-12-27,cancelled
2357,9477,Pro,2023-06-22,2024-03-22,active
2358,9480,Basic,2024-06-17,2024-11-17,cancelled
2359,9481,Pro,2023-12-14,2024-04-14,cancelled
2360,9487,Basic,2023-10-10,2023-12-10,cancelled
2361,9488,Basic,2023-03-15,2024-03-15,active
2362,9490,Basic,2023-06-03,2024-04-03,cancelled
2363,9495,Pro,2024-06-08,2024-10-08,cancelled
2364,9497,Basic,2024-04-03,2024-06-03,active
2365,9506,Pro,2023-02-07,2023-12-07,cancelled
2366,9508,Basic,2024-03-08,2024-08-08,cancelled
2367,9509,Basic,2023-05-04,2023-09-04,cancelled
2368,9510,Pro,2023-06-01,2023-07-01,active
2369,9513,Basic,2023-10-13,2023-11-13,cancelled
2370,9519,Basic,2024-04-14,2024-10-14,cancelled
2371,9520,Basic,2023-07-09,2024-01-09,cancelled
2372,9527,Basic,2024-03-20,2024-11-20,active
2373,9528,Basic,2023-05-16,2023-09-16,cancelled
2374,9531,Basic,2024-05-17,2024-12-17,cancelled
2375,9533,Basic,2024-05-02,2025-05-02,active
2376,9536,Basic,2023-12-01,2024-11-01,cancelled
2377,9537,Basic,2023-12-17,2024-11-17,active
2378,9540,Enterprise,2024-02-08,2024-10-08,cancelled
2379,9541,Basic,2024-02-19,2024-06-19,cancelled
2380,9549,Basic,2023-10-15,2023-12-15,cancelled
2381,9550,Basic,2023-11-05,2024-08-05,cancelled
2382,9555,Basic,2023-04-22,2023-06-22,cancelled
2383,9559,Basic,2023-02-02,2023-05-02,cancelled
2384,9561,Basic,2023-01-22,2023-10-22,cancelled
2385,9582,Basic,2023-12-01,2024-04-01,active
2386,9590,Basic,2023-10-03,2024-09-03,cancelled
2387,9594,Basic,2023-05-28,2024-04-28,active
2388,9595,Pro,2023-04-14,2023-07-14,cancelled
2389,9598,Basic,2023-10-03,2024-03-03,cancelled
2390,9617,Basic,2024-06-22,2024-12-22,cancelled
2391,9619,Pro,2024-03-10,2024-12-10,cancelled
2392,9635,Pro,2024-03-22,2024-08-22,cancelled
2393,9641,Basic,2023-08-18,2024-02-18,cancelled
2394,9642,Basic,2023-05-17,2024-04-17,active
2395,9647,Pro,2023-12-01,2024-06-01,active
2396,9654,Basic,2023-07-08,2024-03-08,cancelled
2397,9656,Basic,2023-04-28,2023-05-28,cancelled
2398,9657,Basic,2023-10-21,2024-02-21,cancelled
2399,9663,Pro,2024-06-01,2025-01-01,active
2400,9668,Basic,2024-02-01,2025-02-01,cancelled
2401,9669,Pro,2023-02-14,2023-10-14,active
2402,9679,Basic,2024-06-02,2024-11-02,active
2403,9680,Pro,2024-07-04,2025-01-04,cancelled
2404,9696,Basic,2024-03-05,2024-06-05,cancelled
2405,9697,Basic,2023-01-19,2024-01-19,cancelled
2406,9699,Basic,2024-04-10,2025-03-10,active
2407,9703,Basic,2024-03-13,2024-04-13,cancelled
2408,9713,Basic,2024-03-07,2024-12-07,cancelled
2409,9720,Basic,2023-11-25,2023-12-25,cancelled
2410,9724,Basic,2024-06-04,2025-06-04,active
2411,9733,Pro,2023-02-22,2023-04-22,cancelled
2412,9737,Basic,2023-04-11,2024-03-11,cancelled
2413,9740,Basic,2023-12-28,2024-07-28,cancelled
2414,9741,Basic,2023-07-13,2023-12-13,cancelled
2415,9745,Basic,2023-03-31,2024-03-31,cancelled
2416,9754,Basic,2023-02-14,2023-03-14,cancelled
2417,9758,Pro,2023-08-03,2023-10-03,cancelled
2418,9767,Pro,2024-01-21,2024-06-21,active
2419,9775,Pro,2023-05-13,2024-04-13,cancelled
2420,9778,Pro,2023-03-31,2023-05-31,active
2421,9781,Basic,2023-02-09,2023-10-09,active
2422,9789,Basic,2023-05-26,2024-04-26,cancelled
2423,9793,Basic,2023-05-15,2023-07-15,cancelled
2424,9797,Pro,2023-09-03,2024-07-03,active
2425,9809,Basic,2023-06-25,2024-06-25,active
2426,9812,Pro,2023-09-11,2023-12-11,cancelled
2427,9813,Basic,2024-06-19,2025-05-19,cancelled
2428,9815,Basic,2024-03-13,2024-07-13,active
2429,9818,Basic,2023-08-05,2024-04-05,active
2430,9820,Basic,2023-01-20,2023-03-20,active
2431,9823,Pro,2023-05-25,2024-04-25,cancelled
2432,9825,Basic,2024-01-21,2024-09-21,active
2433,9828,Basic,2024-06-09,2024-12-09,active
2434,9830,Basic,2023-01-20,2023-04-20,active
2435,9831,Pro,2023-07-19,2024-05-19,cancelled
2436,9835,Basic,2023-05-23,2023-11-23,cancelled
2437,9844,Basic,2024-06-01,2025-05-01,cancelled
2438,9845,Basic,2024-04-30,2024-10-30,cancelled
2439,9853,Enterprise,2023-02-07,2024-02-07,active
2440,9864,Pro,2023-04-18,2023-12-18,active
2441,9866,Basic,2023-02-04,2023-07-04,cancelled
2442,9869,Enterprise,2023-02-21,2023-05-21,cancelled
2443,9875,Basic,2023-04-16,2023-06-16,cancelled
2444,9882,Basic,2023-07-20,2024-05-20,active
2445,9885,Basic,2024-05-16,2025-03-16,cancelled
2446,9888,Basic,2023-04-22,2023-09-22,active
2447,9891,Basic,2023-04-21,2023-07-21,active
2448,9892,Pro,2023-05-23,2023-09-23,cancelled
2449,9898,Basic,2023-10-15,2024-10-15,cancelled
2450,9900,Basic,2023-02-20,2023-08-20,cancelled
2451,9901,Basic,2023-06-14,2023-08-14,active
2452,9902,Basic,2023-08-12,2024-07-12,active
2453,9903,Basic,2023-08-06,2023-09-06,cancelled
2454,9905,Pro,2023-09-29,2024-04-29,active
2455,9908,Basic,2023-03-15,2023-11-15,cancelled
2456,9910,Pro,2023-08-21,2023-12-21,active
2457,9911,Basic,2024-05-30,2025-03-30,active
2458,9914,Pro,2023-09-18,2024-06-18,cancelled
2459,9917,Pro,2023-04-01,2023-10-01,active
2460,9918,Basic,2023-08-05,2023-10-05,cancelled
2461,9920,Enterprise,2023-12-03,2024-08-03,active
2462,9928,Basic,2024-07-26,2025-06-26,cancelled
2463,9933,Basic,2023-09-17,2024-02-17,active
2464,9937,Pro,2024-03-06,2024-11-06,cancelled
2465,9938,Pro,2023-07-20,2024-06-20,cancelled
2466,9942,Pro,2024-01-27,2024-10-27,active
2467,9945,Pro,2023-07-17,2023-09-17,active
2468,9950,Basic,2023-05-12,2023-06-12,cancelled
2469,9956,Basic,2023-03-11,2023-09-11,active
2470,9957,Basic,2024-04-14,2024-10-14,active
2471,9959,Basic,2023-08-15,2024-06-15,active
2472,9961,Pro,2023-10-31,2024-06-30,cancelled
2473,9962,Basic,2023-08-07,2023-12-07,cancelled
2474,9967,Pro,2023-10-27,2023-11-27,cancelled
2475,9979,Pro,2023-01-31,2023-12-31,cancelled
2476,9982,Pro,2023-10-17,2024-06-17,active
2477,9983,Pro,2024-02-26,2025-01-26,cancelled
2478,9986,Pro,2023-02-14,2023-04-14,active
2479,9989,Pro,2024-04-09,2024-06-09,cancelled
2480,9990,Pro,2024-05-23,2024-06-23,active
