user_id,signup_date,country,acquisition_channel,device_type
1,2023-04-30,Australia,Organic,Mobile
2,2023-08-28,Canada,"Google Ads",Tablet
3,2023-01-30,UK,"LinkedIn Ads",Tablet
4,2023-06-15,USA,"LinkedIn Ads",Desktop
5,2023-01-11,India,"Facebook Ads",Tablet
6,2023-07-25,USA,Referral,Desktop
7,2023-04-04,USA,"Facebook Ads",Mobile
8,2023-03-13,Canada,Organic,Tablet
9,2023-11-18,USA,"Google Ads",Desktop
10,2023-10-17,UK,"Facebook Ads",Tablet
11,2023-02-05,Australia,Referral,Tablet
12,2024-06-23,Canada,"Facebook Ads",Mobile
13,2023-04-19,UK,Referral,Desktop
14,2023-02-07,Canada,"LinkedIn Ads",Desktop
15,2023-03-03,Australia,Organic,Desktop
16,2024-03-02,Australia,"LinkedIn Ads",Mobile
17,2023-08-03,Germany,"Google Ads",Desktop
18,2023-09-19,USA,"Facebook Ads",Tablet
19,2024-01-10,Germany,"Google Ads",Desktop
20,2024-01-01,India,Referral,Mobile
21,2024-05-16,UK,"LinkedIn Ads",Desktop
22,2023-07-06,Australia,"LinkedIn Ads",Mobile
23,2023-05-21,India,Referral,Tablet
24,2023-02-05,USA,Organic,Mobile
25,2024-04-16,UK,"Facebook Ads",Desktop
26,2024-04-03,Canada,"Google Ads",Desktop
27,2024-02-26,Canada,Referral,Tablet
28,2023-11-26,India,"Facebook Ads",Mobile
29,2023-03-03,USA,"Google Ads",Desktop
30,2024-05-27,Canada,Referral,Desktop
31,2023-08-23,Germany,"Facebook Ads",Desktop
32,2023-06-10,USA,"LinkedIn Ads",Mobile
33,2024-06-26,Canada,"Facebook Ads",Desktop
34,2023-05-21,India,"Facebook Ads",Mobile
35,2023-07-26,India,"LinkedIn Ads",Tablet
36,2023-03-20,USA,"Google Ads",Desktop
37,2023-04-17,India,Referral,Desktop
38,2023-02-18,Germany,"Facebook Ads",Tablet
39,2023-07-08,UK,"LinkedIn Ads",Mobile
40,2023-10-14,Australia,"Facebook Ads",Desktop
41,2024-05-26,Canada,Referral,Tablet
42,2024-01-23,Canada,"Facebook Ads",Desktop
43,2023-08-20,Canada,"Google Ads",Mobile
44,2024-05-02,Canada,Organic,Desktop
45,2023-03-21,UK,"LinkedIn Ads",Tablet
46,2023-02-04,Canada,"Google Ads",Tablet
47,2023-06-24,Canada,Referral,Tablet
48,2024-05-09,UK,Referral,Tablet
49,2023-09-13,USA,"Facebook Ads",Tablet
50,2023-06-09,USA,"Facebook Ads",Mobile
51,2023-04-13,Australia,"Google Ads",Tablet
52,2023-05-26,Germany,"LinkedIn Ads",Tablet
53,2023-02-08,USA,"LinkedIn Ads",Mobile
54,2023-12-06,Canada,"Google Ads",Mobile
55,2023-08-04,Canada,Referral,Tablet
56,2023-05-27,Canada,"Facebook Ads",Desktop
57,2024-01-10,USA,"Facebook Ads",Desktop
58,2023-12-13,Australia,"Facebook Ads",Tablet
59,2024-06-18,Germany,"Facebook Ads",Tablet
60,2023-04-26,India,"Google Ads",Mobile
61,2023-08-23,India,"Facebook Ads",Tablet
62,2024-04-19,Germany,Referral,Mobile
63,2024-06-13,India,"Facebook Ads",Desktop
64,2024-01-04,UK,"LinkedIn Ads",Desktop
65,2023-05-04,USA,"Facebook Ads",Desktop
66,2023-03-18,Germany,Organic,Desktop
67,2023-10-13,Germany,Organic,Mobile
68,2024-06-29,India,"Facebook Ads",Tablet
69,2023-01-24,India,"Facebook Ads",Mobile
70,2023-12-31,India,"Google Ads",Tablet
71,2023-10-06,UK,Referral,Tablet
72,2023-09-20,USA,"Facebook Ads",Mobile
73,2023-04-25,UK,"LinkedIn Ads",Tablet
74,2023-07-10,UK,"LinkedIn Ads",Desktop
75,2023-03-12,India,"Facebook Ads",Tablet
76,2023-06-23,Canada,"Google Ads",Tablet
77,2024-03-26,India,Referral,Desktop
78,2023-08-05,USA,"Facebook Ads",Mobile
79,2023-11-06,Canada,Organic,Desktop
80,2023-10-25,Germany,Organic,Mobile
81,2023-09-01,Australia,Organic,Desktop
82,2023-12-04,Germany,Referral,Tablet
83,2023-02-28,India,"Google Ads",Desktop
84,2024-03-08,Australia,"LinkedIn Ads",Mobile
85,2023-01-30,Canada,Referral,Tablet
86,2023-09-09,Canada,Organic,Mobile
87,2024-05-18,Canada,"Facebook Ads",Desktop
88,2023-10-03,Germany,Referral,Tablet
89,2024-05-31,Canada,"Facebook Ads",Tablet
90,2024-04-25,USA,"LinkedIn Ads",Desktop
91,2024-01-20,India,"Google Ads",Desktop
92,2023-08-06,Germany,Organic,Desktop
93,2024-03-01,USA,"Facebook Ads",Tablet
94,2023-12-17,UK,"LinkedIn Ads",Desktop
95,2024-03-07,India,"Facebook Ads",Mobile
96,2024-06-29,Germany,"LinkedIn Ads",Mobile
97,2023-08-25,Canada,Organic,Tablet
98,2023-11-17,Germany,"Facebook Ads",Mobile
99,2024-01-20,Australia,"Google Ads",Tablet
100,2023-07-01,USA,"Facebook Ads",Desktop
101,2023-01-28,Canada,Referral,Desktop
102,2023-10-27,UK,"LinkedIn Ads",Desktop
103,2023-01-25,USA,Referral,Mobile
104,2023-03-17,Canada,"Google Ads",Mobile
105,2023-12-05,UK,"LinkedIn Ads",Tablet
106,2024-03-27,USA,"LinkedIn Ads",Tablet
107,2024-01-22,Canada,Organic,Tablet
108,2024-03-24,USA,Referral,Tablet
109,2024-03-19,UK,"Facebook Ads",Tablet
110,2023-07-22,USA,"Facebook Ads",Desktop
111,2023-07-24,USA,Referral,Tablet
112,2024-05-30,Germany,"Facebook Ads",Mobile
113,2023-02-14,USA,"Google Ads",Mobile
114,2023-07-12,India,"Google Ads",Mobile
115,2023-07-10,UK,Organic,Desktop
116,2023-11-07,Canada,"LinkedIn Ads",Desktop
117,2024-01-31,Canada,"LinkedIn Ads",Desktop
118,2024-03-10,India,"Google Ads",Tablet
119,2024-06-10,India,"Google Ads",Tablet
120,2023-01-15,Germany,"Google Ads",Desktop
121,2024-03-18,Canada,"Google Ads",Tablet
122,2024-04-05,Australia,Referral,Mobile
123,2023-09-01,Germany,"Facebook Ads",Tablet
124,2023-07-22,UK,Organic,Desktop
125,2023-06-21,UK,"LinkedIn Ads",Mobile
126,2023-02-22,USA,"Google Ads",Tablet
127,2024-05-27,Canada,"Google Ads",Mobile
128,2024-04-18,India,"Google Ads",Mobile
129,2024-01-20,Germany,"Google Ads",Tablet
130,2023-07-21,Australia,"Google Ads",Mobile
131,2023-03-05,USA,Referral,Desktop
132,2023-04-13,UK,"Facebook Ads",Tablet
133,2024-05-12,Australia,"Facebook Ads",Tablet
134,2023-09-09,Australia,Referral,Tablet
135,2024-01-12,USA,"LinkedIn Ads",Mobile
136,2023-12-20,Canada,"Facebook Ads",Mobile
137,2024-05-17,Canada,"Google Ads",Tablet
138,2024-02-10,Australia,Organic,Mobile
139,2023-07-22,Canada,Organic,Mobile
140,2023-07-04,Canada,Referral,Mobile
141,2024-01-18,Canada,"Google Ads",Tablet
142,2024-06-27,India,"Google Ads",Mobile
143,2023-04-12,India,Referral,Desktop
144,2023-04-19,Canada,"Google Ads",Desktop
145,2023-12-16,Canada,"LinkedIn Ads",Mobile
146,2023-10-24,Australia,"Facebook Ads",Desktop
147,2023-06-04,USA,"Google Ads",Desktop
148,2023-12-10,Australia,Organic,Tablet
149,2024-04-26,Canada,"Google Ads",Mobile
150,2023-10-07,Australia,"Facebook Ads",Mobile
151,2023-07-08,Germany,Referral,Desktop
152,2023-01-16,Germany,"Facebook Ads",Mobile
153,2023-11-11,Germany,"Facebook Ads",Mobile
154,2024-01-16,Australia,"LinkedIn Ads",Tablet
155,2024-04-24,Canada,Referral,Tablet
156,2023-01-23,USA,"Facebook Ads",Mobile
157,2023-03-27,UK,"Facebook Ads",Desktop
158,2023-03-13,Canada,"Facebook Ads",Desktop
159,2023-04-08,UK,Referral,Mobile
160,2023-01-16,Canada,"Facebook Ads",Mobile
161,2023-09-01,UK,"Facebook Ads",Desktop
162,2023-01-29,Australia,Organic,Mobile
163,2023-03-15,UK,"Google Ads",Desktop
164,2023-09-27,India,"LinkedIn Ads",Mobile
165,2024-05-27,USA,"Facebook Ads",Mobile
166,2024-06-08,Australia,"LinkedIn Ads",Mobile
167,2024-06-09,USA,"Facebook Ads",Tablet
168,2024-02-29,USA,Referral,Desktop
169,2023-02-12,USA,"Facebook Ads",Mobile
170,2023-03-12,Canada,Organic,Desktop
171,2023-02-24,Australia,Organic,Mobile
172,2023-10-17,Canada,"LinkedIn Ads",Desktop
173,2024-03-30,Australia,Referral,Tablet
174,2023-03-13,Australia,"LinkedIn Ads",Mobile
175,2023-07-13,Canada,Organic,Desktop
176,2023-08-31,Germany,"Google Ads",Desktop
177,2023-03-23,UK,"Google Ads",Tablet
178,2023-09-17,UK,Referral,Tablet
179,2024-06-20,Germany,"LinkedIn Ads",Desktop
180,2023-06-16,India,"Google Ads",Mobile
181,2024-05-25,USA,Organic,Desktop
182,2023-11-02,Canada,Referral,Mobile
183,2023-09-30,Australia,"Facebook Ads",Mobile
184,2024-02-06,India,"Facebook Ads",Mobile
185,2023-08-02,USA,"Facebook Ads",Tablet
186,2023-04-14,USA,"Facebook Ads",Mobile
187,2024-01-22,Australia,"Facebook Ads",Desktop
188,2024-06-10,Canada,"Google Ads",Mobile
189,2024-05-19,USA,"LinkedIn Ads",Desktop
190,2023-11-03,USA,Referral,Mobile
191,2023-07-14,India,Organic,Desktop
192,2023-01-29,USA,"Facebook Ads",Mobile
193,2023-11-08,Australia,Referral,Mobile
194,2024-02-25,USA,Organic,Desktop
195,2023-08-05,UK,"Google Ads",Tablet
196,2024-05-08,India,Referral,Desktop
197,2023-06-02,USA,"Google Ads",Tablet
198,2023-11-06,Australia,Referral,Mobile
199,2024-06-16,Australia,Organic,Desktop
200,2024-06-23,India,"Facebook Ads",Mobile
201,2023-11-15,UK,"LinkedIn Ads",Mobile
202,2023-11-01,Canada,Organic,Desktop
203,2023-06-20,Germany,"LinkedIn Ads",Tablet
204,2024-03-24,Australia,Referral,Tablet
205,2023-03-31,USA,"Google Ads",Mobile
206,2023-09-04,UK,"Google Ads",Desktop
207,2024-05-19,Canada,Referral,Mobile
208,2023-07-18,UK,"Google Ads",Mobile
209,2023-11-22,Germany,"Facebook Ads",Desktop
210,2023-10-20,USA,"LinkedIn Ads",Tablet
211,2023-05-14,Canada,Organic,Tablet
212,2023-09-25,India,Referral,Desktop
213,2024-03-17,Germany,Organic,Desktop
214,2023-02-28,UK,"LinkedIn Ads",Tablet
215,2023-07-31,Germany,Organic,Desktop
216,2024-01-06,Canada,"LinkedIn Ads",Desktop
217,2023-07-29,UK,"Facebook Ads",Tablet
218,2023-04-17,Germany,Organic,Mobile
219,2023-01-28,Canada,"LinkedIn Ads",Tablet
220,2023-04-30,Canada,Organic,Tablet
221,2023-12-01,Canada,"Google Ads",Tablet
222,2023-07-26,UK,"LinkedIn Ads",Desktop
223,2024-06-17,India,Referral,Tablet
224,2023-11-24,USA,Organic,Desktop
225,2024-02-15,India,"Facebook Ads",Tablet
226,2023-11-28,India,Organic,Mobile
227,2023-04-01,Canada,"LinkedIn Ads",Desktop
228,2023-08-19,USA,"LinkedIn Ads",Desktop
229,2024-02-23,Canada,"Google Ads",Tablet
230,2023-11-15,Canada,"Facebook Ads",Mobile
231,2023-03-20,USA,"LinkedIn Ads",Mobile
232,2023-12-18,India,Organic,Tablet
233,2023-05-13,USA,"LinkedIn Ads",Desktop
234,2023-10-30,Australia,"Facebook Ads",Mobile
235,2023-11-21,UK,Referral,Tablet
236,2023-07-02,Australia,"Facebook Ads",Desktop
237,2023-03-14,India,"LinkedIn Ads",Tablet
238,2023-03-22,India,"LinkedIn Ads",Mobile
239,2023-06-13,USA,Organic,Mobile
240,2023-03-25,Australia,"LinkedIn Ads",Desktop
241,2024-01-09,India,"LinkedIn Ads",Tablet
242,2023-10-21,Australia,Organic,Desktop
243,2023-05-11,Germany,Referral,Desktop
244,2023-06-11,Canada,"Google Ads",Mobile
245,2024-01-10,Canada,"LinkedIn Ads",Mobile
246,2023-07-21,UK,Referral,Tablet
247,2023-06-08,USA,"Google Ads",Tablet
248,2023-03-02,UK,"Google Ads",Mobile
249,2024-05-01,India,"Google Ads",Tablet
250,2024-04-23,Germany,"Facebook Ads",Desktop
251,2024-01-19,Germany,Referral,Desktop
252,2023-03-11,India,Organic,Tablet
253,2023-02-24,Australia,"Facebook Ads",Mobile
254,2023-02-24,USA,"Facebook Ads",Tablet
255,2023-12-28,Australia,"Facebook Ads",Desktop
256,2024-06-16,UK,"Google Ads",Mobile
257,2023-02-05,USA,"Google Ads",Desktop
258,2023-02-24,Canada,Referral,Mobile
259,2024-05-22,Australia,Organic,Mobile
260,2023-09-10,USA,"Facebook Ads",Mobile
261,2023-08-03,India,Referral,Tablet
262,2023-05-01,UK,"Facebook Ads",Desktop
263,2024-05-05,UK,"LinkedIn Ads",Tablet
264,2024-02-17,UK,Organic,Mobile
265,2023-02-19,UK,Organic,Mobile
266,2023-07-23,UK,"LinkedIn Ads",Mobile
267,2024-05-07,India,Organic,Tablet
268,2023-05-26,India,"LinkedIn Ads",Tablet
269,2023-06-02,Australia,Organic,Desktop
270,2023-12-13,Australia,"Google Ads",Tablet
271,2023-11-14,Australia,"Facebook Ads",Desktop
272,2024-02-08,India,"Facebook Ads",Desktop
273,2023-05-01,USA,"Google Ads",Desktop
274,2023-04-14,Australia,Referral,Mobile
275,2023-04-04,Australia,Referral,Tablet
276,2023-06-02,USA,"LinkedIn Ads",Desktop
277,2024-03-13,Canada,"Facebook Ads",Tablet
278,2023-07-19,India,Organic,Tablet
279,2023-02-06,Canada,Organic,Tablet
280,2024-02-08,Australia,"Facebook Ads",Desktop
281,2024-06-02,India,Organic,Desktop
282,2023-07-12,UK,"Google Ads",Tablet
283,2023-02-14,USA,"Facebook Ads",Desktop
284,2023-02-21,Germany,Referral,Desktop
285,2023-08-24,Germany,"LinkedIn Ads",Tablet
286,2024-02-19,UK,"Facebook Ads",Desktop
287,2023-04-20,India,"Google Ads",Mobile
288,2024-03-17,USA,"Facebook Ads",Desktop
289,2023-01-15,India,"Facebook Ads",Desktop
290,2023-10-27,USA,Referral,Mobile
291,2024-06-15,Australia,Referral,Mobile
292,2023-06-27,India,"Google Ads",Desktop
293,2023-02-05,Australia,"LinkedIn Ads",Desktop
294,2024-04-16,Australia,"LinkedIn Ads",Tablet
295,2024-01-24,Germany,"Google Ads",Desktop
296,2023-04-27,Germany,"LinkedIn Ads",Desktop
297,2023-03-28,India,Organic,Tablet
298,2023-06-19,Australia,Referral,Mobile
299,2023-10-03,Australia,"Google Ads",Desktop
300,2023-08-16,Canada,"Google Ads",Tablet
301,2023-12-01,India,"Google Ads",Mobile
302,2023-09-29,UK,"Facebook Ads",Desktop
303,2023-06-19,Australia,"Facebook Ads",Mobile
304,2023-11-27,Canada,"LinkedIn Ads",Tablet
305,2024-05-16,UK,Referral,Mobile
306,2023-03-26,Canada,"LinkedIn Ads",Desktop
307,2024-02-15,USA,"Google Ads",Mobile
308,2023-10-07,USA,"LinkedIn Ads",Desktop
309,2023-09-19,Germany,Organic,Tablet
310,2023-06-06,India,Organic,Desktop
311,2023-12-03,USA,Organic,Mobile
312,2023-09-06,India,"LinkedIn Ads",Mobile
313,2023-06-09,Australia,"LinkedIn Ads",Mobile
314,2023-02-13,USA,"Facebook Ads",Tablet
315,2023-07-05,Australia,"Facebook Ads",Mobile
316,2024-05-17,USA,Organic,Tablet
317,2023-07-31,India,"LinkedIn Ads",Tablet
318,2023-04-15,Australia,"LinkedIn Ads",Mobile
319,2024-03-28,Germany,"Google Ads",Tablet
320,2023-09-08,Germany,Organic,Desktop
321,2024-05-12,Germany,"LinkedIn Ads",Desktop
322,2024-01-23,UK,Organic,Mobile
323,2023-05-19,Australia,Organic,Tablet
324,2023-09-11,Canada,Organic,Tablet
325,2024-05-16,UK,Referral,Mobile
326,2023-05-26,Germany,"LinkedIn Ads",Mobile
327,2024-03-29,Australia,Organic,Desktop
328,2024-02-14,Germany,"LinkedIn Ads",Tablet
329,2023-07-30,Germany,"LinkedIn Ads",Mobile
330,2023-05-24,Germany,Referral,Desktop
331,2023-08-16,UK,"Facebook Ads",Desktop
332,2024-01-13,UK,Organic,Mobile
333,2023-05-14,India,"Facebook Ads",Tablet
334,2023-10-13,Australia,"LinkedIn Ads",Tablet
335,2024-01-21,Canada,"Facebook Ads",Tablet
336,2023-05-07,Australia,Organic,Tablet
337,2024-02-06,Germany,"LinkedIn Ads",Tablet
338,2023-03-23,Canada,"Facebook Ads",Tablet
339,2023-02-09,India,"Facebook Ads",Desktop
340,2023-12-29,Australia,"Google Ads",Mobile
341,2024-06-09,Germany,Referral,Desktop
342,2023-05-16,UK,Referral,Mobile
343,2024-03-21,USA,"LinkedIn Ads",Desktop
344,2024-04-07,India,Organic,Desktop
345,2023-02-25,USA,Referral,Tablet
346,2023-09-29,USA,"Google Ads",Desktop
347,2024-05-15,Canada,Referral,Mobile
348,2024-02-19,UK,"Facebook Ads",Tablet
349,2023-09-29,USA,"Google Ads",Mobile
350,2024-01-29,USA,"Google Ads",Mobile
351,2023-08-24,India,"Google Ads",Desktop
352,2023-09-26,Germany,"LinkedIn Ads",Mobile
353,2024-05-25,Australia,"Facebook Ads",Desktop
354,2023-09-21,UK,Organic,Desktop
355,2023-01-09,UK,Referral,Tablet
356,2023-03-31,Germany,"Google Ads",Desktop
357,2023-04-15,Germany,"Facebook Ads",Tablet
358,2024-01-30,Australia,"Google Ads",Mobile
359,2023-05-05,USA,"Google Ads",Mobile
360,2023-06-05,India,Organic,Mobile
361,2023-10-22,UK,"Facebook Ads",Tablet
362,2024-05-06,India,"LinkedIn Ads",Tablet
363,2023-12-01,USA,"Google Ads",Tablet
364,2023-06-22,USA,"Google Ads",Tablet
365,2023-07-05,India,Organic,Desktop
366,2024-01-08,UK,"Google Ads",Mobile
367,2024-02-18,USA,"LinkedIn Ads",Desktop
368,2023-07-10,Australia,"Facebook Ads",Tablet
369,2024-04-30,UK,Referral,Mobile
370,2023-04-28,USA,"Google Ads",Desktop
371,2023-07-28,USA,"Google Ads",Tablet
372,2023-06-22,Australia,Referral,Mobile
373,2024-03-08,USA,"Facebook Ads",Tablet
374,2024-03-24,India,"LinkedIn Ads",Tablet
375,2024-06-21,India,Organic,Mobile
376,2023-01-14,USA,"Google Ads",Mobile
377,2023-07-30,Canada,"LinkedIn Ads",Tablet
378,2023-07-26,USA,"Google Ads",Desktop
379,2024-06-14,Canada,"Facebook Ads",Tablet
380,2024-05-03,USA,Referral,Tablet
381,2023-10-08,Australia,"Facebook Ads",Desktop
382,2023-12-02,India,"Google Ads",Tablet
383,2023-03-15,Canada,"LinkedIn Ads",Tablet
384,2023-02-08,Australia,Referral,Desktop
385,2024-05-02,UK,"Facebook Ads",Mobile
386,2023-03-02,India,"LinkedIn Ads",Desktop
387,2023-04-03,Canada,Organic,Desktop
388,2023-07-09,USA,Organic,Tablet
389,2023-02-15,Australia,Organic,Desktop
390,2023-04-06,Australia,"Google Ads",Desktop
391,2023-12-19,Germany,Referral,Tablet
392,2023-03-26,UK,Referral,Mobile
393,2023-12-31,UK,Referral,Desktop
394,2023-01-29,Australia,Referral,Desktop
395,2024-01-22,UK,"Facebook Ads",Desktop
396,2024-06-25,USA,"LinkedIn Ads",Mobile
397,2024-01-30,USA,Organic,Desktop
398,2024-01-16,USA,"Google Ads",Mobile
399,2023-09-01,Germany,"Google Ads",Mobile
400,2024-01-13,Germany,"LinkedIn Ads",Desktop
401,2023-08-13,Canada,"Facebook Ads",Tablet
402,2024-05-26,UK,Referral,Mobile
403,2024-01-02,Australia,"LinkedIn Ads",Mobile
404,2023-10-16,Germany,Referral,Mobile
405,2024-05-21,India,Organic,Desktop
406,2023-08-20,USA,"LinkedIn Ads",Mobile
407,2024-06-08,India,"Google Ads",Desktop
408,2023-03-17,Canada,Organic,Mobile
409,2023-04-19,Canada,Organic,Mobile
410,2023-12-17,Canada,"Google Ads",Tablet
411,2023-09-02,India,"Facebook Ads",Mobile
412,2023-10-04,Australia,Referral,Tablet
413,2023-07-12,Canada,Referral,Desktop
414,2024-03-10,Canada,Organic,Mobile
415,2024-01-03,Canada,"Facebook Ads",Mobile
416,2024-03-25,UK,"Google Ads",Tablet
417,2024-06-19,Canada,"LinkedIn Ads",Mobile
418,2023-02-04,India,Referral,Tablet
419,2023-04-22,Germany,"Google Ads",Mobile
420,2024-01-23,India,"Facebook Ads",Desktop
421,2023-07-17,India,"Facebook Ads",Tablet
422,2023-12-04,USA,"Google Ads",Tablet
423,2023-04-27,Germany,"Facebook Ads",Desktop
424,2023-06-18,Australia,Referral,Tablet
425,2024-01-25,India,Organic,Tablet
426,2023-04-15,USA,"LinkedIn Ads",Tablet
427,2023-05-02,UK,Referral,Tablet
428,2024-05-18,UK,"LinkedIn Ads",Tablet
429,2023-06-30,UK,Referral,Desktop
430,2023-03-24,Germany,Organic,Mobile
431,2023-10-10,UK,"LinkedIn Ads",Mobile
432,2023-10-07,Australia,Organic,Tablet
433,2023-07-03,USA,Organic,Desktop
434,2023-04-20,Germany,"Facebook Ads",Desktop
435,2023-09-11,Canada,Referral,Tablet
436,2024-04-21,Canada,Referral,Tablet
437,2023-11-23,India,Organic,Mobile
438,2023-11-26,Canada,Referral,Mobile
439,2023-03-03,India,Referral,Mobile
440,2023-03-20,Australia,"LinkedIn Ads",Desktop
441,2024-02-26,India,"Facebook Ads",Mobile
442,2023-11-03,Germany,"Google Ads",Mobile
443,2023-05-24,UK,"LinkedIn Ads",Mobile
444,2024-05-29,Germany,Referral,Tablet
445,2024-04-11,USA,"Facebook Ads",Tablet
446,2024-01-27,Canada,Organic,Tablet
447,2023-05-12,UK,"Google Ads",Tablet
448,2023-08-30,USA,"Google Ads",Mobile
449,2023-09-23,UK,"Facebook Ads",Mobile
450,2024-05-08,Australia,Referral,Mobile
451,2024-03-06,Canada,Referral,Tablet
452,2023-05-12,Canada,"Facebook Ads",Mobile
453,2023-09-08,UK,"Facebook Ads",Mobile
454,2023-04-21,Germany,"LinkedIn Ads",Desktop
455,2024-02-19,India,Organic,Tablet
456,2023-12-04,Canada,"Facebook Ads",Desktop
457,2024-04-20,Germany,"LinkedIn Ads",Desktop
458,2024-05-07,India,Referral,Tablet
459,2023-05-24,Australia,"Facebook Ads",Desktop
460,2023-07-19,Germany,Organic,Desktop
461,2024-01-03,Australia,"Facebook Ads",Tablet
462,2023-11-19,UK,"Facebook Ads",Desktop
463,2024-06-14,Canada,"LinkedIn Ads",Mobile
464,2023-01-18,UK,"Facebook Ads",Mobile
465,2024-06-30,India,Referral,Desktop
466,2024-06-30,USA,"Facebook Ads",Tablet
467,2024-03-13,Canada,"LinkedIn Ads",Desktop
468,2024-01-26,USA,"LinkedIn Ads",Desktop
469,2023-03-07,Australia,"Google Ads",Desktop
470,2023-03-25,Canada,"Google Ads",Mobile
471,2024-04-22,Australia,"Facebook Ads",Desktop
472,2023-05-25,USA,"LinkedIn Ads",Mobile
473,2023-09-15,Germany,"Google Ads",Desktop
474,2023-01-27,Germany,"Google Ads",Tablet
475,2024-01-21,USA,Referral,Desktop
476,2023-09-06,Germany,"Google Ads",Desktop
477,2023-02-19,UK,"Google Ads",Mobile
478,2023-08-20,Canada,Referral,Desktop
479,2023-08-08,UK,"Google Ads",Mobile
480,2024-05-17,Germany,"LinkedIn Ads",Mobile
481,2023-05-26,India,Organic,Desktop
482,2023-04-19,India,Organic,Mobile
483,2024-06-14,Australia,"Facebook Ads",Desktop
484,2023-07-20,Canada,"Facebook Ads",Tablet
485,2024-06-19,Germany,Referral,Desktop
486,2024-01-24,USA,Organic,Tablet
487,2023-05-08,USA,"Google Ads",Desktop
488,2024-02-04,Germany,"Google Ads",Desktop
489,2023-12-09,Germany,"LinkedIn Ads",Desktop
490,2023-09-15,Australia,"Facebook Ads",Desktop
491,2023-06-05,UK,"LinkedIn Ads",Desktop
492,2023-06-15,Australia,"Facebook Ads",Desktop
493,2023-06-19,Canada,Organic,Desktop
494,2023-08-14,India,"Facebook Ads",Mobile
495,2023-04-02,India,"Facebook Ads",Desktop
496,2024-04-07,Germany,"Google Ads",Tablet
497,2023-09-26,Australia,"Facebook Ads",Mobile
498,2023-04-18,Australia,Organic,Desktop
499,2023-10-24,Australia,Organic,Mobile
500,2023-08-27,India,"Google Ads",Desktop
501,2023-02-06,India,"Google Ads",Mobile
502,2023-06-06,UK,"LinkedIn Ads",Desktop
503,2023-03-30,India,"LinkedIn Ads",Mobile
504,2024-02-14,India,"Facebook Ads",Tablet
505,2024-05-26,Australia,"Google Ads",Mobile
506,2023-08-06,India,Referral,Desktop
507,2023-09-09,Australia,"LinkedIn Ads",Desktop
508,2023-01-27,UK,Organic,Desktop
509,2023-01-21,USA,"Facebook Ads",Desktop
510,2023-03-14,Canada,Referral,Tablet
511,2023-05-08,Canada,"Facebook Ads",Desktop
512,2023-08-06,Australia,"LinkedIn Ads",Tablet
513,2023-03-25,Canada,"LinkedIn Ads",Tablet
514,2024-03-15,Canada,"LinkedIn Ads",Desktop
515,2023-10-05,UK,"LinkedIn Ads",Desktop
516,2023-12-22,Canada,Referral,Mobile
517,2023-07-06,Canada,"Google Ads",Tablet
518,2023-08-27,USA,Organic,Mobile
519,2023-07-03,USA,Organic,Mobile
520,2023-09-15,Germany,"Google Ads",Tablet
521,2023-06-05,UK,"Facebook Ads",Desktop
522,2023-03-13,Canada,Organic,Desktop
523,2024-06-03,Germany,Organic,Tablet
524,2023-04-22,Germany,Referral,Tablet
525,2023-11-20,Canada,"Google Ads",Tablet
526,2024-03-27,Canada,Organic,Mobile
527,2023-03-25,Australia,"Google Ads",Desktop
528,2024-04-17,India,Organic,Tablet
529,2024-04-03,UK,"Facebook Ads",Tablet
530,2024-05-08,Canada,Referral,Tablet
531,2024-01-22,USA,Organic,Mobile
532,2024-02-10,Australia,Referral,Desktop
533,2023-03-23,USA,"Google Ads",Tablet
534,2023-08-19,Australia,"LinkedIn Ads",Tablet
535,2024-03-14,USA,"LinkedIn Ads",Tablet
536,2023-06-13,Australia,Referral,Tablet
537,2023-01-12,India,Organic,Tablet
538,2024-06-13,Germany,"LinkedIn Ads",Tablet
539,2023-01-08,Australia,Referral,Tablet
540,2023-11-17,USA,"Google Ads",Desktop
541,2024-04-16,UK,"Google Ads",Desktop
542,2024-01-25,Germany,Organic,Desktop
543,2024-02-20,Australia,"Facebook Ads",Tablet
544,2023-05-08,Australia,Organic,Desktop
545,2023-02-20,Germany,"Facebook Ads",Tablet
546,2023-04-27,Australia,"Google Ads",Mobile
547,2023-12-25,Canada,Organic,Mobile
548,2023-03-15,Australia,Organic,Tablet
549,2023-09-30,India,"Facebook Ads",Desktop
550,2023-05-31,Germany,Referral,Mobile
551,2023-12-21,Australia,Organic,Mobile
552,2023-07-30,India,Referral,Mobile
553,2023-03-31,Australia,Organic,Mobile
554,2024-02-27,UK,Referral,Desktop
555,2023-04-01,Germany,Referral,Mobile
556,2023-11-19,Canada,Referral,Mobile
557,2023-11-30,India,"Facebook Ads",Desktop
558,2024-04-09,USA,"LinkedIn Ads",Desktop
559,2023-01-22,Canada,"LinkedIn Ads",Mobile
560,2024-04-20,UK,"LinkedIn Ads",Desktop
561,2023-01-19,USA,Referral,Mobile
562,2023-06-05,Canada,"Facebook Ads",Desktop
563,2023-05-05,Australia,"Google Ads",Tablet
564,2023-04-05,UK,"Google Ads",Mobile
565,2024-01-06,India,"Facebook Ads",Mobile
566,2023-09-01,USA,"LinkedIn Ads",Tablet
567,2023-05-16,UK,"LinkedIn Ads",Desktop
568,2023-10-03,Canada,"Google Ads",Mobile
569,2023-10-10,Australia,"Google Ads",Tablet
570,2023-04-26,USA,Referral,Mobile
571,2023-12-21,Germany,"Facebook Ads",Tablet
572,2023-05-18,USA,"Facebook Ads",Desktop
573,2023-02-07,Australia,Referral,Desktop
574,2023-06-03,USA,"LinkedIn Ads",Tablet
575,2023-05-06,Germany,"LinkedIn Ads",Desktop
576,2023-10-15,USA,"Google Ads",Mobile
577,2024-04-29,USA,Referral,Tablet
578,2024-03-02,Australia,Organic,Desktop
579,2023-01-26,UK,"Facebook Ads",Desktop
580,2024-05-06,Australia,"Google Ads",Tablet
581,2023-12-23,Canada,"LinkedIn Ads",Tablet
582,2023-05-28,USA,"Google Ads",Desktop
583,2023-03-01,UK,"Facebook Ads",Tablet
584,2023-08-09,Germany,"LinkedIn Ads",Tablet
585,2023-05-30,UK,"LinkedIn Ads",Desktop
586,2023-08-31,UK,Referral,Desktop
587,2023-06-14,USA,Organic,Tablet
588,2023-05-04,UK,Organic,Tablet
589,2023-02-20,Canada,"Google Ads",Mobile
590,2023-01-09,USA,"Facebook Ads",Tablet
591,2023-05-07,India,"Google Ads",Mobile
592,2023-11-20,Canada,"Facebook Ads",Mobile
593,2023-06-29,Canada,"LinkedIn Ads",Tablet
594,2023-06-09,USA,"LinkedIn Ads",Tablet
595,2023-03-23,Australia,"LinkedIn Ads",Mobile
596,2024-01-25,Australia,Referral,Tablet
597,2023-11-28,USA,"Google Ads",Mobile
598,2023-11-19,USA,"Google Ads",Tablet
599,2023-11-10,Canada,"Google Ads",Mobile
600,2024-02-26,USA,Referral,Desktop
601,2024-01-16,India,"Facebook Ads",Mobile
602,2023-08-27,Canada,Referral,Desktop
603,2024-01-23,India,"LinkedIn Ads",Mobile
604,2023-04-05,Australia,"Facebook Ads",Mobile
605,2023-07-13,Canada,Referral,Desktop
606,2023-05-04,USA,"Google Ads",Desktop
607,2024-06-20,India,Referral,Mobile
608,2024-05-31,UK,"Google Ads",Tablet
609,2023-03-19,Australia,"Google Ads",Desktop
610,2024-04-03,UK,"LinkedIn Ads",Mobile
611,2024-01-05,UK,"LinkedIn Ads",Desktop
612,2024-01-23,USA,"Google Ads",Mobile
613,2023-10-26,India,"LinkedIn Ads",Desktop
614,2023-07-29,UK,"Facebook Ads",Tablet
615,2024-03-05,Canada,Referral,Desktop
616,2024-06-04,Australia,"LinkedIn Ads",Mobile
617,2023-07-09,Australia,Referral,Mobile
618,2024-02-13,UK,"Facebook Ads",Tablet
619,2023-01-11,USA,"Google Ads",Desktop
620,2024-05-10,USA,Referral,Desktop
621,2023-11-05,UK,"Facebook Ads",Tablet
622,2023-08-22,India,Organic,Tablet
623,2023-10-08,USA,Organic,Desktop
624,2023-07-01,Canada,Organic,Tablet
625,2023-07-29,Australia,Referral,Desktop
626,2024-01-04,UK,Organic,Desktop
627,2023-03-05,Australia,Organic,Tablet
628,2023-02-26,Canada,"Google Ads",Mobile
629,2024-01-17,Germany,Referral,Mobile
630,2023-01-25,India,"LinkedIn Ads",Tablet
631,2023-03-05,Germany,"Facebook Ads",Mobile
632,2023-10-11,Australia,Organic,Desktop
633,2023-05-18,USA,"LinkedIn Ads",Tablet
634,2023-06-11,Germany,Organic,Tablet
635,2023-07-06,Canada,"LinkedIn Ads",Mobile
636,2023-05-28,Canada,"LinkedIn Ads",Tablet
637,2023-05-06,Australia,"Google Ads",Tablet
638,2023-03-20,USA,Referral,Mobile
639,2023-10-03,Germany,Referral,Desktop
640,2024-01-18,India,"Facebook Ads",Tablet
641,2023-06-30,Australia,"Google Ads",Tablet
642,2023-04-25,USA,Referral,Desktop
643,2024-01-08,India,"Facebook Ads",Mobile
644,2023-07-21,UK,"LinkedIn Ads",Mobile
645,2024-06-15,Canada,"Google Ads",Mobile
646,2023-12-25,Australia,"Facebook Ads",Mobile
647,2024-05-09,Australia,Organic,Tablet
648,2023-10-02,India,Organic,Desktop
649,2024-03-02,UK,Referral,Mobile
650,2023-03-07,Canada,Organic,Desktop
651,2023-08-06,Canada,Referral,Desktop
652,2023-11-09,Germany,"LinkedIn Ads",Desktop
653,2023-02-01,Canada,"Google Ads",Tablet
654,2024-02-05,India,Referral,Tablet
655,2024-03-29,UK,"LinkedIn Ads",Tablet
656,2024-04-13,UK,Referral,Tablet
657,2023-03-02,Australia,"LinkedIn Ads",Tablet
658,2023-03-04,UK,"Facebook Ads",Desktop
659,2023-10-10,Australia,"Google Ads",Mobile
660,2024-03-07,Germany,"Facebook Ads",Tablet
661,2023-03-28,Australia,Referral,Mobile
662,2023-04-28,India,Organic,Desktop
663,2023-12-27,India,"LinkedIn Ads",Tablet
664,2024-03-04,Canada,Organic,Desktop
665,2024-01-24,Germany,"LinkedIn Ads",Tablet
666,2023-10-06,Germany,"Facebook Ads",Mobile
667,2024-04-30,Canada,"Facebook Ads",Tablet
668,2023-05-19,Germany,"Facebook Ads",Tablet
669,2024-04-16,Australia,"Google Ads",Tablet
670,2023-02-15,Canada,"LinkedIn Ads",Tablet
671,2023-06-24,UK,"LinkedIn Ads",Mobile
672,2023-12-14,Canada,"Facebook Ads",Tablet
673,2024-01-09,India,"Google Ads",Tablet
674,2024-05-02,India,"LinkedIn Ads",Mobile
675,2024-01-26,India,"Google Ads",Mobile
676,2023-07-26,India,"Facebook Ads",Mobile
677,2024-06-02,Germany,Organic,Desktop
678,2023-11-08,Australia,Organic,Tablet
679,2023-09-06,UK,Organic,Mobile
680,2024-02-06,UK,Organic,Mobile
681,2023-02-21,Australia,"LinkedIn Ads",Desktop
682,2024-03-18,Germany,"Facebook Ads",Mobile
683,2023-02-14,Germany,Organic,Desktop
684,2023-11-30,India,Organic,Tablet
685,2023-11-25,Germany,"Google Ads",Mobile
686,2024-03-25,Canada,"Google Ads",Desktop
687,2024-01-18,Canada,Referral,Tablet
688,2023-02-17,Canada,Referral,Mobile
689,2023-10-19,Germany,"Google Ads",Tablet
690,2023-02-15,Germany,"Facebook Ads",Desktop
691,2023-02-14,Germany,"Facebook Ads",Mobile
692,2023-07-17,Germany,"Google Ads",Desktop
693,2024-05-29,UK,Organic,Mobile
694,2023-02-03,USA,"Facebook Ads",Tablet
695,2023-02-23,Canada,Organic,Desktop
696,2023-06-08,Australia,Organic,Desktop
697,2023-07-27,Germany,Organic,Desktop
698,2024-02-26,India,"LinkedIn Ads",Desktop
699,2023-11-24,Australia,Organic,Tablet
700,2024-02-23,USA,Organic,Desktop
701,2023-02-08,USA,Referral,Mobile
702,2023-04-29,UK,"LinkedIn Ads",Mobile
703,2023-09-21,Australia,Organic,Tablet
704,2023-07-26,UK,"Facebook Ads",Mobile
705,2024-05-21,India,"Google Ads",Desktop
706,2023-06-24,UK,"Google Ads",Tablet
707,2024-06-27,USA,"LinkedIn Ads",Mobile
708,2024-02-28,Australia,Referral,Mobile
709,2023-12-29,India,Organic,Tablet
710,2023-11-04,USA,Referral,Tablet
711,2023-01-14,Canada,Organic,Desktop
712,2024-06-22,Canada,"LinkedIn Ads",Desktop
713,2024-03-13,Germany,Organic,Mobile
714,2023-03-11,India,Referral,Desktop
715,2023-06-08,Canada,"Google Ads",Mobile
716,2023-02-23,Canada,Organic,Tablet
717,2024-03-11,India,Organic,Mobile
718,2024-02-08,UK,Organic,Mobile
719,2024-01-28,India,"LinkedIn Ads",Tablet
720,2023-07-26,India,"LinkedIn Ads",Tablet
721,2023-08-06,Germany,"LinkedIn Ads",Tablet
722,2024-06-09,Germany,Referral,Desktop
723,2023-07-24,UK,"Facebook Ads",Tablet
724,2023-04-29,UK,Referral,Tablet
725,2023-11-12,Canada,Referral,Mobile
726,2023-05-24,USA,"Google Ads",Desktop
727,2023-11-17,UK,Referral,Mobile
728,2024-05-05,USA,Referral,Tablet
729,2023-06-09,USA,Organic,Desktop
730,2023-06-08,USA,"LinkedIn Ads",Mobile
731,2023-03-13,UK,"Facebook Ads",Desktop
732,2023-03-31,UK,Organic,Desktop
733,2023-07-15,Canada,Referral,Desktop
734,2023-12-22,Germany,Referral,Desktop
735,2023-12-01,Canada,Referral,Mobile
736,2023-05-04,Germany,"LinkedIn Ads",Desktop
737,2023-07-20,USA,"Facebook Ads",Desktop
738,2023-10-21,UK,"Facebook Ads",Tablet
739,2023-10-19,UK,Referral,Mobile
740,2023-06-16,Australia,"Google Ads",Desktop
741,2024-06-10,Canada,"Facebook Ads",Mobile
742,2023-05-01,USA,Referral,Tablet
743,2024-05-15,USA,"LinkedIn Ads",Tablet
744,2023-01-27,India,"Google Ads",Desktop
745,2024-03-13,Australia,Referral,Mobile
746,2023-12-29,Germany,Organic,Tablet
747,2024-06-10,USA,"LinkedIn Ads",Mobile
748,2023-07-08,UK,"Facebook Ads",Desktop
749,2023-08-17,Australia,"Facebook Ads",Mobile
750,2023-09-20,USA,Organic,Desktop
751,2024-06-08,USA,"LinkedIn Ads",Mobile
752,2024-03-11,USA,"Google Ads",Tablet
753,2023-09-15,India,"LinkedIn Ads",Tablet
754,2023-10-21,Australia,Organic,Desktop
755,2024-04-29,USA,Referral,Mobile
756,2024-03-28,Canada,"LinkedIn Ads",Mobile
757,2024-05-10,India,Organic,Mobile
758,2024-05-19,Australia,"Google Ads",Tablet
759,2024-01-24,Germany,"Google Ads",Tablet
760,2023-06-12,Australia,"Google Ads",Desktop
761,2024-04-09,Canada,"Google Ads",Tablet
762,2023-12-23,Germany,"LinkedIn Ads",Mobile
763,2023-02-03,UK,"Facebook Ads",Tablet
764,2024-04-05,USA,Organic,Desktop
765,2024-03-30,UK,Referral,Desktop
766,2024-04-14,Canada,"Facebook Ads",Mobile
767,2024-03-03,USA,Referral,Desktop
768,2023-09-08,Australia,Organic,Tablet
769,2024-06-15,Canada,"Google Ads",Mobile
770,2023-11-08,UK,"Google Ads",Tablet
771,2024-01-04,Germany,"Facebook Ads",Desktop
772,2024-02-05,UK,"Facebook Ads",Tablet
773,2024-06-24,Canada,"LinkedIn Ads",Tablet
774,2023-12-20,India,"Facebook Ads",Mobile
775,2023-08-18,Canada,Organic,Tablet
776,2023-12-19,Australia,"Facebook Ads",Mobile
777,2023-09-04,Canada,"LinkedIn Ads",Tablet
778,2023-12-02,Germany,"Facebook Ads",Mobile
779,2023-08-30,USA,Referral,Desktop
780,2023-09-21,India,Organic,Mobile
781,2023-02-21,Germany,"Google Ads",Tablet
782,2023-11-15,USA,"Facebook Ads",Mobile
783,2024-04-17,UK,Referral,Mobile
784,2023-05-07,Canada,"Google Ads",Desktop
785,2023-12-06,Australia,"Google Ads",Tablet
786,2024-06-30,Canada,"Google Ads",Tablet
787,2023-07-25,USA,"Google Ads",Tablet
788,2024-06-17,Canada,"Facebook Ads",Tablet
789,2024-03-23,USA,"Facebook Ads",Mobile
790,2024-04-05,Germany,Referral,Tablet
791,2023-07-19,Canada,"Facebook Ads",Tablet
792,2024-06-27,USA,"Facebook Ads",Mobile
793,2024-01-26,India,Organic,Tablet
794,2024-05-04,UK,"Facebook Ads",Tablet
795,2023-06-22,Australia,"Facebook Ads",Tablet
796,2023-10-15,USA,Referral,Desktop
797,2023-04-15,USA,"LinkedIn Ads",Desktop
798,2023-12-15,Canada,Referral,Tablet
799,2023-05-20,UK,"Facebook Ads",Desktop
800,2023-07-25,USA,Referral,Tablet
801,2024-06-21,India,Organic,Mobile
802,2023-03-28,UK,Organic,Tablet
803,2023-07-11,India,Referral,Tablet
804,2023-05-03,Canada,Organic,Desktop
805,2024-02-18,Germany,"Google Ads",Tablet
806,2024-03-04,Germany,"Facebook Ads",Desktop
807,2024-01-23,UK,"Facebook Ads",Mobile
808,2023-03-23,UK,"LinkedIn Ads",Tablet
809,2023-08-24,Germany,Organic,Desktop
810,2023-03-17,India,Referral,Mobile
811,2023-10-03,Germany,Referral,Tablet
812,2024-03-06,Australia,"LinkedIn Ads",Desktop
813,2023-09-02,India,"LinkedIn Ads",Tablet
814,2023-03-03,UK,"LinkedIn Ads",Tablet
815,2023-09-21,UK,"Facebook Ads",Mobile
816,2023-05-06,UK,"Facebook Ads",Desktop
817,2024-02-19,USA,"Google Ads",Mobile
818,2023-02-05,Canada,Organic,Desktop
819,2023-04-15,UK,Referral,Tablet
820,2023-04-02,Germany,"Facebook Ads",Tablet
821,2024-02-01,Germany,"LinkedIn Ads",Mobile
822,2023-12-21,UK,"LinkedIn Ads",Tablet
823,2024-03-08,UK,"Google Ads",Desktop
824,2024-03-01,Australia,"LinkedIn Ads",Desktop
825,2023-12-18,Germany,Referral,Desktop
826,2023-08-31,Canada,"LinkedIn Ads",Desktop
827,2023-09-23,Australia,Referral,Tablet
828,2023-02-22,Australia,"Google Ads",Mobile
829,2023-07-01,Canada,Referral,Mobile
830,2023-04-18,Germany,Referral,Desktop
831,2023-12-10,UK,"LinkedIn Ads",Tablet
832,2024-02-14,UK,"Google Ads",Desktop
833,2023-07-05,USA,"Google Ads",Desktop
834,2023-06-20,Germany,Organic,Desktop
835,2023-02-18,Australia,"Facebook Ads",Mobile
836,2024-04-05,Australia,"Facebook Ads",Mobile
837,2023-06-22,Germany,Organic,Tablet
838,2023-05-21,Germany,"Facebook Ads",Desktop
839,2023-02-07,Australia,"Facebook Ads",Mobile
840,2023-12-16,Canada,"Facebook Ads",Mobile
841,2023-07-03,UK,Organic,Mobile
842,2023-09-09,Canada,Organic,Desktop
843,2024-06-16,UK,"Google Ads",Mobile
844,2023-02-03,USA,"Google Ads",Desktop
845,2023-06-17,UK,Referral,Mobile
846,2023-11-23,India,"LinkedIn Ads",Tablet
847,2024-02-07,India,"Google Ads",Mobile
848,2024-04-17,USA,Referral,Mobile
849,2023-12-05,UK,"LinkedIn Ads",Mobile
850,2023-11-08,India,"Google Ads",Desktop
851,2023-08-08,India,"LinkedIn Ads",Desktop
852,2023-09-15,India,"Google Ads",Tablet
853,2023-03-05,USA,"LinkedIn Ads",Tablet
854,2023-07-23,Canada,"Facebook Ads",Tablet
855,2024-06-04,India,Organic,Mobile
856,2023-05-26,Australia,"LinkedIn Ads",Desktop
857,2023-05-21,USA,"Google Ads",Mobile
858,2023-05-18,India,"Facebook Ads",Tablet
859,2023-07-30,Germany,"Facebook Ads",Mobile
860,2023-07-07,Canada,"LinkedIn Ads",Tablet
861,2024-03-28,Australia,Referral,Mobile
862,2023-10-12,Canada,"Google Ads",Tablet
863,2024-04-01,Germany,"Google Ads",Tablet
864,2024-03-22,India,Organic,Mobile
865,2023-03-30,Canada,"LinkedIn Ads",Desktop
866,2024-03-02,Canada,"Facebook Ads",Tablet
867,2023-12-14,Canada,"LinkedIn Ads",Desktop
868,2023-06-15,Germany,Referral,Tablet
869,2024-02-05,USA,Referral,Mobile
870,2024-01-14,USA,Organic,Tablet
871,2024-03-01,Canada,"Google Ads",Mobile
872,2023-09-07,Canada,"Google Ads",Tablet
873,2023-12-30,USA,Organic,Tablet
874,2024-06-03,Australia,Organic,Mobile
875,2023-03-09,USA,"Facebook Ads",Desktop
876,2023-11-07,Germany,"LinkedIn Ads",Tablet
877,2023-11-13,Canada,"Facebook Ads",Mobile
878,2023-03-09,UK,Organic,Tablet
879,2024-02-22,USA,Referral,Desktop
880,2023-09-30,India,"LinkedIn Ads",Desktop
881,2023-03-11,USA,Referral,Desktop
882,2024-03-03,Canada,Referral,Desktop
883,2023-10-15,Canada,"Facebook Ads",Mobile
884,2024-03-07,Germany,Organic,Mobile
885,2023-03-21,Australia,"Google Ads",Mobile
886,2024-05-17,India,Organic,Desktop
887,2024-01-06,USA,Organic,Mobile
888,2024-06-28,UK,"Google Ads",Tablet
889,2024-01-29,Australia,"LinkedIn Ads",Desktop
890,2023-06-21,India,"Facebook Ads",Mobile
891,2023-12-02,Germany,"Facebook Ads",Mobile
892,2023-05-29,India,"Google Ads",Tablet
893,2024-05-03,India,Organic,Mobile
894,2023-04-02,UK,Referral,Desktop
895,2024-05-08,India,"Google Ads",Tablet
896,2023-06-23,Germany,Organic,Desktop
897,2023-06-22,Canada,Referral,Desktop
898,2023-10-14,India,"Google Ads",Tablet
899,2023-04-21,USA,"LinkedIn Ads",Mobile
900,2024-02-27,USA,Organic,Mobile
901,2023-12-31,USA,Organic,Desktop
902,2023-06-06,Australia,Organic,Mobile
903,2023-03-04,India,Referral,Tablet
904,2023-09-03,India,Organic,Tablet
905,2024-05-18,Australia,Organic,Mobile
906,2024-01-15,UK,Organic,Desktop
907,2023-04-11,India,"Google Ads",Mobile
908,2023-02-13,Germany,"Google Ads",Tablet
909,2024-02-10,Australia,"Facebook Ads",Desktop
910,2023-05-08,Canada,"Facebook Ads",Mobile
911,2023-06-21,UK,"Google Ads",Mobile
912,2024-01-01,USA,"LinkedIn Ads",Mobile
913,2024-03-31,Australia,Organic,Desktop
914,2023-03-18,USA,Referral,Desktop
915,2023-09-11,Germany,"LinkedIn Ads",Desktop
916,2023-03-19,USA,Referral,Tablet
917,2023-09-01,UK,"Google Ads",Desktop
918,2023-12-08,USA,"Google Ads",Desktop
919,2023-08-09,Canada,"LinkedIn Ads",Mobile
920,2024-05-13,UK,Organic,Desktop
921,2023-03-11,UK,"Facebook Ads",Desktop
922,2023-04-24,USA,"Facebook Ads",Mobile
923,2024-06-20,Canada,Referral,Tablet
924,2023-12-14,UK,"LinkedIn Ads",Mobile
925,2023-10-30,UK,Organic,Mobile
926,2024-02-04,India,"LinkedIn Ads",Mobile
927,2024-05-02,UK,"LinkedIn Ads",Tablet
928,2023-03-25,Australia,"Google Ads",Desktop
929,2024-05-19,Australia,"Facebook Ads",Desktop
930,2023-01-09,UK,Organic,Tablet
931,2024-06-12,Australia,"Google Ads",Desktop
932,2023-04-21,Canada,"Facebook Ads",Mobile
933,2024-03-21,UK,Referral,Desktop
934,2024-06-12,UK,"LinkedIn Ads",Mobile
935,2023-06-18,USA,Referral,Mobile
936,2023-11-16,Canada,"Google Ads",Tablet
937,2024-03-17,India,"LinkedIn Ads",Desktop
938,2023-04-16,Canada,Organic,Mobile
939,2023-04-14,Canada,"Google Ads",Mobile
940,2024-05-10,UK,Organic,Tablet
941,2023-12-27,Canada,Referral,Tablet
942,2023-01-10,USA,"Facebook Ads",Mobile
943,2023-03-09,UK,Organic,Mobile
944,2024-06-27,India,"Google Ads",Desktop
945,2023-02-13,Canada,Referral,Desktop
946,2023-01-31,India,Referral,Tablet
947,2023-06-07,Australia,"Google Ads",Mobile
948,2024-01-07,USA,Organic,Desktop
949,2023-10-01,India,"Facebook Ads",Tablet
950,2023-12-18,Australia,Referral,Desktop
951,2024-01-07,Germany,"Google Ads",Desktop
952,2023-10-22,Australia,Referral,Mobile
953,2023-11-30,Germany,Referral,Mobile
954,2023-12-11,Canada,"Google Ads",Desktop
955,2024-02-24,USA,"LinkedIn Ads",Desktop
956,2023-08-03,Australia,"Facebook Ads",Tablet
957,2024-04-20,Australia,"Facebook Ads",Desktop
958,2023-07-27,Canada,Referral,Mobile
959,2023-12-09,Germany,"Facebook Ads",Tablet
960,2023-01-26,Australia,Referral,Desktop
961,2024-01-30,USA,"Google Ads",Desktop
962,2023-07-02,Germany,Organic,Tablet
963,2023-02-21,UK,"Facebook Ads",Mobile
964,2023-05-08,UK,Organic,Mobile
965,2023-12-25,UK,Referral,Mobile
966,2024-05-03,Canada,"Google Ads",Desktop
967,2023-07-08,Germany,Referral,Desktop
968,2024-03-10,Australia,"Facebook Ads",Mobile
969,2023-10-21,USA,Referral,Desktop
970,2023-03-24,Germany,"Facebook Ads",Mobile
971,2023-04-20,Canada,"LinkedIn Ads",Tablet
972,2023-02-16,UK,"Google Ads",Mobile
973,2023-09-03,USA,"Google Ads",Tablet
974,2023-02-19,USA,Organic,Mobile
975,2024-04-07,Germany,"Facebook Ads",Mobile
976,2023-04-26,USA,"Facebook Ads",Desktop
977,2023-11-03,UK,Referral,Tablet
978,2024-03-08,Germany,Referral,Mobile
979,2024-01-28,Germany,Organic,Desktop
980,2024-05-27,Germany,Organic,Mobile
981,2024-03-01,India,Referral,Tablet
982,2024-04-23,Australia,Organic,Tablet
983,2024-04-28,USA,"Facebook Ads",Tablet
984,2024-05-19,Australia,"Google Ads",Tablet
985,2023-12-16,UK,Organic,Tablet
986,2024-06-16,Germany,Referral,Mobile
987,2024-01-29,USA,Organic,Tablet
988,2023-10-03,USA,Organic,Tablet
989,2023-11-08,Australia,Referral,Mobile
990,2024-05-20,Australia,Referral,Tablet
991,2023-05-20,Canada,Referral,Desktop
992,2024-01-09,USA,"Facebook Ads",Desktop
993,2023-10-27,USA,"Google Ads",Desktop
994,2024-01-03,India,Referral,Desktop
995,2023-10-29,Canada,"LinkedIn Ads",Tablet
996,2024-06-20,Australia,"Google Ads",Tablet
997,2024-04-16,Germany,Organic,Mobile
998,2023-12-06,Australia,"Facebook Ads",Tablet
999,2024-03-06,UK,Referral,Mobile
1000,2023-06-13,Canada,"LinkedIn Ads",Mobile
1001,2023-08-14,Australia,"Google Ads",Mobile
1002,2023-07-30,Germany,Organic,Mobile
1003,2024-02-18,UK,"Google Ads",Tablet
1004,2024-06-27,USA,"Google Ads",Desktop
1005,2023-08-10,Germany,Referral,Mobile
1006,2023-04-07,Australia,Referral,Mobile
1007,2023-01-29,India,"Google Ads",Mobile
1008,2023-08-25,Canada,Organic,Mobile
1009,2023-02-27,UK,Organic,Desktop
1010,2024-01-08,Canada,"Facebook Ads",Tablet
1011,2023-07-11,UK,Referral,Tablet
1012,2023-10-02,USA,Referral,Tablet
1013,2023-02-01,UK,"Facebook Ads",Tablet
1014,2023-11-23,USA,Organic,Mobile
1015,2023-07-06,India,"Google Ads",Mobile
1016,2023-08-23,India,Organic,Tablet
1017,2024-03-04,UK,Referral,Tablet
1018,2023-03-24,Germany,"LinkedIn Ads",Mobile
1019,2023-09-26,Germany,Referral,Desktop
1020,2023-08-01,Australia,"LinkedIn Ads",Desktop
1021,2023-09-02,UK,Organic,Desktop
1022,2024-04-25,USA,Referral,Desktop
1023,2023-07-29,USA,"Google Ads",Tablet
1024,2023-12-10,USA,"LinkedIn Ads",Desktop
1025,2023-06-11,India,Organic,Desktop
1026,2023-01-25,Germany,Referral,Desktop
1027,2023-08-22,UK,Referral,Tablet
1028,2023-06-22,India,Organic,Mobile
1029,2023-09-30,USA,Organic,Mobile
1030,2023-02-18,India,"Facebook Ads",Desktop
1031,2023-06-10,Germany,"Facebook Ads",Tablet
1032,2024-05-31,Germany,"LinkedIn Ads",Tablet
1033,2024-05-24,Germany,"Google Ads",Mobile
1034,2023-04-11,Germany,"Facebook Ads",Tablet
1035,2024-04-28,Canada,"Facebook Ads",Desktop
1036,2023-10-10,USA,Organic,Tablet
1037,2023-11-16,UK,Organic,Tablet
1038,2023-06-18,Canada,Referral,Desktop
1039,2023-06-23,Australia,"LinkedIn Ads",Mobile
1040,2024-01-08,India,Organic,Mobile
1041,2023-08-15,Australia,"Facebook Ads",Desktop
1042,2024-04-22,Germany,"Facebook Ads",Desktop
1043,2023-10-30,USA,Organic,Tablet
1044,2023-10-15,India,"LinkedIn Ads",Tablet
1045,2023-12-03,Australia,"Google Ads",Mobile
1046,2023-12-01,Canada,"LinkedIn Ads",Mobile
1047,2023-06-04,Australia,Referral,Tablet
1048,2024-02-18,Australia,Referral,Mobile
1049,2023-09-26,India,Organic,Mobile
1050,2024-06-25,India,Organic,Tablet
1051,2023-10-16,UK,"LinkedIn Ads",Desktop
1052,2023-07-07,Australia,"Google Ads",Desktop
1053,2024-04-05,Australia,"Google Ads",Desktop
1054,2024-04-17,UK,"LinkedIn Ads",Tablet
1055,2024-04-23,USA,Referral,Mobile
1056,2024-02-17,Australia,Organic,Desktop
1057,2024-03-16,Australia,Referral,Mobile
1058,2023-05-30,UK,Referral,Tablet
1059,2023-06-02,Canada,"LinkedIn Ads",Mobile
1060,2024-06-20,India,"LinkedIn Ads",Tablet
1061,2023-09-07,USA,Referral,Mobile
1062,2023-02-18,USA,"Facebook Ads",Tablet
1063,2023-01-21,Germany,Referral,Tablet
1064,2024-03-19,Canada,"LinkedIn Ads",Tablet
1065,2023-03-10,Germany,"LinkedIn Ads",Tablet
1066,2023-04-05,USA,"Facebook Ads",Desktop
1067,2024-01-19,Australia,Referral,Mobile
1068,2023-06-10,Australia,"Facebook Ads",Desktop
1069,2023-03-20,Canada,"Google Ads",Tablet
1070,2024-01-10,USA,"Google Ads",Desktop
1071,2023-11-20,UK,Referral,Desktop
1072,2024-01-23,India,Referral,Desktop
1073,2023-08-02,UK,"Google Ads",Tablet
1074,2023-12-31,Canada,Referral,Tablet
1075,2023-07-09,Germany,Referral,Desktop
1076,2023-11-19,India,"Facebook Ads",Mobile
1077,2023-11-17,India,"Facebook Ads",Tablet
1078,2024-01-11,USA,"Google Ads",Desktop
1079,2023-10-17,India,Organic,Mobile
1080,2023-01-31,Germany,Organic,Tablet
1081,2023-11-28,Germany,"Facebook Ads",Mobile
1082,2023-06-08,Germany,Referral,Mobile
1083,2023-06-13,India,"Google Ads",Desktop
1084,2024-03-11,Germany,"Google Ads",Desktop
1085,2023-12-26,India,"LinkedIn Ads",Tablet
1086,2023-10-22,Canada,"Google Ads",Mobile
1087,2023-03-29,USA,"LinkedIn Ads",Tablet
1088,2024-01-28,UK,Organic,Tablet
1089,2023-07-06,Canada,"Facebook Ads",Desktop
1090,2024-03-20,Germany,Organic,Desktop
1091,2023-05-05,UK,Organic,Tablet
1092,2024-05-07,Australia,Organic,Tablet
1093,2024-03-23,Germany,Organic,Tablet
1094,2023-07-11,Australia,"Google Ads",Tablet
1095,2023-09-08,Australia,Organic,Tablet
1096,2024-03-06,India,"LinkedIn Ads",Mobile
1097,2024-04-22,UK,Organic,Desktop
1098,2023-11-24,UK,"LinkedIn Ads",Desktop
1099,2023-10-07,Germany,"Google Ads",Tablet
1100,2023-06-11,UK,Referral,Mobile
1101,2024-04-11,Australia,"Google Ads",Tablet
1102,2024-06-09,India,Referral,Desktop
1103,2023-07-16,Germany,"Facebook Ads",Desktop
1104,2023-05-04,Australia,Organic,Mobile
1105,2023-02-23,USA,Referral,Desktop
1106,2023-07-01,Germany,"Facebook Ads",Mobile
1107,2023-09-05,Canada,Organic,Tablet
1108,2024-04-19,UK,Referral,Desktop
1109,2024-04-03,UK,"LinkedIn Ads",Desktop
1110,2023-08-14,Canada,"Google Ads",Tablet
1111,2023-10-30,UK,"Facebook Ads",Desktop
1112,2024-04-07,Germany,Referral,Tablet
1113,2024-05-19,Germany,"Facebook Ads",Tablet
1114,2023-04-25,Canada,"Google Ads",Tablet
1115,2023-05-10,Canada,Referral,Desktop
1116,2023-11-02,Australia,"LinkedIn Ads",Desktop
1117,2023-11-25,India,Organic,Mobile
1118,2023-10-17,Germany,"Facebook Ads",Mobile
1119,2023-03-02,UK,"Google Ads",Mobile
1120,2023-07-11,UK,"Google Ads",Tablet
1121,2024-03-21,USA,"LinkedIn Ads",Desktop
1122,2024-01-22,Canada,"Facebook Ads",Desktop
1123,2023-12-09,India,"Facebook Ads",Tablet
1124,2023-04-12,Canada,"Google Ads",Mobile
1125,2024-02-29,Canada,Organic,Desktop
1126,2023-12-02,Canada,"Facebook Ads",Mobile
1127,2023-08-03,Australia,"LinkedIn Ads",Mobile
1128,2023-10-09,Canada,Referral,Tablet
1129,2023-08-28,Germany,Organic,Mobile
1130,2024-01-09,Canada,Organic,Desktop
1131,2023-10-02,UK,"LinkedIn Ads",Desktop
1132,2024-03-14,UK,Organic,Desktop
1133,2023-06-28,Germany,"LinkedIn Ads",Desktop
1134,2023-11-04,Germany,"Facebook Ads",Desktop
1135,2023-10-10,India,"LinkedIn Ads",Mobile
1136,2023-01-26,USA,"Google Ads",Mobile
1137,2024-05-29,Canada,"Facebook Ads",Desktop
1138,2023-12-09,India,"Google Ads",Mobile
1139,2023-03-25,Canada,"Google Ads",Mobile
1140,2023-11-29,India,"Facebook Ads",Tablet
1141,2023-02-15,Germany,Organic,Tablet
1142,2023-09-06,UK,"LinkedIn Ads",Tablet
1143,2024-04-15,UK,"Facebook Ads",Desktop
1144,2023-08-27,Australia,"LinkedIn Ads",Tablet
1145,2023-12-23,Germany,"LinkedIn Ads",Desktop
1146,2023-10-17,USA,"LinkedIn Ads",Mobile
1147,2024-04-05,Australia,Referral,Desktop
1148,2023-10-25,USA,"LinkedIn Ads",Mobile
1149,2023-08-28,Australia,Referral,Tablet
1150,2024-06-30,Australia,"Google Ads",Desktop
1151,2023-02-19,India,Referral,Mobile
1152,2023-04-12,India,Referral,Mobile
1153,2023-02-02,UK,"Google Ads",Desktop
1154,2023-10-27,USA,"Facebook Ads",Mobile
1155,2023-04-29,Canada,"Google Ads",Mobile
1156,2023-12-27,Germany,"Google Ads",Mobile
1157,2023-04-08,India,Organic,Desktop
1158,2023-12-24,Australia,Referral,Desktop
1159,2023-03-12,USA,"Google Ads",Desktop
1160,2024-05-11,Canada,Referral,Tablet
1161,2023-08-23,UK,"Google Ads",Mobile
1162,2024-03-01,Canada,Organic,Mobile
1163,2023-10-24,Australia,Organic,Desktop
1164,2023-03-02,India,"LinkedIn Ads",Desktop
1165,2023-08-13,Canada,Organic,Tablet
1166,2023-03-10,Germany,"LinkedIn Ads",Mobile
1167,2023-05-20,India,"LinkedIn Ads",Mobile
1168,2023-05-27,Canada,"Facebook Ads",Mobile
1169,2023-09-15,India,"Google Ads",Tablet
1170,2024-05-16,UK,Referral,Desktop
1171,2023-09-02,India,Organic,Mobile
1172,2023-10-10,USA,"LinkedIn Ads",Tablet
1173,2023-04-09,Canada,"Google Ads",Mobile
1174,2023-07-25,Canada,"Facebook Ads",Desktop
1175,2023-03-22,Germany,"Google Ads",Mobile
1176,2023-12-03,Canada,"Google Ads",Desktop
1177,2023-02-04,Canada,Referral,Tablet
1178,2024-06-17,India,Referral,Mobile
1179,2023-01-23,USA,Organic,Mobile
1180,2023-12-18,Canada,Referral,Mobile
1181,2023-09-12,Germany,Organic,Tablet
1182,2023-10-23,UK,"Google Ads",Tablet
1183,2023-08-07,UK,"LinkedIn Ads",Desktop
1184,2024-01-15,USA,Organic,Mobile
1185,2023-03-10,Germany,"LinkedIn Ads",Tablet
1186,2023-08-13,USA,"Google Ads",Tablet
1187,2023-01-13,Australia,"Facebook Ads",Desktop
1188,2023-08-03,India,"LinkedIn Ads",Tablet
1189,2024-02-18,USA,Organic,Tablet
1190,2023-11-16,Germany,"LinkedIn Ads",Desktop
1191,2023-08-29,Germany,"Google Ads",Desktop
1192,2023-08-06,USA,Organic,Tablet
1193,2024-02-06,India,"LinkedIn Ads",Mobile
1194,2023-04-19,Australia,"Google Ads",Desktop
1195,2023-11-20,Australia,Organic,Mobile
1196,2023-02-27,Germany,Organic,Tablet
1197,2024-04-10,Canada,Organic,Tablet
1198,2023-11-05,India,"Facebook Ads",Tablet
1199,2023-04-29,USA,Referral,Tablet
1200,2023-03-12,Australia,"LinkedIn Ads",Tablet
1201,2024-04-30,UK,"Facebook Ads",Mobile
1202,2023-07-15,Australia,Referral,Desktop
1203,2023-03-02,Canada,"Google Ads",Mobile
1204,2023-08-13,Australia,Referral,Desktop
1205,2024-03-10,UK,Organic,Desktop
1206,2023-01-30,USA,Organic,Tablet
1207,2023-06-11,USA,Organic,Tablet
1208,2023-02-25,India,Organic,Tablet
1209,2024-04-06,Australia,"LinkedIn Ads",Desktop
1210,2024-02-17,India,Organic,Desktop
1211,2023-09-14,Germany,"Google Ads",Desktop
1212,2023-11-22,USA,"Google Ads",Tablet
1213,2023-07-18,India,"Google Ads",Mobile
1214,2024-02-26,UK,Referral,Desktop
1215,2023-11-30,UK,"Facebook Ads",Desktop
1216,2023-07-12,USA,"Google Ads",Tablet
1217,2024-04-08,Germany,Referral,Mobile
1218,2023-10-26,Canada,Organic,Mobile
1219,2023-05-16,India,"LinkedIn Ads",Mobile
1220,2024-05-16,Germany,"Google Ads",Tablet
1221,2023-03-12,Australia,"Google Ads",Mobile
1222,2023-06-22,Canada,Organic,Tablet
1223,2023-09-24,India,Organic,Mobile
1224,2023-09-27,USA,Referral,Desktop
1225,2023-11-26,India,"LinkedIn Ads",Desktop
1226,2024-04-29,India,"LinkedIn Ads",Desktop
1227,2023-08-13,Canada,Organic,Tablet
1228,2024-02-25,India,Organic,Tablet
1229,2024-05-30,USA,"LinkedIn Ads",Mobile
1230,2024-05-04,Canada,Referral,Mobile
1231,2024-04-13,UK,"Google Ads",Desktop
1232,2023-05-06,Germany,"Google Ads",Tablet
1233,2023-11-06,Australia,Referral,Mobile
1234,2023-05-22,India,Referral,Tablet
1235,2024-03-15,UK,"Facebook Ads",Mobile
1236,2024-02-27,Australia,Referral,Tablet
1237,2024-05-23,Australia,"Facebook Ads",Tablet
1238,2023-10-31,Germany,"Facebook Ads",Desktop
1239,2024-04-14,Germany,"Facebook Ads",Desktop
1240,2023-08-24,India,"LinkedIn Ads",Tablet
1241,2024-04-28,USA,"Google Ads",Mobile
1242,2024-06-17,India,"Google Ads",Desktop
1243,2023-03-25,USA,"Facebook Ads",Tablet
1244,2023-04-28,Canada,"Google Ads",Desktop
1245,2023-08-23,USA,"Facebook Ads",Desktop
1246,2024-06-06,Australia,"LinkedIn Ads",Mobile
1247,2024-05-10,USA,"LinkedIn Ads",Tablet
1248,2023-03-31,Australia,"LinkedIn Ads",Tablet
1249,2023-09-02,Germany,"Facebook Ads",Desktop
1250,2023-06-15,Australia,"Facebook Ads",Mobile
1251,2024-02-04,Canada,"LinkedIn Ads",Tablet
1252,2023-09-03,USA,"Facebook Ads",Mobile
1253,2024-05-19,India,"Google Ads",Tablet
1254,2023-03-17,Canada,"Google Ads",Desktop
1255,2023-01-25,Germany,Organic,Tablet
1256,2024-01-17,Australia,"Google Ads",Tablet
1257,2023-07-17,USA,"LinkedIn Ads",Mobile
1258,2023-05-10,Germany,"LinkedIn Ads",Tablet
1259,2023-02-19,Australia,"Facebook Ads",Mobile
1260,2024-01-20,Australia,Referral,Desktop
1261,2023-12-05,Australia,Organic,Mobile
1262,2023-04-28,Canada,"Google Ads",Mobile
1263,2024-03-14,India,"LinkedIn Ads",Mobile
1264,2024-04-18,Germany,"Facebook Ads",Tablet
1265,2023-07-12,Australia,Organic,Mobile
1266,2023-07-06,Australia,Referral,Tablet
1267,2023-04-21,USA,"LinkedIn Ads",Mobile
1268,2023-06-13,Canada,"Facebook Ads",Mobile
1269,2024-02-11,UK,Organic,Tablet
1270,2024-03-26,India,"LinkedIn Ads",Desktop
1271,2023-01-30,Germany,Referral,Desktop
1272,2024-02-09,Germany,Organic,Mobile
1273,2023-06-22,Germany,"LinkedIn Ads",Desktop
1274,2024-01-10,Canada,"LinkedIn Ads",Mobile
1275,2024-04-24,Australia,Organic,Tablet
1276,2023-08-06,Germany,Organic,Tablet
1277,2023-08-13,UK,Organic,Mobile
1278,2023-10-28,Germany,Organic,Mobile
1279,2024-02-26,Germany,"Facebook Ads",Desktop
1280,2023-04-29,USA,"Facebook Ads",Mobile
1281,2023-09-09,UK,Referral,Desktop
1282,2023-01-20,UK,Referral,Tablet
1283,2024-02-14,Canada,Referral,Mobile
1284,2024-04-02,Australia,"Google Ads",Tablet
1285,2024-06-27,Germany,Referral,Desktop
1286,2023-05-19,USA,"LinkedIn Ads",Desktop
1287,2023-04-27,UK,"LinkedIn Ads",Tablet
1288,2024-02-27,Germany,"Google Ads",Desktop
1289,2023-02-16,Germany,"Google Ads",Tablet
1290,2023-11-24,India,Organic,Mobile
1291,2023-03-30,Canada,Organic,Desktop
1292,2024-06-12,USA,Organic,Tablet
1293,2023-09-26,India,Referral,Tablet
1294,2023-03-11,India,Organic,Mobile
1295,2023-07-16,Australia,"Facebook Ads",Desktop
1296,2023-01-21,India,"Facebook Ads",Desktop
1297,2023-02-07,USA,"Facebook Ads",Tablet
1298,2024-02-06,USA,"Facebook Ads",Mobile
1299,2023-09-27,USA,"LinkedIn Ads",Desktop
1300,2023-10-01,Germany,"Google Ads",Desktop
1301,2023-03-08,UK,Referral,Mobile
1302,2023-12-28,Germany,"Facebook Ads",Mobile
1303,2023-10-09,Canada,"LinkedIn Ads",Desktop
1304,2023-05-14,Australia,"Facebook Ads",Desktop
1305,2023-07-31,Germany,"Google Ads",Mobile
1306,2024-05-06,Australia,"Google Ads",Mobile
1307,2024-01-18,Australia,Referral,Tablet
1308,2023-04-21,Germany,"Facebook Ads",Desktop
1309,2023-07-19,UK,Referral,Tablet
1310,2024-04-11,India,Organic,Tablet
1311,2023-01-27,UK,Organic,Tablet
1312,2023-05-15,Canada,"Google Ads",Mobile
1313,2023-09-05,USA,"Google Ads",Tablet
1314,2024-05-27,UK,"Facebook Ads",Tablet
1315,2023-07-16,Canada,Referral,Tablet
1316,2023-05-09,Canada,Organic,Tablet
1317,2023-05-18,India,"Facebook Ads",Mobile
1318,2024-05-21,Germany,Referral,Desktop
1319,2024-05-29,India,Organic,Mobile
1320,2024-03-04,Australia,"LinkedIn Ads",Tablet
1321,2023-06-08,UK,Organic,Mobile
1322,2024-05-17,Australia,"Google Ads",Tablet
1323,2023-06-18,USA,"LinkedIn Ads",Desktop
1324,2024-04-01,India,Organic,Desktop
1325,2024-05-21,India,Referral,Tablet
1326,2024-04-01,Germany,"Google Ads",Tablet
1327,2023-07-24,Canada,Organic,Mobile
1328,2024-01-26,Australia,"Google Ads",Mobile
1329,2024-06-19,India,Organic,Desktop
1330,2023-05-13,Australia,"Google Ads",Mobile
1331,2023-05-02,UK,Referral,Tablet
1332,2024-04-29,USA,Organic,Tablet
1333,2024-05-09,USA,"LinkedIn Ads",Tablet
1334,2024-01-15,USA,"LinkedIn Ads",Desktop
1335,2023-04-24,USA,Referral,Mobile
1336,2023-12-13,Australia,Organic,Mobile
1337,2023-02-15,Canada,"LinkedIn Ads",Desktop
1338,2023-06-14,Germany,"LinkedIn Ads",Tablet
1339,2023-04-17,India,Organic,Tablet
1340,2023-03-27,USA,Referral,Mobile
1341,2023-02-17,USA,Referral,Tablet
1342,2023-12-14,India,Referral,Tablet
1343,2023-05-08,Germany,"Facebook Ads",Mobile
1344,2024-04-17,USA,Referral,Tablet
1345,2024-02-14,Australia,"Facebook Ads",Mobile
1346,2023-02-07,USA,Organic,Mobile
1347,2023-05-07,Canada,"Facebook Ads",Tablet
1348,2024-03-28,UK,"Facebook Ads",Tablet
1349,2023-03-19,Canada,"Facebook Ads",Mobile
1350,2023-03-28,UK,"Facebook Ads",Desktop
1351,2023-07-16,USA,"LinkedIn Ads",Tablet
1352,2023-01-25,UK,"Facebook Ads",Mobile
1353,2023-02-28,Germany,"Google Ads",Tablet
1354,2023-03-05,Germany,"Google Ads",Mobile
1355,2023-04-22,Canada,"Facebook Ads",Mobile
1356,2023-01-18,India,Organic,Desktop
1357,2024-06-26,Germany,"LinkedIn Ads",Tablet
1358,2023-05-23,USA,"Google Ads",Tablet
1359,2023-12-29,USA,Organic,Tablet
1360,2023-10-30,UK,Referral,Tablet
1361,2024-03-27,UK,"Facebook Ads",Desktop
1362,2023-02-01,Australia,Organic,Desktop
1363,2024-04-16,India,Organic,Mobile
1364,2024-04-26,India,Organic,Desktop
1365,2024-06-20,UK,Organic,Tablet
1366,2023-04-06,India,"LinkedIn Ads",Tablet
1367,2023-05-29,India,"Google Ads",Desktop
1368,2024-06-04,Canada,"LinkedIn Ads",Tablet
1369,2024-01-27,USA,"Facebook Ads",Desktop
1370,2024-02-26,USA,"Google Ads",Mobile
1371,2023-02-03,Canada,Referral,Desktop
1372,2023-05-15,India,Organic,Mobile
1373,2023-06-17,Australia,Organic,Mobile
1374,2024-02-11,USA,Referral,Desktop
1375,2023-04-07,Canada,"Google Ads",Mobile
1376,2023-09-25,Canada,"Google Ads",Mobile
1377,2024-06-14,Germany,Referral,Tablet
1378,2023-05-01,Canada,"Facebook Ads",Tablet
1379,2023-11-30,USA,Organic,Mobile
1380,2024-02-21,India,"LinkedIn Ads",Mobile
1381,2023-07-15,India,"Google Ads",Tablet
1382,2024-02-19,USA,"Facebook Ads",Mobile
1383,2023-05-04,India,Organic,Mobile
1384,2024-01-30,Canada,Referral,Desktop
1385,2023-05-20,USA,"LinkedIn Ads",Desktop
1386,2023-10-22,India,"LinkedIn Ads",Desktop
1387,2023-10-25,India,Referral,Tablet
1388,2023-06-08,India,"LinkedIn Ads",Desktop
1389,2023-02-02,Germany,Referral,Mobile
1390,2023-07-14,USA,Organic,Mobile
1391,2023-06-01,India,"Facebook Ads",Tablet
1392,2023-08-27,India,"LinkedIn Ads",Tablet
1393,2023-08-29,UK,Referral,Tablet
1394,2024-01-09,USA,"Google Ads",Desktop
1395,2024-02-06,India,"LinkedIn Ads",Desktop
1396,2024-06-22,Germany,Organic,Tablet
1397,2024-04-30,USA,Referral,Tablet
1398,2023-02-03,Canada,Referral,Desktop
1399,2023-06-30,USA,"Google Ads",Mobile
1400,2024-02-12,UK,"LinkedIn Ads",Tablet
1401,2023-07-06,Australia,"LinkedIn Ads",Mobile
1402,2023-09-08,USA,"LinkedIn Ads",Desktop
1403,2023-02-07,Canada,"LinkedIn Ads",Desktop
1404,2023-07-28,India,Referral,Tablet
1405,2023-03-21,USA,"LinkedIn Ads",Tablet
1406,2023-09-17,USA,Referral,Desktop
1407,2023-01-16,USA,"Google Ads",Mobile
1408,2023-03-02,Australia,"Facebook Ads",Tablet
1409,2023-01-08,Germany,Referral,Desktop
1410,2023-02-05,Germany,"LinkedIn Ads",Desktop
1411,2023-01-26,Australia,Referral,Mobile
1412,2023-09-11,Canada,Referral,Desktop
1413,2024-01-19,Australia,Organic,Desktop
1414,2023-02-26,Australia,Organic,Desktop
1415,2023-09-11,Canada,"Facebook Ads",Tablet
1416,2023-04-09,Canada,"Google Ads",Mobile
1417,2023-05-20,Germany,Referral,Tablet
1418,2023-07-21,USA,"Google Ads",Tablet
1419,2023-11-19,Australia,Referral,Mobile
1420,2023-05-28,Australia,"Facebook Ads",Mobile
1421,2023-12-01,UK,"Google Ads",Tablet
1422,2024-05-26,UK,"Facebook Ads",Tablet
1423,2023-05-26,India,"Facebook Ads",Desktop
1424,2023-05-02,Australia,"Facebook Ads",Mobile
1425,2023-04-26,Australia,"LinkedIn Ads",Desktop
1426,2023-03-14,Australia,Organic,Desktop
1427,2023-07-08,Canada,"Facebook Ads",Desktop
1428,2023-09-06,India,"Facebook Ads",Mobile
1429,2023-10-14,UK,Referral,Desktop
1430,2023-10-09,Australia,Organic,Tablet
1431,2023-01-30,Australia,"Facebook Ads",Mobile
1432,2024-06-25,UK,Referral,Desktop
1433,2023-12-10,Germany,"Facebook Ads",Tablet
1434,2024-03-02,Canada,Organic,Mobile
1435,2023-01-31,India,"Facebook Ads",Mobile
1436,2024-02-20,UK,Referral,Mobile
1437,2023-05-24,UK,"Google Ads",Desktop
1438,2023-04-10,UK,"Google Ads",Mobile
1439,2023-03-23,UK,"Facebook Ads",Mobile
1440,2023-12-28,USA,"Google Ads",Mobile
1441,2024-06-14,UK,"Google Ads",Tablet
1442,2024-06-03,UK,"LinkedIn Ads",Tablet
1443,2023-11-27,Canada,"Google Ads",Desktop
1444,2024-05-30,Australia,"Google Ads",Mobile
1445,2024-01-06,Germany,"Facebook Ads",Mobile
1446,2023-04-05,UK,"Facebook Ads",Desktop
1447,2023-09-17,USA,"LinkedIn Ads",Mobile
1448,2023-03-15,India,"LinkedIn Ads",Tablet
1449,2024-04-29,USA,"Google Ads",Mobile
1450,2023-04-23,Canada,"Google Ads",Desktop
1451,2023-05-27,UK,"LinkedIn Ads",Desktop
1452,2023-12-14,USA,Referral,Desktop
1453,2023-06-04,Australia,"Facebook Ads",Desktop
1454,2024-03-29,India,"Facebook Ads",Tablet
1455,2023-12-07,Canada,Organic,Tablet
1456,2023-06-12,Canada,Referral,Mobile
1457,2023-07-21,Canada,Referral,Desktop
1458,2024-04-26,India,"LinkedIn Ads",Desktop
1459,2024-06-23,USA,"Facebook Ads",Desktop
1460,2023-10-19,Australia,Referral,Mobile
1461,2023-12-11,Australia,Referral,Desktop
1462,2024-02-01,Australia,Organic,Mobile
1463,2023-04-24,Australia,Organic,Desktop
1464,2023-03-13,USA,"Google Ads",Tablet
1465,2023-12-05,Germany,"Google Ads",Desktop
1466,2023-06-01,UK,Organic,Mobile
1467,2023-04-25,Australia,"Google Ads",Tablet
1468,2024-03-10,Australia,"LinkedIn Ads",Tablet
1469,2024-01-12,UK,"LinkedIn Ads",Desktop
1470,2023-05-05,USA,Organic,Tablet
1471,2023-03-05,India,Referral,Mobile
1472,2023-08-14,USA,"Facebook Ads",Mobile
1473,2024-04-02,UK,Referral,Tablet
1474,2023-08-21,Canada,"Google Ads",Desktop
1475,2023-08-17,Australia,"Facebook Ads",Mobile
1476,2024-01-05,Germany,Organic,Mobile
1477,2024-01-08,UK,Organic,Desktop
1478,2023-08-27,Canada,"Facebook Ads",Tablet
1479,2024-05-04,UK,Referral,Desktop
1480,2023-03-16,Germany,"Google Ads",Mobile
1481,2024-06-23,USA,"Facebook Ads",Desktop
1482,2024-03-27,Canada,Organic,Mobile
1483,2024-06-19,Canada,"LinkedIn Ads",Tablet
1484,2023-06-03,Germany,"Google Ads",Desktop
1485,2023-02-03,Australia,"Google Ads",Desktop
1486,2024-03-01,India,Referral,Tablet
1487,2024-05-14,Australia,Referral,Tablet
1488,2024-01-18,UK,"LinkedIn Ads",Tablet
1489,2024-03-27,USA,"Google Ads",Mobile
1490,2023-06-13,India,"Facebook Ads",Tablet
1491,2023-01-29,Canada,Organic,Desktop
1492,2023-10-28,Canada,Organic,Tablet
1493,2024-06-06,India,"Facebook Ads",Mobile
1494,2023-08-15,UK,Referral,Mobile
1495,2024-04-30,Germany,"Facebook Ads",Tablet
1496,2023-03-25,UK,"Facebook Ads",Mobile
1497,2024-02-18,UK,"Facebook Ads",Mobile
1498,2023-12-08,UK,"Google Ads",Mobile
1499,2024-02-17,Germany,"LinkedIn Ads",Tablet
1500,2023-08-03,USA,Organic,Tablet
1501,2023-02-24,UK,Referral,Tablet
1502,2023-03-08,Germany,"Facebook Ads",Tablet
1503,2023-06-09,UK,"Facebook Ads",Tablet
1504,2023-07-11,Australia,"Facebook Ads",Mobile
1505,2024-02-16,Australia,"LinkedIn Ads",Mobile
1506,2023-09-10,USA,Referral,Desktop
1507,2023-05-11,India,Organic,Mobile
1508,2023-05-20,India,"Google Ads",Desktop
1509,2023-08-02,Germany,"Facebook Ads",Mobile
1510,2023-03-06,UK,Organic,Mobile
1511,2023-02-24,USA,Referral,Desktop
1512,2023-08-19,Canada,"LinkedIn Ads",Mobile
1513,2023-08-20,UK,"Google Ads",Mobile
1514,2023-12-16,India,"Google Ads",Tablet
1515,2023-08-09,UK,"Google Ads",Mobile
1516,2023-01-19,USA,Organic,Desktop
1517,2024-01-09,India,Referral,Mobile
1518,2024-03-15,Canada,"Google Ads",Desktop
1519,2024-04-12,Canada,Referral,Mobile
1520,2023-07-11,USA,"LinkedIn Ads",Tablet
1521,2023-08-25,Canada,Organic,Mobile
1522,2023-11-03,UK,"LinkedIn Ads",Mobile
1523,2023-02-07,Australia,Referral,Tablet
1524,2024-03-09,India,"Facebook Ads",Mobile
1525,2024-05-27,Australia,Referral,Tablet
1526,2024-02-20,USA,"Google Ads",Tablet
1527,2024-05-18,India,"Google Ads",Mobile
1528,2023-12-04,USA,Organic,Desktop
1529,2023-07-19,USA,"Facebook Ads",Desktop
1530,2024-01-15,USA,"LinkedIn Ads",Mobile
1531,2024-05-27,Australia,Referral,Desktop
1532,2023-08-19,Germany,Organic,Mobile
1533,2023-07-27,Australia,"Google Ads",Mobile
1534,2024-05-17,UK,Organic,Desktop
1535,2023-07-07,UK,"Google Ads",Tablet
1536,2023-05-06,UK,"LinkedIn Ads",Mobile
1537,2023-09-09,USA,"LinkedIn Ads",Desktop
1538,2023-07-13,USA,"Google Ads",Mobile
1539,2023-10-07,Australia,Organic,Desktop
1540,2023-12-31,UK,Referral,Desktop
1541,2023-08-24,India,"Google Ads",Desktop
1542,2023-11-12,UK,Organic,Tablet
1543,2024-06-21,Australia,"Facebook Ads",Desktop
1544,2023-03-29,Australia,"LinkedIn Ads",Tablet
1545,2023-01-30,India,"LinkedIn Ads",Mobile
1546,2023-08-30,Australia,"Facebook Ads",Tablet
1547,2024-02-09,Canada,"Google Ads",Mobile
1548,2024-05-10,India,"LinkedIn Ads",Mobile
1549,2023-12-31,Germany,"Google Ads",Mobile
1550,2023-05-08,Australia,"LinkedIn Ads",Mobile
1551,2023-09-21,Canada,"Google Ads",Tablet
1552,2024-01-14,Germany,"LinkedIn Ads",Desktop
1553,2023-11-09,India,Organic,Mobile
1554,2024-05-22,USA,Referral,Desktop
1555,2023-07-17,Germany,Referral,Mobile
1556,2023-10-29,UK,Referral,Tablet
1557,2024-05-11,Germany,"Google Ads",Desktop
1558,2023-06-21,UK,"Google Ads",Tablet
1559,2023-07-16,USA,Referral,Desktop
1560,2023-01-21,Canada,Organic,Tablet
1561,2024-03-26,Germany,"Google Ads",Mobile
1562,2024-01-01,Canada,Organic,Mobile
1563,2023-09-05,Canada,"LinkedIn Ads",Tablet
1564,2023-05-29,Canada,Referral,Desktop
1565,2023-03-17,Canada,Organic,Tablet
1566,2023-06-06,USA,"Google Ads",Desktop
1567,2024-01-28,India,"Google Ads",Tablet
1568,2023-04-13,India,"Facebook Ads",Tablet
1569,2023-06-09,Australia,Organic,Mobile
1570,2023-03-08,Canada,Referral,Desktop
1571,2024-03-27,UK,Referral,Mobile
1572,2024-01-14,Canada,Referral,Desktop
1573,2024-03-12,Canada,Referral,Tablet
1574,2023-05-09,Australia,Organic,Desktop
1575,2023-07-23,Canada,Organic,Mobile
1576,2023-04-07,Australia,Organic,Tablet
1577,2023-05-17,USA,Organic,Mobile
1578,2023-08-08,India,Referral,Mobile
1579,2023-09-21,Germany,Referral,Mobile
1580,2024-06-29,Australia,"LinkedIn Ads",Desktop
1581,2024-03-19,USA,"LinkedIn Ads",Desktop
1582,2024-05-10,Canada,"Facebook Ads",Tablet
1583,2023-07-09,USA,"Google Ads",Desktop
1584,2023-04-03,UK,"Facebook Ads",Tablet
1585,2023-01-25,USA,Referral,Desktop
1586,2024-03-16,UK,"Facebook Ads",Tablet
1587,2023-01-25,India,"Google Ads",Mobile
1588,2023-04-19,UK,Organic,Desktop
1589,2023-04-12,Germany,"Google Ads",Mobile
1590,2024-03-28,India,"LinkedIn Ads",Tablet
1591,2023-12-27,UK,Referral,Desktop
1592,2023-04-07,India,Organic,Mobile
1593,2023-07-26,USA,"LinkedIn Ads",Desktop
1594,2023-08-12,Germany,Organic,Mobile
1595,2023-09-07,India,"LinkedIn Ads",Tablet
1596,2023-04-02,Canada,"LinkedIn Ads",Mobile
1597,2023-06-09,India,"LinkedIn Ads",Desktop
1598,2024-06-17,Australia,"Facebook Ads",Tablet
1599,2023-10-21,Canada,"Google Ads",Desktop
1600,2024-01-28,UK,"LinkedIn Ads",Mobile
1601,2023-01-11,Germany,Referral,Desktop
1602,2024-06-14,USA,"LinkedIn Ads",Desktop
1603,2024-05-25,USA,Organic,Desktop
1604,2024-01-07,Germany,"Facebook Ads",Desktop
1605,2023-07-25,Australia,"LinkedIn Ads",Desktop
1606,2023-03-06,India,"Google Ads",Tablet
1607,2023-07-27,UK,"Google Ads",Mobile
1608,2023-12-06,UK,Referral,Desktop
1609,2023-10-22,Canada,"Facebook Ads",Mobile
1610,2023-05-15,UK,"Facebook Ads",Tablet
1611,2023-05-19,Australia,"Google Ads",Desktop
1612,2023-10-20,Canada,Referral,Tablet
1613,2023-06-18,UK,"Google Ads",Tablet
1614,2023-08-03,USA,Organic,Mobile
1615,2024-06-14,Germany,Referral,Tablet
1616,2023-10-16,India,Referral,Mobile
1617,2024-03-21,Australia,"Google Ads",Desktop
1618,2023-08-21,Australia,"LinkedIn Ads",Mobile
1619,2023-09-13,USA,"LinkedIn Ads",Tablet
1620,2024-04-07,Australia,"Google Ads",Desktop
1621,2024-03-28,Canada,"Google Ads",Mobile
1622,2024-05-13,India,"LinkedIn Ads",Desktop
1623,2023-12-10,UK,"LinkedIn Ads",Mobile
1624,2023-06-20,USA,Organic,Desktop
1625,2024-03-18,India,Organic,Tablet
1626,2023-07-07,Canada,"LinkedIn Ads",Tablet
1627,2024-01-20,Germany,Referral,Mobile
1628,2023-05-11,USA,"Google Ads",Desktop
1629,2023-02-07,UK,"Facebook Ads",Desktop
1630,2023-11-12,Australia,Organic,Mobile
1631,2023-01-16,Canada,Referral,Tablet
1632,2024-04-10,Australia,"Facebook Ads",Tablet
1633,2024-04-26,Canada,"Facebook Ads",Desktop
1634,2023-07-04,India,Referral,Mobile
1635,2023-03-03,UK,Referral,Desktop
1636,2023-04-18,USA,"Facebook Ads",Desktop
1637,2024-02-25,Germany,"Google Ads",Mobile
1638,2023-01-10,Germany,Referral,Tablet
1639,2023-02-17,India,"LinkedIn Ads",Mobile
1640,2024-06-16,Germany,"LinkedIn Ads",Desktop
1641,2023-06-21,Canada,"Google Ads",Desktop
1642,2023-05-11,India,"LinkedIn Ads",Mobile
1643,2023-02-04,Canada,Referral,Desktop
1644,2024-02-12,UK,Referral,Mobile
1645,2023-02-23,Australia,Organic,Mobile
1646,2023-10-22,USA,"Facebook Ads",Tablet
1647,2023-12-16,USA,"LinkedIn Ads",Mobile
1648,2023-07-06,USA,"Google Ads",Tablet
1649,2023-03-03,Australia,Organic,Desktop
1650,2024-05-12,UK,Referral,Mobile
1651,2024-06-14,India,"Facebook Ads",Tablet
1652,2023-09-17,Canada,"Facebook Ads",Desktop
1653,2023-09-08,India,"Google Ads",Tablet
1654,2023-09-24,UK,Organic,Desktop
1655,2023-08-10,UK,"Facebook Ads",Tablet
1656,2023-12-20,Germany,Referral,Mobile
1657,2023-10-26,India,"Facebook Ads",Tablet
1658,2024-05-07,USA,"LinkedIn Ads",Desktop
1659,2023-08-14,Canada,"Google Ads",Tablet
1660,2024-04-11,Australia,Referral,Desktop
1661,2023-08-14,UK,"Google Ads",Tablet
1662,2023-10-20,Germany,Referral,Desktop
1663,2023-06-27,UK,Organic,Tablet
1664,2024-06-10,Australia,Organic,Mobile
1665,2024-03-15,UK,Referral,Tablet
1666,2024-01-14,Germany,Referral,Tablet
1667,2023-05-31,UK,"Facebook Ads",Desktop
1668,2023-05-29,Canada,"Google Ads",Tablet
1669,2023-01-13,Canada,"Facebook Ads",Tablet
1670,2024-05-01,Australia,Organic,Mobile
1671,2023-12-21,USA,"LinkedIn Ads",Mobile
1672,2023-05-22,Germany,"Facebook Ads",Desktop
1673,2024-06-15,USA,"Google Ads",Tablet
1674,2023-07-21,India,"Google Ads",Desktop
1675,2023-06-27,Germany,"Google Ads",Mobile
1676,2023-11-29,Canada,Referral,Tablet
1677,2024-01-10,UK,"Facebook Ads",Tablet
1678,2023-01-21,Australia,"LinkedIn Ads",Desktop
1679,2023-04-23,Germany,"LinkedIn Ads",Mobile
1680,2023-06-28,Canada,Organic,Tablet
1681,2023-03-15,UK,"Facebook Ads",Tablet
1682,2023-11-18,Canada,Organic,Desktop
1683,2024-03-22,Germany,"Facebook Ads",Tablet
1684,2024-03-11,Germany,Organic,Desktop
1685,2023-07-11,USA,"Google Ads",Tablet
1686,2023-08-24,UK,"Facebook Ads",Mobile
1687,2024-05-19,USA,"Google Ads",Desktop
1688,2024-05-05,USA,"Facebook Ads",Desktop
1689,2024-06-17,India,"Facebook Ads",Mobile
1690,2023-12-31,Germany,Organic,Tablet
1691,2023-02-19,UK,"Google Ads",Desktop
1692,2023-05-01,India,Referral,Desktop
1693,2023-02-01,Germany,Referral,Tablet
1694,2023-06-20,UK,"Google Ads",Desktop
1695,2024-04-05,UK,"Facebook Ads",Tablet
1696,2023-03-07,USA,"LinkedIn Ads",Tablet
1697,2024-05-15,Australia,Referral,Desktop
1698,2024-06-13,Australia,"Facebook Ads",Desktop
1699,2023-12-21,Germany,"LinkedIn Ads",Tablet
1700,2023-06-07,USA,Organic,Tablet
1701,2023-05-31,USA,"Google Ads",Tablet
1702,2023-10-22,Germany,Referral,Tablet
1703,2023-03-30,UK,Referral,Desktop
1704,2023-08-19,India,"Facebook Ads",Mobile
1705,2023-03-01,India,"Facebook Ads",Tablet
1706,2023-03-13,Canada,"Google Ads",Mobile
1707,2024-01-02,India,Organic,Mobile
1708,2023-08-29,Germany,"LinkedIn Ads",Desktop
1709,2023-06-20,Australia,"LinkedIn Ads",Desktop
1710,2024-01-25,UK,"Facebook Ads",Desktop
1711,2024-04-02,Germany,Referral,Tablet
1712,2023-10-13,Canada,Referral,Mobile
1713,2023-12-23,UK,Referral,Desktop
1714,2023-11-19,UK,Organic,Mobile
1715,2023-09-09,India,Referral,Desktop
1716,2024-03-05,Germany,Organic,Mobile
1717,2023-11-11,USA,"Google Ads",Mobile
1718,2023-07-10,India,"Facebook Ads",Tablet
1719,2024-01-01,USA,"Facebook Ads",Desktop
1720,2023-07-17,India,"Google Ads",Desktop
1721,2023-01-16,Canada,Organic,Mobile
1722,2024-02-02,India,"Google Ads",Desktop
1723,2023-10-07,USA,Referral,Mobile
1724,2023-09-14,Germany,Organic,Tablet
1725,2023-03-28,UK,"LinkedIn Ads",Mobile
1726,2024-03-23,Australia,"LinkedIn Ads",Tablet
1727,2024-05-27,UK,Referral,Mobile
1728,2023-08-16,USA,Organic,Mobile
1729,2023-01-22,Germany,"Google Ads",Mobile
1730,2023-04-14,Germany,"LinkedIn Ads",Mobile
1731,2023-01-26,Canada,Referral,Tablet
1732,2023-02-07,India,"LinkedIn Ads",Desktop
1733,2024-01-11,Australia,"LinkedIn Ads",Desktop
1734,2023-09-23,Australia,Referral,Tablet
1735,2024-06-27,India,Organic,Desktop
1736,2023-09-21,India,Referral,Desktop
1737,2024-01-01,Canada,Organic,Mobile
1738,2024-01-30,Australia,"Google Ads",Mobile
1739,2024-04-08,Canada,Referral,Tablet
1740,2023-04-04,India,Organic,Mobile
1741,2023-05-29,India,"LinkedIn Ads",Mobile
1742,2024-04-15,Germany,Referral,Desktop
1743,2023-10-10,Canada,"Facebook Ads",Desktop
1744,2024-02-18,Germany,Organic,Mobile
1745,2023-06-23,USA,"Facebook Ads",Desktop
1746,2024-02-23,Australia,"Facebook Ads",Mobile
1747,2024-03-04,Canada,"Google Ads",Tablet
1748,2023-07-11,UK,"Google Ads",Tablet
1749,2023-04-26,USA,"Google Ads",Mobile
1750,2024-06-02,USA,"Facebook Ads",Mobile
1751,2023-09-26,India,Referral,Mobile
1752,2024-05-05,UK,Organic,Mobile
1753,2023-09-30,USA,"LinkedIn Ads",Mobile
1754,2024-04-23,India,"Google Ads",Mobile
1755,2024-03-16,Australia,Referral,Tablet
1756,2024-05-31,India,"Facebook Ads",Desktop
1757,2024-04-29,India,Organic,Mobile
1758,2024-05-19,Germany,"Facebook Ads",Mobile
1759,2023-05-16,India,Organic,Mobile
1760,2023-08-28,USA,Organic,Mobile
1761,2023-12-15,India,Referral,Mobile
1762,2023-01-31,USA,"Facebook Ads",Desktop
1763,2024-05-22,UK,Organic,Desktop
1764,2023-10-12,UK,Organic,Desktop
1765,2023-03-19,USA,"LinkedIn Ads",Desktop
1766,2024-02-01,UK,Organic,Tablet
1767,2023-05-02,India,Organic,Mobile
1768,2024-02-06,UK,"Facebook Ads",Mobile
1769,2023-10-15,Germany,"Google Ads",Mobile
1770,2023-12-12,Canada,"Facebook Ads",Tablet
1771,2023-02-15,Germany,"Google Ads",Tablet
1772,2024-04-24,Australia,"Google Ads",Mobile
1773,2023-05-14,USA,Organic,Mobile
1774,2023-03-19,USA,"Facebook Ads",Tablet
1775,2023-02-14,Canada,"Google Ads",Tablet
1776,2024-03-02,Germany,Organic,Desktop
1777,2023-11-26,Australia,"Facebook Ads",Desktop
1778,2024-02-25,Canada,Organic,Desktop
1779,2023-03-20,Canada,"Google Ads",Desktop
1780,2023-09-23,USA,"Google Ads",Mobile
1781,2024-05-16,UK,"Facebook Ads",Tablet
1782,2023-02-19,USA,"Google Ads",Mobile
1783,2024-05-02,Germany,"Facebook Ads",Mobile
1784,2023-12-29,Australia,Organic,Mobile
1785,2023-04-04,Germany,"Google Ads",Desktop
1786,2023-12-22,Germany,Referral,Desktop
1787,2023-05-04,Australia,"Google Ads",Desktop
1788,2023-07-27,Canada,Organic,Mobile
1789,2023-04-12,India,"Google Ads",Mobile
1790,2023-06-20,USA,"Google Ads",Tablet
1791,2024-05-10,India,Referral,Tablet
1792,2024-06-25,India,Organic,Desktop
1793,2024-06-06,USA,"Google Ads",Desktop
1794,2023-05-09,India,Referral,Desktop
1795,2023-03-19,UK,Referral,Tablet
1796,2023-03-03,Germany,"Google Ads",Mobile
1797,2023-07-12,Germany,Organic,Desktop
1798,2023-03-26,India,"Facebook Ads",Tablet
1799,2023-09-30,USA,Organic,Desktop
1800,2024-06-06,Australia,Referral,Tablet
1801,2024-02-20,Canada,Referral,Desktop
1802,2023-05-28,Germany,Organic,Desktop
1803,2023-02-14,Canada,"Google Ads",Tablet
1804,2024-06-07,India,"Google Ads",Desktop
1805,2024-01-11,UK,Organic,Mobile
1806,2023-11-10,Australia,"Google Ads",Desktop
1807,2023-05-08,India,"Facebook Ads",Tablet
1808,2023-10-22,Canada,"Google Ads",Desktop
1809,2023-10-24,UK,Referral,Tablet
1810,2023-07-27,Canada,Referral,Mobile
1811,2023-04-01,Germany,"Facebook Ads",Tablet
1812,2023-09-30,Germany,"Google Ads",Mobile
1813,2023-03-05,Australia,Organic,Mobile
1814,2023-05-29,Canada,"Facebook Ads",Desktop
1815,2023-05-31,USA,"Google Ads",Tablet
1816,2024-04-24,Germany,Referral,Tablet
1817,2023-01-19,Canada,Referral,Mobile
1818,2023-07-08,USA,"LinkedIn Ads",Desktop
1819,2023-11-27,Germany,Organic,Desktop
1820,2023-03-03,Germany,"Google Ads",Mobile
1821,2023-06-22,India,"LinkedIn Ads",Desktop
1822,2024-04-01,UK,Referral,Mobile
1823,2023-10-31,Germany,"Google Ads",Tablet
1824,2023-01-12,India,"LinkedIn Ads",Desktop
1825,2023-11-17,Germany,Referral,Desktop
1826,2023-05-02,USA,"LinkedIn Ads",Tablet
1827,2023-10-21,Australia,"LinkedIn Ads",Tablet
1828,2023-10-11,USA,Referral,Mobile
1829,2023-04-13,Australia,"LinkedIn Ads",Mobile
1830,2023-06-02,India,"LinkedIn Ads",Tablet
1831,2023-02-12,UK,"Facebook Ads",Desktop
1832,2023-05-23,India,"Google Ads",Desktop
1833,2023-01-16,India,"LinkedIn Ads",Tablet
1834,2023-07-26,Canada,"LinkedIn Ads",Desktop
1835,2023-06-08,USA,Organic,Tablet
1836,2023-07-04,USA,Referral,Mobile
1837,2024-03-20,Germany,Organic,Mobile
1838,2023-11-05,Australia,Organic,Mobile
1839,2023-10-27,USA,Organic,Tablet
1840,2024-02-12,UK,Referral,Desktop
1841,2023-07-13,UK,Organic,Mobile
1842,2023-01-14,India,"LinkedIn Ads",Desktop
1843,2023-01-15,Canada,"LinkedIn Ads",Desktop
1844,2023-04-22,USA,Referral,Mobile
1845,2024-01-03,Canada,Referral,Tablet
1846,2024-06-15,Germany,Organic,Tablet
1847,2024-06-16,Australia,"Facebook Ads",Mobile
1848,2023-05-31,Germany,Referral,Mobile
1849,2023-05-15,Germany,"Google Ads",Tablet
1850,2023-01-27,India,"LinkedIn Ads",Mobile
1851,2024-06-01,Canada,"Facebook Ads",Desktop
1852,2024-02-27,India,Organic,Tablet
1853,2023-03-10,Germany,"Facebook Ads",Tablet
1854,2024-03-16,India,Organic,Mobile
1855,2023-09-02,UK,Organic,Mobile
1856,2023-04-16,Australia,Referral,Mobile
1857,2023-06-17,Germany,"Facebook Ads",Mobile
1858,2023-04-08,India,"Facebook Ads",Desktop
1859,2023-10-15,UK,"Facebook Ads",Tablet
1860,2023-04-16,UK,Referral,Desktop
1861,2023-10-25,India,"Google Ads",Tablet
1862,2024-06-07,Germany,"LinkedIn Ads",Desktop
1863,2024-04-14,India,"Google Ads",Mobile
1864,2024-02-23,Germany,"Facebook Ads",Desktop
1865,2024-02-29,Australia,"Google Ads",Mobile
1866,2024-03-17,India,Referral,Tablet
1867,2023-03-23,Canada,Organic,Mobile
1868,2024-02-08,India,Referral,Mobile
1869,2024-05-06,Germany,"Facebook Ads",Tablet
1870,2024-01-30,USA,Referral,Desktop
1871,2023-10-28,India,"LinkedIn Ads",Desktop
1872,2024-03-26,India,Referral,Mobile
1873,2024-06-16,Canada,"LinkedIn Ads",Tablet
1874,2023-10-09,Australia,Organic,Mobile
1875,2023-01-24,Germany,"LinkedIn Ads",Tablet
1876,2023-02-11,Australia,"Google Ads",Desktop
1877,2024-05-09,Australia,Organic,Desktop
1878,2023-01-17,UK,"Google Ads",Mobile
1879,2023-04-13,USA,Referral,Tablet
1880,2023-07-31,UK,"Facebook Ads",Mobile
1881,2023-10-28,Australia,Organic,Tablet
1882,2023-01-19,UK,Organic,Mobile
1883,2024-03-15,USA,Referral,Tablet
1884,2024-03-20,Canada,Referral,Tablet
1885,2023-11-11,UK,"Facebook Ads",Mobile
1886,2024-01-27,Canada,"Facebook Ads",Desktop
1887,2023-11-02,Canada,"Facebook Ads",Tablet
1888,2023-04-25,Australia,"Facebook Ads",Tablet
1889,2024-02-05,India,"LinkedIn Ads",Desktop
1890,2024-04-09,Australia,"Google Ads",Desktop
1891,2023-04-07,UK,"LinkedIn Ads",Tablet
1892,2024-01-31,Germany,"Facebook Ads",Mobile
1893,2023-08-19,USA,Referral,Tablet
1894,2023-05-23,UK,"Facebook Ads",Tablet
1895,2024-04-30,UK,"Facebook Ads",Desktop
1896,2024-01-15,Australia,Referral,Desktop
1897,2023-05-11,USA,Referral,Tablet
1898,2023-11-02,Australia,"LinkedIn Ads",Tablet
1899,2023-11-28,Canada,"LinkedIn Ads",Tablet
1900,2024-02-14,USA,Organic,Desktop
1901,2023-07-09,Germany,"LinkedIn Ads",Mobile
1902,2023-04-22,India,Referral,Desktop
1903,2023-11-10,Australia,"Facebook Ads",Tablet
1904,2023-08-24,USA,Organic,Desktop
1905,2023-12-18,Australia,"Google Ads",Tablet
1906,2023-11-14,Canada,Organic,Mobile
1907,2024-02-11,Australia,Referral,Mobile
1908,2024-06-24,USA,Organic,Desktop
1909,2024-04-11,Australia,"LinkedIn Ads",Tablet
1910,2023-09-22,India,"LinkedIn Ads",Desktop
1911,2023-07-16,UK,Organic,Tablet
1912,2023-02-15,Germany,"Google Ads",Tablet
1913,2023-03-16,Australia,"Google Ads",Desktop
1914,2023-12-12,USA,"Facebook Ads",Desktop
1915,2023-09-25,Canada,"LinkedIn Ads",Mobile
1916,2023-11-01,UK,"Facebook Ads",Desktop
1917,2023-06-13,Germany,"LinkedIn Ads",Desktop
1918,2024-02-17,Australia,Referral,Tablet
1919,2024-05-16,Australia,Organic,Desktop
1920,2023-03-12,Australia,"LinkedIn Ads",Desktop
1921,2024-01-09,Germany,"LinkedIn Ads",Tablet
1922,2024-06-16,India,"Google Ads",Mobile
1923,2023-06-17,Canada,"LinkedIn Ads",Tablet
1924,2023-08-14,Australia,"LinkedIn Ads",Tablet
1925,2023-09-08,Canada,"LinkedIn Ads",Mobile
1926,2023-04-25,USA,"Facebook Ads",Mobile
1927,2023-10-09,Germany,"LinkedIn Ads",Mobile
1928,2023-04-10,UK,"LinkedIn Ads",Mobile
1929,2023-09-26,UK,"LinkedIn Ads",Tablet
1930,2023-08-20,India,"LinkedIn Ads",Mobile
1931,2023-04-07,USA,"Facebook Ads",Desktop
1932,2023-06-12,USA,"Google Ads",Tablet
1933,2023-12-31,USA,"Facebook Ads",Desktop
1934,2023-10-14,USA,Referral,Mobile
1935,2023-05-12,Australia,Referral,Mobile
1936,2023-11-20,Germany,"Facebook Ads",Desktop
1937,2023-11-29,Australia,Organic,Mobile
1938,2023-02-06,Canada,Organic,Desktop
1939,2023-03-22,Australia,Organic,Desktop
1940,2023-03-24,Germany,"LinkedIn Ads",Mobile
1941,2023-07-05,USA,"Google Ads",Mobile
1942,2024-06-23,USA,Organic,Mobile
1943,2023-10-22,UK,Organic,Desktop
1944,2023-08-27,Australia,"LinkedIn Ads",Desktop
1945,2024-02-09,Germany,"LinkedIn Ads",Mobile
1946,2023-04-13,India,Referral,Mobile
1947,2023-06-21,Australia,Organic,Mobile
1948,2023-01-17,India,"Google Ads",Desktop
1949,2024-01-20,USA,Organic,Desktop
1950,2023-05-01,India,Organic,Mobile
1951,2024-04-28,Australia,"LinkedIn Ads",Desktop
1952,2023-04-21,Canada,"Facebook Ads",Desktop
1953,2023-09-22,Canada,"LinkedIn Ads",Tablet
1954,2023-09-12,UK,"Facebook Ads",Tablet
1955,2023-11-10,India,Referral,Tablet
1956,2023-10-09,Australia,"LinkedIn Ads",Mobile
1957,2023-08-16,Germany,Organic,Desktop
1958,2023-01-11,Germany,Organic,Tablet
1959,2023-09-08,USA,"Facebook Ads",Desktop
1960,2023-09-29,India,Organic,Mobile
1961,2024-04-09,Germany,"Facebook Ads",Tablet
1962,2023-03-01,Australia,"Facebook Ads",Desktop
1963,2023-06-01,Australia,"Google Ads",Mobile
1964,2023-07-13,Canada,Referral,Tablet
1965,2024-01-24,Australia,Referral,Desktop
1966,2024-02-03,Canada,"LinkedIn Ads",Mobile
1967,2023-03-01,Australia,Referral,Tablet
1968,2023-09-22,UK,Referral,Mobile
1969,2023-08-03,USA,"Facebook Ads",Mobile
1970,2023-06-26,Germany,"Facebook Ads",Mobile
1971,2023-09-12,Australia,"LinkedIn Ads",Tablet
1972,2024-03-28,Australia,"Google Ads",Tablet
1973,2024-04-21,Australia,"Facebook Ads",Mobile
1974,2023-08-18,Canada,"Google Ads",Mobile
1975,2024-02-02,USA,"Facebook Ads",Desktop
1976,2023-04-17,USA,"LinkedIn Ads",Mobile
1977,2023-03-03,USA,"LinkedIn Ads",Mobile
1978,2024-02-03,Australia,"LinkedIn Ads",Tablet
1979,2023-02-07,USA,Organic,Mobile
1980,2024-06-14,UK,Referral,Mobile
1981,2024-01-29,UK,"Google Ads",Mobile
1982,2023-04-05,USA,Referral,Desktop
1983,2023-01-13,Germany,"Google Ads",Mobile
1984,2024-03-31,USA,"Google Ads",Desktop
1985,2023-11-22,UK,"Google Ads",Desktop
1986,2024-05-27,India,"LinkedIn Ads",Mobile
1987,2024-05-24,Germany,"LinkedIn Ads",Tablet
1988,2023-05-28,India,"LinkedIn Ads",Desktop
1989,2024-02-07,Germany,"LinkedIn Ads",Tablet
1990,2024-01-20,India,"Facebook Ads",Desktop
1991,2023-05-06,USA,Organic,Tablet
1992,2023-04-03,India,"LinkedIn Ads",Desktop
1993,2024-03-30,Canada,"Google Ads",Desktop
1994,2023-04-03,Canada,"LinkedIn Ads",Desktop
1995,2023-08-27,Canada,Referral,Tablet
1996,2023-12-25,Australia,"Facebook Ads",Mobile
1997,2024-01-22,Australia,"LinkedIn Ads",Desktop
1998,2023-08-10,Germany,Organic,Mobile
1999,2023-12-02,India,"Facebook Ads",Desktop
2000,2023-07-08,USA,Referral,Mobile
2001,2023-04-20,UK,"LinkedIn Ads",Mobile
2002,2024-06-14,India,Organic,Mobile
2003,2023-08-09,Germany,"Google Ads",Mobile
2004,2023-09-29,USA,Organic,Mobile
2005,2023-06-02,Australia,Referral,Tablet
2006,2023-03-20,Canada,"Google Ads",Tablet
2007,2024-01-11,USA,"Google Ads",Desktop
2008,2024-01-21,Germany,"Facebook Ads",Mobile
2009,2023-06-28,Australia,"LinkedIn Ads",Desktop
2010,2023-12-15,Australia,"LinkedIn Ads",Desktop
2011,2024-03-10,USA,"LinkedIn Ads",Desktop
2012,2023-02-09,India,"Facebook Ads",Desktop
2013,2024-01-22,Australia,Organic,Mobile
2014,2023-07-12,Australia,"LinkedIn Ads",Tablet
2015,2023-07-16,Canada,"Facebook Ads",Desktop
2016,2023-03-22,Australia,Referral,Mobile
2017,2023-06-24,Australia,Referral,Tablet
2018,2023-12-07,Australia,"Google Ads",Mobile
2019,2024-05-31,India,Organic,Desktop
2020,2023-11-28,Australia,Referral,Desktop
2021,2024-04-26,UK,Referral,Tablet
2022,2024-05-04,USA,Referral,Mobile
2023,2023-02-09,Germany,Organic,Desktop
2024,2023-01-19,Canada,Organic,Mobile
2025,2023-04-01,USA,Referral,Desktop
2026,2024-06-17,India,Organic,Desktop
2027,2023-05-29,India,Organic,Mobile
2028,2023-05-27,USA,"Facebook Ads",Mobile
2029,2023-10-12,USA,"LinkedIn Ads",Desktop
2030,2024-05-22,Canada,"Google Ads",Tablet
2031,2023-12-01,UK,Organic,Mobile
2032,2023-07-08,Canada,"Facebook Ads",Tablet
2033,2023-12-12,Canada,Organic,Desktop
2034,2023-04-11,USA,Referral,Tablet
2035,2023-05-18,USA,"Facebook Ads",Mobile
2036,2024-05-06,UK,"LinkedIn Ads",Desktop
2037,2023-06-07,Canada,Referral,Mobile
2038,2023-09-09,Australia,"Facebook Ads",Mobile
2039,2024-06-30,Germany,"LinkedIn Ads",Desktop
2040,2023-04-06,UK,"Google Ads",Mobile
2041,2023-04-28,Canada,"Google Ads",Mobile
2042,2023-03-07,UK,Organic,Desktop
2043,2023-12-25,India,"Google Ads",Desktop
2044,2023-03-16,USA,"Facebook Ads",Mobile
2045,2023-07-22,Canada,"Facebook Ads",Tablet
2046,2023-04-18,UK,"LinkedIn Ads",Tablet
2047,2023-08-27,UK,Referral,Mobile
2048,2024-05-14,USA,Organic,Tablet
2049,2023-02-20,India,"Google Ads",Desktop
2050,2024-04-21,UK,Referral,Mobile
2051,2023-04-03,UK,Referral,Desktop
2052,2023-02-25,Germany,"Facebook Ads",Tablet
2053,2024-04-02,USA,"LinkedIn Ads",Tablet
2054,2023-12-28,Canada,"LinkedIn Ads",Mobile
2055,2023-02-20,USA,"Facebook Ads",Mobile
2056,2023-04-05,Australia,"Google Ads",Tablet
2057,2024-06-01,USA,Organic,Mobile
2058,2023-03-29,USA,"LinkedIn Ads",Mobile
2059,2023-04-19,UK,Referral,Desktop
2060,2023-06-26,India,Referral,Mobile
2061,2023-02-09,Australia,"LinkedIn Ads",Desktop
2062,2024-01-31,USA,"Facebook Ads",Tablet
2063,2024-05-31,Australia,Organic,Desktop
2064,2024-05-15,Canada,Organic,Desktop
2065,2024-02-27,UK,Organic,Mobile
2066,2024-03-29,Australia,Organic,Tablet
2067,2023-06-21,UK,Organic,Mobile
2068,2023-01-21,UK,"Google Ads",Desktop
2069,2024-06-18,USA,Referral,Desktop
2070,2023-07-18,India,"Facebook Ads",Mobile
2071,2023-08-27,India,"LinkedIn Ads",Mobile
2072,2023-10-02,Australia,"Google Ads",Mobile
2073,2023-12-10,Australia,Organic,Mobile
2074,2023-07-15,India,"Google Ads",Mobile
2075,2023-05-07,UK,"Google Ads",Tablet
2076,2024-05-17,USA,Referral,Desktop
2077,2023-09-17,Germany,"LinkedIn Ads",Desktop
2078,2023-11-12,India,Organic,Desktop
2079,2023-03-11,Australia,"Google Ads",Tablet
2080,2023-08-10,India,"Google Ads",Tablet
2081,2024-01-25,India,"Facebook Ads",Desktop
2082,2023-01-09,UK,"Google Ads",Tablet
2083,2024-02-20,USA,Referral,Tablet
2084,2024-04-13,Australia,Referral,Mobile
2085,2023-06-07,Germany,Referral,Desktop
2086,2024-04-24,Germany,Referral,Mobile
2087,2023-04-29,Australia,Organic,Desktop
2088,2023-03-28,UK,"Facebook Ads",Mobile
2089,2024-03-04,USA,"Google Ads",Tablet
2090,2023-01-30,UK,Organic,Mobile
2091,2023-09-18,India,Referral,Desktop
2092,2024-06-15,USA,Organic,Desktop
2093,2023-12-30,USA,Organic,Desktop
2094,2024-06-18,UK,Referral,Desktop
2095,2023-01-25,Germany,"Google Ads",Desktop
2096,2023-08-17,USA,Organic,Mobile
2097,2023-03-28,UK,Organic,Desktop
2098,2023-03-07,UK,Referral,Tablet
2099,2023-06-17,India,Referral,Tablet
2100,2023-11-21,Australia,Organic,Tablet
2101,2023-02-11,Australia,Organic,Tablet
2102,2023-03-14,Australia,Referral,Desktop
2103,2023-03-10,India,Referral,Mobile
2104,2024-02-19,Germany,Referral,Desktop
2105,2024-01-26,USA,Organic,Tablet
2106,2023-09-30,Canada,Organic,Mobile
2107,2023-10-02,Australia,"LinkedIn Ads",Desktop
2108,2023-05-03,USA,Organic,Desktop
2109,2023-10-06,Germany,"Facebook Ads",Tablet
2110,2023-11-25,India,"Google Ads",Mobile
2111,2023-08-17,India,"LinkedIn Ads",Mobile
2112,2023-06-17,Canada,"Google Ads",Mobile
2113,2023-12-25,India,Referral,Tablet
2114,2023-04-12,India,"LinkedIn Ads",Mobile
2115,2024-06-22,Canada,"Facebook Ads",Mobile
2116,2023-03-03,Germany,"Google Ads",Tablet
2117,2024-01-28,Australia,"LinkedIn Ads",Tablet
2118,2023-11-15,Australia,Organic,Mobile
2119,2024-04-12,USA,"LinkedIn Ads",Mobile
2120,2024-04-25,Canada,Referral,Tablet
2121,2023-11-18,USA,"LinkedIn Ads",Desktop
2122,2023-05-15,Australia,Organic,Tablet
2123,2024-03-30,Germany,"Facebook Ads",Desktop
2124,2023-07-01,Germany,Referral,Mobile
2125,2024-01-29,UK,Organic,Tablet
2126,2024-05-17,India,"Google Ads",Mobile
2127,2024-06-18,UK,Referral,Desktop
2128,2024-01-05,Australia,"Facebook Ads",Tablet
2129,2023-05-01,Australia,"LinkedIn Ads",Mobile
2130,2023-10-23,USA,"LinkedIn Ads",Tablet
2131,2023-04-26,USA,Organic,Tablet
2132,2023-12-18,Canada,Organic,Desktop
2133,2023-02-21,India,"LinkedIn Ads",Tablet
2134,2023-10-18,UK,Organic,Tablet
2135,2024-02-17,USA,Referral,Tablet
2136,2024-03-24,India,"LinkedIn Ads",Desktop
2137,2023-08-28,USA,"Google Ads",Mobile
2138,2023-10-07,Germany,Organic,Mobile
2139,2024-01-20,Canada,Referral,Mobile
2140,2024-03-25,USA,"LinkedIn Ads",Desktop
2141,2024-04-30,UK,Referral,Desktop
2142,2023-10-25,Australia,"Google Ads",Mobile
2143,2023-04-03,Australia,"Google Ads",Desktop
2144,2023-12-18,India,Referral,Tablet
2145,2023-08-02,USA,"Facebook Ads",Desktop
2146,2023-04-28,USA,"Google Ads",Mobile
2147,2023-02-28,UK,"Google Ads",Tablet
2148,2023-04-27,Germany,Organic,Mobile
2149,2024-03-30,Germany,"Google Ads",Desktop
2150,2024-05-24,Germany,Referral,Mobile
2151,2024-04-23,Germany,"Google Ads",Mobile
2152,2023-02-24,Germany,"Google Ads",Desktop
2153,2024-03-13,Australia,"Facebook Ads",Mobile
2154,2023-08-10,UK,Organic,Mobile
2155,2024-06-13,USA,Organic,Desktop
2156,2024-02-03,UK,"Google Ads",Desktop
2157,2023-02-23,India,"LinkedIn Ads",Tablet
2158,2023-08-14,UK,"Google Ads",Mobile
2159,2023-09-10,India,"Facebook Ads",Mobile
2160,2023-04-09,Australia,"Google Ads",Mobile
2161,2024-04-30,Germany,"Google Ads",Mobile
2162,2024-06-15,UK,Referral,Tablet
2163,2023-11-06,Australia,"Facebook Ads",Mobile
2164,2024-05-10,India,"Facebook Ads",Tablet
2165,2023-05-31,Germany,"LinkedIn Ads",Tablet
2166,2023-10-08,Germany,Organic,Mobile
2167,2023-12-29,Germany,Organic,Mobile
2168,2023-11-04,Canada,"Google Ads",Tablet
2169,2024-04-22,Australia,"Facebook Ads",Tablet
2170,2023-07-13,Australia,"Google Ads",Desktop
2171,2023-06-18,India,"Facebook Ads",Desktop
2172,2023-09-19,Australia,"LinkedIn Ads",Mobile
2173,2023-06-07,UK,"LinkedIn Ads",Mobile
2174,2023-05-17,India,"LinkedIn Ads",Tablet
2175,2023-05-06,Germany,"LinkedIn Ads",Mobile
2176,2023-06-15,India,Organic,Desktop
2177,2024-01-05,India,Organic,Mobile
2178,2023-03-09,India,"LinkedIn Ads",Mobile
2179,2023-05-31,Germany,"Facebook Ads",Mobile
2180,2023-04-17,Germany,"Google Ads",Tablet
2181,2024-06-07,India,"LinkedIn Ads",Tablet
2182,2023-02-06,Germany,"LinkedIn Ads",Tablet
2183,2024-03-19,UK,"Facebook Ads",Mobile
2184,2023-09-07,UK,Referral,Desktop
2185,2024-03-23,USA,"LinkedIn Ads",Desktop
2186,2023-09-26,India,"Facebook Ads",Desktop
2187,2023-05-02,Australia,Organic,Desktop
2188,2023-06-10,India,"Google Ads",Desktop
2189,2024-06-12,Germany,"Facebook Ads",Tablet
2190,2023-12-12,Germany,Organic,Mobile
2191,2023-12-18,India,"Facebook Ads",Tablet
2192,2023-05-01,Germany,Referral,Mobile
2193,2023-02-07,Germany,"Facebook Ads",Desktop
2194,2023-07-08,UK,Organic,Mobile
2195,2023-10-11,UK,"LinkedIn Ads",Mobile
2196,2023-05-04,Germany,"LinkedIn Ads",Desktop
2197,2023-06-26,UK,"LinkedIn Ads",Tablet
2198,2023-05-05,India,Referral,Desktop
2199,2023-04-19,Canada,Referral,Tablet
2200,2024-03-05,Germany,"Google Ads",Tablet
2201,2023-07-12,USA,"Google Ads",Desktop
2202,2024-01-28,USA,"LinkedIn Ads",Mobile
2203,2023-09-20,Germany,Referral,Tablet
2204,2023-12-17,Australia,"Google Ads",Desktop
2205,2023-11-09,India,"LinkedIn Ads",Desktop
2206,2023-09-29,India,"Facebook Ads",Desktop
2207,2023-12-30,Canada,Organic,Mobile
2208,2023-12-27,UK,"LinkedIn Ads",Tablet
2209,2023-02-08,India,"Google Ads",Desktop
2210,2024-04-27,UK,"LinkedIn Ads",Tablet
2211,2023-02-15,Germany,Organic,Tablet
2212,2024-04-10,UK,"Google Ads",Desktop
2213,2023-07-02,Germany,Organic,Desktop
2214,2024-03-26,India,Referral,Desktop
2215,2023-09-02,Canada,"LinkedIn Ads",Desktop
2216,2024-05-22,UK,"LinkedIn Ads",Mobile
2217,2023-08-20,Canada,"Google Ads",Tablet
2218,2023-10-21,USA,"Google Ads",Mobile
2219,2024-06-28,India,Organic,Desktop
2220,2024-04-17,Australia,"Google Ads",Desktop
2221,2023-12-13,UK,Referral,Mobile
2222,2023-06-09,Germany,"LinkedIn Ads",Tablet
2223,2024-01-12,UK,Organic,Desktop
2224,2024-02-27,Canada,Referral,Tablet
2225,2023-02-18,USA,"Google Ads",Tablet
2226,2023-02-22,Australia,Referral,Tablet
2227,2023-10-26,USA,Referral,Desktop
2228,2023-10-03,Australia,Referral,Desktop
2229,2023-10-09,USA,"Facebook Ads",Desktop
2230,2024-03-22,USA,"Google Ads",Mobile
2231,2024-01-20,USA,Organic,Desktop
2232,2023-05-24,Germany,Referral,Desktop
2233,2023-10-21,India,"LinkedIn Ads",Mobile
2234,2023-08-05,Canada,Referral,Tablet
2235,2024-01-07,Australia,"LinkedIn Ads",Desktop
2236,2023-05-30,USA,"Google Ads",Tablet
2237,2023-12-07,USA,"LinkedIn Ads",Mobile
2238,2023-07-23,USA,"Facebook Ads",Desktop
2239,2023-03-16,UK,"Google Ads",Mobile
2240,2023-10-13,USA,"Facebook Ads",Mobile
2241,2023-10-11,India,Organic,Mobile
2242,2024-01-07,Australia,Organic,Mobile
2243,2024-03-02,Canada,Organic,Tablet
2244,2024-01-14,Canada,"Facebook Ads",Tablet
2245,2024-06-24,Canada,Referral,Mobile
2246,2023-12-07,Germany,"Google Ads",Desktop
2247,2023-05-18,UK,"Facebook Ads",Mobile
2248,2023-11-06,India,Referral,Tablet
2249,2024-03-30,USA,"LinkedIn Ads",Desktop
2250,2023-11-07,Canada,"Google Ads",Mobile
2251,2023-02-27,USA,"Google Ads",Mobile
2252,2023-12-24,Australia,"Facebook Ads",Desktop
2253,2023-12-12,Australia,"Google Ads",Desktop
2254,2024-04-13,India,"LinkedIn Ads",Desktop
2255,2024-01-07,Canada,"Facebook Ads",Desktop
2256,2024-05-20,Canada,Referral,Mobile
2257,2023-09-26,Canada,"Google Ads",Mobile
2258,2024-03-02,Germany,"Facebook Ads",Desktop
2259,2023-09-10,UK,Referral,Tablet
2260,2023-03-21,USA,"LinkedIn Ads",Desktop
2261,2023-02-28,Germany,"Facebook Ads",Tablet
2262,2023-02-27,USA,"LinkedIn Ads",Mobile
2263,2024-03-22,Canada,"LinkedIn Ads",Mobile
2264,2023-10-17,India,Organic,Mobile
2265,2024-02-27,UK,"Facebook Ads",Desktop
2266,2023-06-19,Germany,"LinkedIn Ads",Desktop
2267,2023-06-13,Canada,"Google Ads",Mobile
2268,2023-06-13,India,Referral,Tablet
2269,2024-03-28,India,Referral,Mobile
2270,2024-01-01,Canada,"LinkedIn Ads",Tablet
2271,2023-08-06,UK,Organic,Desktop
2272,2024-05-29,Australia,Organic,Mobile
2273,2023-01-29,India,Referral,Desktop
2274,2023-03-28,UK,Referral,Mobile
2275,2023-10-12,India,"Google Ads",Tablet
2276,2024-01-22,USA,"Google Ads",Desktop
2277,2023-12-03,UK,"LinkedIn Ads",Desktop
2278,2024-01-05,UK,"Google Ads",Desktop
2279,2023-12-25,UK,Referral,Tablet
2280,2023-08-31,USA,Referral,Desktop
2281,2023-10-03,Australia,"Google Ads",Desktop
2282,2024-04-05,UK,"Facebook Ads",Mobile
2283,2023-04-28,Australia,Organic,Mobile
2284,2023-12-09,India,"Google Ads",Desktop
2285,2024-04-30,Australia,Referral,Mobile
2286,2023-12-02,Australia,Referral,Mobile
2287,2023-05-01,UK,"LinkedIn Ads",Tablet
2288,2024-06-08,India,"LinkedIn Ads",Desktop
2289,2024-02-28,UK,"Google Ads",Desktop
2290,2023-06-07,UK,Referral,Mobile
2291,2023-12-26,UK,"LinkedIn Ads",Tablet
2292,2023-06-25,Canada,"LinkedIn Ads",Desktop
2293,2023-04-15,Australia,"LinkedIn Ads",Tablet
2294,2023-10-13,India,"LinkedIn Ads",Mobile
2295,2023-11-15,USA,"Facebook Ads",Desktop
2296,2023-05-15,Germany,"Google Ads",Mobile
2297,2024-01-04,USA,"Facebook Ads",Desktop
2298,2024-01-20,Germany,"Facebook Ads",Mobile
2299,2023-05-09,UK,Referral,Mobile
2300,2024-02-20,USA,"LinkedIn Ads",Desktop
2301,2023-04-01,UK,Referral,Mobile
2302,2023-02-05,Canada,"Facebook Ads",Tablet
2303,2023-08-09,Australia,"Facebook Ads",Desktop
2304,2023-03-12,UK,Referral,Desktop
2305,2024-01-15,India,Referral,Tablet
2306,2023-12-28,Germany,"LinkedIn Ads",Tablet
2307,2024-04-30,Germany,Organic,Desktop
2308,2023-01-28,Canada,Referral,Tablet
2309,2023-01-08,Canada,"LinkedIn Ads",Desktop
2310,2024-03-26,India,"Facebook Ads",Tablet
2311,2023-05-21,Australia,"Google Ads",Desktop
2312,2023-11-30,USA,"Google Ads",Mobile
2313,2023-04-05,Australia,"Google Ads",Tablet
2314,2023-05-08,UK,Referral,Desktop
2315,2023-12-22,Australia,"LinkedIn Ads",Desktop
2316,2023-02-12,USA,Organic,Tablet
2317,2023-03-13,India,"Facebook Ads",Desktop
2318,2024-02-11,Germany,"LinkedIn Ads",Desktop
2319,2024-05-28,Canada,"Facebook Ads",Desktop
2320,2023-11-28,Canada,"Facebook Ads",Tablet
2321,2023-11-29,India,"Google Ads",Desktop
2322,2024-05-11,India,"LinkedIn Ads",Tablet
2323,2024-05-12,India,"LinkedIn Ads",Tablet
2324,2023-06-21,UK,"LinkedIn Ads",Mobile
2325,2023-03-28,India,Referral,Desktop
2326,2023-08-22,Australia,Organic,Desktop
2327,2024-05-08,UK,"Facebook Ads",Desktop
2328,2023-02-21,UK,Referral,Mobile
2329,2023-09-27,India,Organic,Mobile
2330,2023-10-25,UK,"Google Ads",Desktop
2331,2023-12-11,USA,"Google Ads",Mobile
2332,2024-01-25,Germany,"Google Ads",Mobile
2333,2024-03-07,UK,"Facebook Ads",Desktop
2334,2023-05-26,Australia,"LinkedIn Ads",Mobile
2335,2024-01-17,India,Organic,Desktop
2336,2023-12-02,Germany,"Facebook Ads",Desktop
2337,2023-02-11,Australia,Referral,Mobile
2338,2023-08-05,Germany,"Facebook Ads",Mobile
2339,2023-11-10,USA,Organic,Tablet
2340,2023-04-11,India,Referral,Mobile
2341,2023-09-11,USA,"LinkedIn Ads",Desktop
2342,2023-10-26,UK,"LinkedIn Ads",Tablet
2343,2023-04-24,USA,"LinkedIn Ads",Desktop
2344,2024-03-24,Germany,Referral,Desktop
2345,2023-02-09,Canada,Organic,Mobile
2346,2023-11-17,Australia,Organic,Mobile
2347,2023-04-18,Germany,Organic,Desktop
2348,2024-03-09,Australia,Organic,Tablet
2349,2023-05-01,UK,Referral,Mobile
2350,2023-02-25,Germany,"Google Ads",Desktop
2351,2024-06-23,Germany,"Facebook Ads",Tablet
2352,2024-05-10,India,"Google Ads",Mobile
2353,2024-05-29,Canada,Referral,Tablet
2354,2024-06-29,Canada,Organic,Tablet
2355,2024-04-11,Canada,"Google Ads",Desktop
2356,2024-03-22,USA,"LinkedIn Ads",Mobile
2357,2024-05-30,India,"Google Ads",Mobile
2358,2023-05-08,UK,"Facebook Ads",Mobile
2359,2024-01-27,India,Referral,Mobile
2360,2023-01-21,USA,"Facebook Ads",Tablet
2361,2023-05-05,Australia,"Google Ads",Mobile
2362,2023-04-17,Canada,Organic,Desktop
2363,2023-07-13,Canada,Organic,Tablet
2364,2023-02-26,UK,Organic,Mobile
2365,2023-07-01,Canada,"Facebook Ads",Tablet
2366,2024-04-23,India,"Google Ads",Tablet
2367,2024-01-02,India,Referral,Desktop
2368,2024-04-15,Canada,"Facebook Ads",Mobile
2369,2023-03-12,USA,Referral,Desktop
2370,2024-01-11,Canada,"Facebook Ads",Tablet
2371,2024-01-05,USA,"LinkedIn Ads",Mobile
2372,2023-03-21,India,"Facebook Ads",Tablet
2373,2023-12-14,Australia,"Facebook Ads",Desktop
2374,2023-02-11,UK,Referral,Desktop
2375,2023-12-17,Germany,"LinkedIn Ads",Tablet
2376,2024-05-24,Germany,"LinkedIn Ads",Mobile
2377,2024-05-24,Germany,Organic,Mobile
2378,2023-12-09,India,"LinkedIn Ads",Desktop
2379,2023-03-17,India,Referral,Mobile
2380,2024-04-11,Germany,"Facebook Ads",Desktop
2381,2024-03-13,UK,"Google Ads",Desktop
2382,2023-03-16,India,Organic,Tablet
2383,2023-01-16,India,Referral,Tablet
2384,2023-05-14,Germany,Referral,Desktop
2385,2023-06-07,Germany,"Facebook Ads",Mobile
2386,2023-12-28,India,"Facebook Ads",Mobile
2387,2024-04-24,Australia,"Google Ads",Tablet
2388,2023-11-20,India,Referral,Tablet
2389,2024-06-17,USA,"Facebook Ads",Desktop
2390,2023-12-17,India,"Google Ads",Tablet
2391,2023-09-10,UK,Organic,Tablet
2392,2023-08-23,USA,"Google Ads",Mobile
2393,2024-03-10,Germany,Organic,Mobile
2394,2023-10-22,India,"LinkedIn Ads",Mobile
2395,2023-02-07,UK,"LinkedIn Ads",Desktop
2396,2024-02-29,India,"LinkedIn Ads",Mobile
2397,2023-02-26,Germany,Referral,Mobile
2398,2023-11-15,India,"Facebook Ads",Desktop
2399,2023-07-23,Canada,"LinkedIn Ads",Tablet
2400,2023-09-26,India,"LinkedIn Ads",Tablet
2401,2023-04-03,UK,Organic,Tablet
2402,2023-02-13,UK,"Facebook Ads",Mobile
2403,2023-01-21,UK,"Google Ads",Desktop
2404,2023-09-21,Australia,"Google Ads",Tablet
2405,2023-12-02,India,"LinkedIn Ads",Mobile
2406,2023-08-15,Australia,"Facebook Ads",Tablet
2407,2023-07-31,Germany,Referral,Tablet
2408,2023-03-19,India,Organic,Mobile
2409,2024-05-26,UK,Referral,Desktop
2410,2024-05-17,Australia,Referral,Desktop
2411,2023-04-06,India,"Facebook Ads",Tablet
2412,2023-08-27,Canada,"Google Ads",Desktop
2413,2023-11-03,Canada,Referral,Tablet
2414,2023-10-20,UK,"LinkedIn Ads",Desktop
2415,2023-07-13,India,"Facebook Ads",Tablet
2416,2023-12-28,India,Referral,Desktop
2417,2023-07-13,Canada,Referral,Desktop
2418,2023-09-02,Australia,"Google Ads",Desktop
2419,2023-04-28,India,Organic,Tablet
2420,2024-01-20,USA,"Google Ads",Tablet
2421,2024-03-29,India,"Facebook Ads",Desktop
2422,2023-11-09,Germany,"Facebook Ads",Tablet
2423,2023-08-16,USA,"Google Ads",Tablet
2424,2024-01-21,Australia,"Facebook Ads",Desktop
2425,2023-06-21,UK,Organic,Tablet
2426,2023-02-03,Australia,"LinkedIn Ads",Tablet
2427,2024-01-06,USA,"Facebook Ads",Tablet
2428,2024-01-15,India,"LinkedIn Ads",Tablet
2429,2023-09-29,USA,Referral,Mobile
2430,2023-04-21,USA,"LinkedIn Ads",Mobile
2431,2024-02-15,India,"Facebook Ads",Mobile
2432,2024-02-07,Canada,"LinkedIn Ads",Desktop
2433,2024-04-23,Canada,Organic,Desktop
2434,2024-06-21,Australia,Referral,Desktop
2435,2024-06-12,UK,Organic,Mobile
2436,2023-07-21,Germany,Referral,Desktop
2437,2024-06-22,UK,Referral,Desktop
2438,2024-05-10,Canada,Referral,Mobile
2439,2023-01-27,India,"Facebook Ads",Desktop
2440,2023-11-15,USA,"Google Ads",Desktop
2441,2023-07-26,Canada,"Google Ads",Desktop
2442,2024-01-29,Canada,Referral,Mobile
2443,2024-06-23,Germany,"LinkedIn Ads",Desktop
2444,2023-05-19,UK,Organic,Tablet
2445,2023-02-14,Germany,"Facebook Ads",Desktop
2446,2023-07-25,Germany,"Google Ads",Mobile
2447,2024-05-15,Canada,"LinkedIn Ads",Tablet
2448,2023-04-25,Germany,Referral,Tablet
2449,2024-03-25,India,"Facebook Ads",Desktop
2450,2024-06-17,Australia,"Facebook Ads",Tablet
2451,2023-07-24,Canada,"LinkedIn Ads",Tablet
2452,2024-04-14,USA,"Facebook Ads",Tablet
2453,2023-07-28,India,"Google Ads",Mobile
2454,2024-03-09,Australia,Organic,Mobile
2455,2023-05-04,UK,Referral,Mobile
2456,2023-12-22,Germany,"Facebook Ads",Tablet
2457,2023-10-15,USA,Organic,Tablet
2458,2023-10-17,Australia,Referral,Desktop
2459,2023-11-11,Germany,"LinkedIn Ads",Mobile
2460,2024-02-12,Germany,Organic,Desktop
2461,2023-11-02,Australia,Organic,Mobile
2462,2023-01-18,Germany,"Facebook Ads",Desktop
2463,2023-08-02,USA,"Facebook Ads",Desktop
2464,2023-04-19,Australia,"Google Ads",Tablet
2465,2023-11-04,India,Referral,Desktop
2466,2024-04-30,USA,"LinkedIn Ads",Mobile
2467,2023-07-30,UK,"Google Ads",Desktop
2468,2023-12-17,Germany,"LinkedIn Ads",Tablet
2469,2024-04-22,Canada,"Facebook Ads",Desktop
2470,2024-03-22,India,"LinkedIn Ads",Desktop
2471,2023-01-22,Germany,"LinkedIn Ads",Desktop
2472,2024-02-14,UK,"LinkedIn Ads",Tablet
2473,2023-11-01,Germany,"Facebook Ads",Tablet
2474,2023-08-04,UK,"LinkedIn Ads",Tablet
2475,2023-10-15,UK,Referral,Tablet
2476,2023-10-20,UK,Referral,Mobile
2477,2024-03-01,Australia,Organic,Mobile
2478,2024-06-12,India,Organic,Mobile
2479,2024-01-12,Australia,Referral,Desktop
2480,2023-03-06,USA,"Facebook Ads",Mobile
2481,2023-06-22,UK,Organic,Tablet
2482,2023-10-19,India,Referral,Desktop
2483,2023-05-23,USA,"Facebook Ads",Desktop
2484,2023-07-01,Australia,"Facebook Ads",Tablet
2485,2024-03-21,UK,Referral,Mobile
2486,2024-02-01,UK,"LinkedIn Ads",Tablet
2487,2023-03-17,India,"Facebook Ads",Desktop
2488,2024-06-03,India,Organic,Desktop
2489,2023-10-04,Australia,"LinkedIn Ads",Tablet
2490,2023-01-28,UK,"LinkedIn Ads",Mobile
2491,2023-06-27,Germany,Referral,Desktop
2492,2023-03-24,Australia,Referral,Tablet
2493,2023-06-08,Australia,Organic,Tablet
2494,2023-04-27,India,Referral,Desktop
2495,2024-05-01,UK,"LinkedIn Ads",Mobile
2496,2024-06-08,Germany,Organic,Tablet
2497,2023-07-17,Canada,"Facebook Ads",Desktop
2498,2023-06-30,India,Organic,Tablet
2499,2023-10-01,USA,"LinkedIn Ads",Desktop
2500,2023-07-21,UK,Referral,Tablet
2501,2024-03-20,UK,Referral,Tablet
2502,2024-06-11,Germany,"Facebook Ads",Mobile
2503,2023-08-21,Australia,Organic,Mobile
2504,2023-03-05,India,"Facebook Ads",Desktop
2505,2024-03-20,USA,Referral,Tablet
2506,2023-12-17,UK,Referral,Mobile
2507,2023-08-31,Australia,"LinkedIn Ads",Tablet
2508,2023-06-23,UK,Organic,Desktop
2509,2023-01-25,Canada,"Facebook Ads",Desktop
2510,2023-03-14,Canada,"Google Ads",Tablet
2511,2024-06-07,Germany,"LinkedIn Ads",Desktop
2512,2024-03-10,Australia,"LinkedIn Ads",Mobile
2513,2024-02-02,Canada,Referral,Tablet
2514,2023-12-24,USA,"Facebook Ads",Desktop
2515,2023-05-13,USA,"LinkedIn Ads",Tablet
2516,2023-05-20,Canada,Organic,Tablet
2517,2023-07-13,UK,"Google Ads",Desktop
2518,2023-10-23,Canada,Referral,Tablet
2519,2023-01-14,USA,Organic,Desktop
2520,2023-03-05,USA,"Facebook Ads",Tablet
2521,2023-02-05,India,"Google Ads",Mobile
2522,2023-06-10,Canada,"LinkedIn Ads",Tablet
2523,2023-07-23,Australia,"LinkedIn Ads",Tablet
2524,2024-04-30,Australia,"Facebook Ads",Desktop
2525,2023-05-23,Canada,"Facebook Ads",Tablet
2526,2023-02-11,Canada,"Facebook Ads",Tablet
2527,2023-09-01,USA,"Facebook Ads",Tablet
2528,2023-06-19,Canada,"Facebook Ads",Mobile
2529,2023-05-12,Germany,"LinkedIn Ads",Tablet
2530,2023-02-20,India,Referral,Desktop
2531,2023-08-21,Germany,"Facebook Ads",Mobile
2532,2023-01-19,USA,Organic,Tablet
2533,2023-10-28,Canada,Organic,Mobile
2534,2024-01-07,USA,Organic,Mobile
2535,2024-01-29,Germany,"LinkedIn Ads",Tablet
2536,2024-05-26,UK,"LinkedIn Ads",Tablet
2537,2024-03-29,USA,"LinkedIn Ads",Mobile
2538,2023-06-01,USA,"LinkedIn Ads",Desktop
2539,2023-09-09,Canada,"Facebook Ads",Tablet
2540,2023-03-16,India,"Facebook Ads",Desktop
2541,2024-03-17,Canada,"LinkedIn Ads",Mobile
2542,2023-09-02,Germany,"Facebook Ads",Tablet
2543,2023-09-11,UK,"Google Ads",Mobile
2544,2023-10-11,India,Referral,Tablet
2545,2024-06-17,India,Referral,Mobile
2546,2023-09-02,UK,"Facebook Ads",Mobile
2547,2024-06-22,Germany,"Facebook Ads",Tablet
2548,2023-02-12,USA,Referral,Tablet
2549,2024-05-20,USA,Referral,Tablet
2550,2023-04-08,UK,"LinkedIn Ads",Desktop
2551,2024-02-17,UK,Organic,Tablet
2552,2023-10-03,UK,Referral,Mobile
2553,2023-07-25,Australia,"Facebook Ads",Mobile
2554,2024-04-23,USA,"LinkedIn Ads",Desktop
2555,2024-06-20,USA,Organic,Mobile
2556,2023-07-02,Australia,Referral,Desktop
2557,2023-12-10,UK,Referral,Tablet
2558,2023-10-26,Germany,"LinkedIn Ads",Mobile
2559,2023-02-18,Canada,"LinkedIn Ads",Mobile
2560,2023-07-21,UK,"Facebook Ads",Desktop
2561,2023-10-20,Germany,"Google Ads",Tablet
2562,2024-03-08,India,Organic,Tablet
2563,2023-12-20,Australia,"Facebook Ads",Tablet
2564,2024-03-20,UK,"Facebook Ads",Desktop
2565,2023-01-16,UK,Organic,Tablet
2566,2024-03-25,India,Organic,Desktop
2567,2023-11-23,Germany,"Google Ads",Mobile
2568,2023-01-29,Canada,"Google Ads",Tablet
2569,2023-04-12,USA,"Facebook Ads",Desktop
2570,2023-09-29,India,"LinkedIn Ads",Mobile
2571,2023-06-25,Germany,Organic,Mobile
2572,2023-04-17,India,"LinkedIn Ads",Mobile
2573,2023-11-09,Australia,"Facebook Ads",Tablet
2574,2024-02-04,UK,"Facebook Ads",Tablet
2575,2024-04-01,UK,Organic,Tablet
2576,2023-08-22,USA,"Facebook Ads",Desktop
2577,2023-12-15,UK,Referral,Desktop
2578,2023-10-03,Canada,"Google Ads",Desktop
2579,2023-03-27,UK,Referral,Desktop
2580,2024-02-13,Canada,"Google Ads",Tablet
2581,2023-05-18,India,"LinkedIn Ads",Desktop
2582,2023-03-27,UK,"Facebook Ads",Mobile
2583,2023-05-04,India,"Facebook Ads",Desktop
2584,2023-09-29,Canada,"Google Ads",Desktop
2585,2023-05-11,Canada,"LinkedIn Ads",Desktop
2586,2023-06-04,Australia,Referral,Desktop
2587,2023-12-16,Australia,Referral,Desktop
2588,2024-04-20,USA,Organic,Mobile
2589,2023-03-16,Australia,Organic,Desktop
2590,2023-01-16,USA,Referral,Mobile
2591,2024-01-29,UK,"LinkedIn Ads",Tablet
2592,2023-09-21,India,Organic,Desktop
2593,2024-01-09,Germany,Referral,Mobile
2594,2024-02-29,USA,Referral,Tablet
2595,2023-04-21,Australia,"Google Ads",Desktop
2596,2023-11-09,UK,"Facebook Ads",Tablet
2597,2024-01-03,Canada,Organic,Tablet
2598,2024-01-19,India,"Facebook Ads",Desktop
2599,2023-07-23,USA,Referral,Desktop
2600,2024-06-16,UK,Organic,Tablet
2601,2023-11-16,India,"Facebook Ads",Tablet
2602,2023-09-28,India,"LinkedIn Ads",Tablet
2603,2023-12-21,Canada,"LinkedIn Ads",Desktop
2604,2024-06-10,India,Organic,Mobile
2605,2023-05-05,Australia,"LinkedIn Ads",Tablet
2606,2023-07-29,UK,"Google Ads",Desktop
2607,2024-02-09,Australia,"LinkedIn Ads",Tablet
2608,2023-11-26,Germany,Referral,Mobile
2609,2023-04-04,Canada,"Google Ads",Tablet
2610,2023-02-19,Canada,Referral,Mobile
2611,2024-06-28,USA,Organic,Mobile
2612,2023-06-02,USA,Referral,Mobile
2613,2023-01-09,UK,"Facebook Ads",Tablet
2614,2023-10-07,Australia,"Facebook Ads",Desktop
2615,2023-11-11,Australia,"Facebook Ads",Tablet
2616,2024-05-21,Germany,"LinkedIn Ads",Desktop
2617,2024-02-18,Australia,Organic,Tablet
2618,2023-03-17,Canada,Organic,Mobile
2619,2023-07-03,Canada,"LinkedIn Ads",Tablet
2620,2024-04-07,Canada,"Google Ads",Tablet
2621,2023-02-19,Germany,"LinkedIn Ads",Desktop
2622,2023-11-20,Canada,"Google Ads",Desktop
2623,2024-01-04,Germany,"Google Ads",Desktop
2624,2024-06-04,USA,Referral,Mobile
2625,2023-09-27,Germany,"Google Ads",Mobile
2626,2023-12-12,Germany,Organic,Mobile
2627,2024-03-06,Germany,"Google Ads",Desktop
2628,2023-12-30,Germany,"Facebook Ads",Mobile
2629,2024-03-26,Australia,Organic,Tablet
2630,2023-07-25,UK,"Google Ads",Tablet
2631,2023-12-06,India,Organic,Mobile
2632,2023-10-20,Australia,Organic,Tablet
2633,2023-04-24,India,Organic,Mobile
2634,2024-02-04,Canada,"LinkedIn Ads",Mobile
2635,2024-04-04,Canada,Organic,Desktop
2636,2023-12-24,UK,"Facebook Ads",Tablet
2637,2023-02-07,USA,"Google Ads",Mobile
2638,2023-01-18,USA,Referral,Mobile
2639,2023-05-19,India,Referral,Tablet
2640,2023-06-12,Germany,"LinkedIn Ads",Tablet
2641,2023-03-18,USA,Referral,Desktop
2642,2024-02-01,Canada,"Facebook Ads",Tablet
2643,2023-10-09,India,Organic,Desktop
2644,2023-03-08,Germany,"Google Ads",Desktop
2645,2023-05-15,India,"Facebook Ads",Desktop
2646,2024-02-05,India,Organic,Desktop
2647,2024-01-21,India,Referral,Mobile
2648,2024-04-02,USA,Referral,Mobile
2649,2024-01-26,Canada,Organic,Tablet
2650,2023-12-11,Germany,Referral,Tablet
2651,2023-11-30,Germany,"LinkedIn Ads",Mobile
2652,2023-04-26,Canada,Organic,Tablet
2653,2024-03-30,Australia,"Google Ads",Tablet
2654,2024-04-20,Germany,"Facebook Ads",Tablet
2655,2023-07-31,Canada,Referral,Tablet
2656,2024-03-23,Germany,"Google Ads",Desktop
2657,2023-09-02,Canada,Referral,Desktop
2658,2023-08-14,Canada,"LinkedIn Ads",Tablet
2659,2023-11-01,UK,Organic,Tablet
2660,2023-11-14,Canada,"Google Ads",Mobile
2661,2023-08-04,India,"LinkedIn Ads",Mobile
2662,2023-08-28,UK,"Google Ads",Mobile
2663,2023-06-11,UK,"LinkedIn Ads",Desktop
2664,2024-04-14,UK,Referral,Desktop
2665,2024-05-12,Australia,"LinkedIn Ads",Desktop
2666,2023-02-15,Germany,"LinkedIn Ads",Mobile
2667,2023-01-12,USA,"Facebook Ads",Tablet
2668,2023-11-29,India,"LinkedIn Ads",Desktop
2669,2023-04-24,Germany,"Facebook Ads",Mobile
2670,2024-04-10,Canada,"Facebook Ads",Tablet
2671,2023-09-27,Australia,"LinkedIn Ads",Mobile
2672,2023-12-17,USA,Organic,Mobile
2673,2023-01-20,Canada,Referral,Desktop
2674,2023-05-10,Canada,"Google Ads",Desktop
2675,2024-04-24,Australia,Organic,Mobile
2676,2023-06-21,India,"LinkedIn Ads",Desktop
2677,2023-06-19,Australia,"Google Ads",Mobile
2678,2024-06-08,India,"Google Ads",Tablet
2679,2023-06-26,UK,Organic,Mobile
2680,2024-05-04,Australia,Referral,Desktop
2681,2023-02-25,India,Referral,Desktop
2682,2024-01-23,Canada,"Facebook Ads",Desktop
2683,2023-07-19,Australia,"LinkedIn Ads",Desktop
2684,2024-06-09,Canada,"Google Ads",Tablet
2685,2023-01-12,UK,Organic,Desktop
2686,2024-01-02,USA,Referral,Mobile
2687,2023-03-19,Australia,Referral,Mobile
2688,2024-05-10,UK,Organic,Desktop
2689,2024-04-14,Germany,Organic,Mobile
2690,2024-05-13,Canada,"LinkedIn Ads",Tablet
2691,2024-04-29,India,"LinkedIn Ads",Desktop
2692,2023-05-07,Germany,"Facebook Ads",Mobile
2693,2023-05-15,Canada,"Google Ads",Mobile
2694,2023-05-14,Australia,Organic,Mobile
2695,2024-05-17,USA,Referral,Tablet
2696,2024-05-30,USA,"LinkedIn Ads",Tablet
2697,2023-06-09,India,Organic,Mobile
2698,2023-04-15,UK,"LinkedIn Ads",Tablet
2699,2023-02-02,Canada,"LinkedIn Ads",Desktop
2700,2024-02-17,Canada,"LinkedIn Ads",Desktop
2701,2024-04-29,Australia,"Google Ads",Tablet
2702,2023-11-16,UK,"Google Ads",Desktop
2703,2023-06-28,India,"LinkedIn Ads",Tablet
2704,2024-03-17,Canada,"Facebook Ads",Tablet
2705,2023-10-11,Canada,Organic,Mobile
2706,2023-03-13,India,"LinkedIn Ads",Mobile
2707,2024-03-27,India,"LinkedIn Ads",Mobile
2708,2023-12-23,Australia,"Google Ads",Mobile
2709,2023-03-17,UK,"Facebook Ads",Desktop
2710,2024-05-22,India,"Facebook Ads",Mobile
2711,2023-01-13,India,"Facebook Ads",Mobile
2712,2023-11-12,UK,Organic,Mobile
2713,2024-01-15,Germany,"Google Ads",Mobile
2714,2024-06-03,Australia,"Facebook Ads",Mobile
2715,2023-09-12,Canada,"LinkedIn Ads",Mobile
2716,2023-12-29,Canada,Referral,Desktop
2717,2024-06-12,India,Organic,Mobile
2718,2023-08-19,UK,Organic,Tablet
2719,2023-03-14,Germany,"Facebook Ads",Tablet
2720,2023-05-07,Australia,"Facebook Ads",Tablet
2721,2023-08-03,Germany,"LinkedIn Ads",Desktop
2722,2023-04-11,UK,"Google Ads",Desktop
2723,2024-03-24,Germany,Referral,Desktop
2724,2023-09-26,UK,"Google Ads",Desktop
2725,2023-12-16,Germany,"LinkedIn Ads",Desktop
2726,2023-11-26,UK,Referral,Tablet
2727,2023-04-10,USA,Organic,Desktop
2728,2023-04-19,Germany,"LinkedIn Ads",Mobile
2729,2024-03-12,India,"Facebook Ads",Desktop
2730,2023-03-25,India,Organic,Desktop
2731,2023-07-30,UK,Referral,Desktop
2732,2023-09-03,Canada,"Google Ads",Tablet
2733,2024-06-10,USA,Organic,Mobile
2734,2023-11-21,UK,Referral,Tablet
2735,2023-12-17,Canada,"Google Ads",Mobile
2736,2024-01-24,Canada,Referral,Mobile
2737,2024-05-08,India,"Google Ads",Mobile
2738,2023-04-06,Canada,"Facebook Ads",Mobile
2739,2023-10-11,Australia,"Facebook Ads",Desktop
2740,2023-10-31,UK,"LinkedIn Ads",Desktop
2741,2023-03-16,India,Organic,Desktop
2742,2024-06-29,India,Referral,Tablet
2743,2024-02-19,UK,"Google Ads",Desktop
2744,2023-08-21,UK,"LinkedIn Ads",Desktop
2745,2023-07-08,UK,"Google Ads",Tablet
2746,2023-10-22,Canada,Organic,Desktop
2747,2024-05-29,India,"Facebook Ads",Mobile
2748,2023-10-19,India,Organic,Mobile
2749,2024-03-21,USA,"Google Ads",Mobile
2750,2024-01-02,Canada,Referral,Mobile
2751,2024-04-18,UK,"LinkedIn Ads",Desktop
2752,2024-01-08,India,"LinkedIn Ads",Tablet
2753,2024-05-18,Canada,"Facebook Ads",Mobile
2754,2023-10-14,India,"Google Ads",Mobile
2755,2024-06-20,Germany,"LinkedIn Ads",Mobile
2756,2023-01-12,UK,Organic,Desktop
2757,2023-10-21,USA,"LinkedIn Ads",Desktop
2758,2023-09-06,Australia,"Google Ads",Tablet
2759,2023-12-07,India,Referral,Tablet
2760,2024-04-26,Canada,"Google Ads",Mobile
2761,2024-01-06,India,Organic,Desktop
2762,2023-06-03,USA,Referral,Tablet
2763,2024-02-02,UK,"LinkedIn Ads",Desktop
2764,2023-03-28,Canada,"Google Ads",Mobile
2765,2023-02-28,Germany,Organic,Tablet
2766,2024-06-16,India,Organic,Tablet
2767,2023-02-09,USA,"Facebook Ads",Tablet
2768,2023-06-09,Germany,Referral,Tablet
2769,2024-06-07,UK,"Google Ads",Tablet
2770,2024-02-11,Australia,Organic,Tablet
2771,2023-07-08,India,Referral,Mobile
2772,2023-07-26,Australia,"Facebook Ads",Mobile
2773,2024-02-09,Canada,Organic,Desktop
2774,2023-03-10,Australia,"Facebook Ads",Mobile
2775,2024-01-04,USA,"Google Ads",Desktop
2776,2024-03-11,India,Organic,Mobile
2777,2024-05-04,Germany,"Facebook Ads",Tablet
2778,2023-10-06,India,Referral,Tablet
2779,2023-11-18,Australia,"Facebook Ads",Tablet
2780,2023-01-31,UK,"Google Ads",Mobile
2781,2023-04-30,USA,"Google Ads",Desktop
2782,2024-03-12,Canada,Organic,Mobile
2783,2024-02-27,USA,Referral,Desktop
2784,2023-03-08,UK,Referral,Mobile
2785,2023-04-26,UK,Referral,Desktop
2786,2023-06-03,India,"Facebook Ads",Desktop
2787,2023-01-12,Germany,Organic,Tablet
2788,2024-05-18,Australia,"Google Ads",Tablet
2789,2023-09-06,USA,"Facebook Ads",Mobile
2790,2023-06-07,India,"Google Ads",Tablet
2791,2023-02-20,Australia,"Facebook Ads",Desktop
2792,2024-02-17,Canada,Organic,Mobile
2793,2023-11-06,Germany,"LinkedIn Ads",Tablet
2794,2023-03-17,UK,"Facebook Ads",Mobile
2795,2023-09-03,UK,Referral,Tablet
2796,2023-06-13,USA,Organic,Tablet
2797,2023-11-10,USA,"LinkedIn Ads",Desktop
2798,2024-06-28,Canada,Referral,Mobile
2799,2023-07-25,Australia,"LinkedIn Ads",Tablet
2800,2024-05-10,USA,"Google Ads",Tablet
2801,2024-02-24,Australia,"LinkedIn Ads",Desktop
2802,2023-08-14,India,"Google Ads",Desktop
2803,2023-07-08,Canada,"Facebook Ads",Desktop
2804,2023-07-06,USA,"Facebook Ads",Tablet
2805,2023-02-06,Australia,"LinkedIn Ads",Tablet
2806,2023-02-12,UK,"Google Ads",Tablet
2807,2023-11-25,India,"Facebook Ads",Mobile
2808,2023-10-24,Germany,"Google Ads",Desktop
2809,2023-05-22,UK,Organic,Tablet
2810,2024-06-15,Australia,"Facebook Ads",Mobile
2811,2024-06-28,India,Organic,Desktop
2812,2024-06-27,Germany,Organic,Desktop
2813,2023-02-20,Australia,"Google Ads",Mobile
2814,2024-04-21,Canada,"Facebook Ads",Desktop
2815,2024-05-22,UK,"LinkedIn Ads",Desktop
2816,2024-03-11,India,Organic,Mobile
2817,2024-05-10,Germany,"Facebook Ads",Tablet
2818,2024-03-25,India,Organic,Mobile
2819,2024-02-27,India,Referral,Mobile
2820,2023-04-04,Canada,"Facebook Ads",Tablet
2821,2023-08-29,UK,Referral,Desktop
2822,2023-05-01,UK,Referral,Mobile
2823,2024-04-23,Australia,"Google Ads",Desktop
2824,2024-06-04,Australia,"Google Ads",Desktop
2825,2023-11-07,Canada,Referral,Tablet
2826,2023-01-20,India,"LinkedIn Ads",Tablet
2827,2024-01-24,India,Organic,Tablet
2828,2023-07-15,UK,"Google Ads",Desktop
2829,2023-07-22,Australia,"Facebook Ads",Desktop
2830,2023-06-14,UK,Referral,Mobile
2831,2023-11-01,Australia,Organic,Tablet
2832,2023-11-05,USA,Referral,Desktop
2833,2023-11-11,Canada,Referral,Desktop
2834,2024-02-03,UK,Organic,Mobile
2835,2023-03-18,Australia,Referral,Mobile
2836,2023-08-17,Canada,Referral,Mobile
2837,2024-02-10,Australia,"LinkedIn Ads",Desktop
2838,2023-04-23,India,"Google Ads",Tablet
2839,2023-09-18,USA,"Facebook Ads",Desktop
2840,2023-11-18,India,Organic,Mobile
2841,2024-02-02,Australia,"Facebook Ads",Tablet
2842,2024-02-12,UK,"LinkedIn Ads",Tablet
2843,2023-04-16,Australia,Referral,Mobile
2844,2023-11-21,India,"LinkedIn Ads",Tablet
2845,2023-02-08,India,"Google Ads",Mobile
2846,2024-02-26,Australia,Referral,Desktop
2847,2024-05-21,Canada,"Google Ads",Desktop
2848,2023-03-06,USA,"LinkedIn Ads",Desktop
2849,2023-11-03,Germany,Referral,Mobile
2850,2023-09-18,Canada,"LinkedIn Ads",Mobile
2851,2023-11-19,USA,Organic,Desktop
2852,2024-05-29,UK,"Google Ads",Desktop
2853,2024-01-29,Germany,Referral,Mobile
2854,2024-02-23,Australia,Organic,Tablet
2855,2023-12-31,Germany,"Facebook Ads",Desktop
2856,2024-05-25,Germany,"Google Ads",Mobile
2857,2023-09-11,India,"LinkedIn Ads",Desktop
2858,2024-05-12,Australia,Referral,Desktop
2859,2023-01-13,Canada,"LinkedIn Ads",Mobile
2860,2024-06-20,India,"Google Ads",Desktop
2861,2023-10-23,Germany,Referral,Desktop
2862,2024-02-28,UK,Organic,Desktop
2863,2023-06-29,Australia,"LinkedIn Ads",Desktop
2864,2023-07-23,Australia,"Google Ads",Mobile
2865,2024-06-27,Australia,Organic,Desktop
2866,2024-01-14,USA,"LinkedIn Ads",Desktop
2867,2023-05-14,Canada,"Google Ads",Desktop
2868,2023-01-10,Australia,"Google Ads",Tablet
2869,2023-05-24,USA,"Facebook Ads",Mobile
2870,2023-05-27,Germany,"LinkedIn Ads",Desktop
2871,2024-06-26,Canada,"LinkedIn Ads",Mobile
2872,2023-05-13,Canada,"Facebook Ads",Mobile
2873,2023-07-31,USA,Organic,Mobile
2874,2024-04-07,Germany,Referral,Mobile
2875,2023-12-08,UK,"LinkedIn Ads",Desktop
2876,2023-11-08,India,Referral,Desktop
2877,2023-12-06,Australia,Referral,Tablet
2878,2023-03-19,UK,Organic,Mobile
2879,2024-02-06,Germany,"Google Ads",Mobile
2880,2023-12-10,UK,Organic,Desktop
2881,2023-01-13,Australia,"Facebook Ads",Mobile
2882,2023-04-08,Canada,Organic,Mobile
2883,2024-01-26,Australia,"LinkedIn Ads",Desktop
2884,2023-09-16,Canada,"LinkedIn Ads",Mobile
2885,2023-06-30,Germany,Organic,Mobile
2886,2024-06-28,Australia,"LinkedIn Ads",Tablet
2887,2024-02-20,UK,Organic,Mobile
2888,2023-11-22,Canada,Referral,Mobile
2889,2024-03-11,Australia,Organic,Tablet
2890,2023-06-16,Germany,"LinkedIn Ads",Mobile
2891,2023-05-12,Canada,"Google Ads",Desktop
2892,2024-03-04,Germany,Organic,Mobile
2893,2023-07-16,UK,Organic,Tablet
2894,2023-04-27,Canada,Organic,Desktop
2895,2023-03-30,Germany,"Facebook Ads",Desktop
2896,2023-04-14,UK,"LinkedIn Ads",Tablet
2897,2024-01-03,Germany,"Google Ads",Desktop
2898,2023-12-07,USA,Referral,Mobile
2899,2023-04-04,UK,"LinkedIn Ads",Mobile
2900,2024-01-12,Australia,Referral,Desktop
2901,2023-04-21,India,"LinkedIn Ads",Desktop
2902,2024-01-04,Canada,"LinkedIn Ads",Mobile
2903,2024-04-06,USA,Organic,Mobile
2904,2023-10-03,UK,Referral,Desktop
2905,2024-06-04,Australia,"Facebook Ads",Desktop
2906,2023-10-17,Germany,"Google Ads",Tablet
2907,2024-04-29,Australia,"LinkedIn Ads",Mobile
2908,2023-08-12,Australia,Organic,Mobile
2909,2023-10-14,Germany,"Google Ads",Tablet
2910,2023-11-09,UK,"Facebook Ads",Desktop
2911,2024-06-25,Germany,"Facebook Ads",Desktop
2912,2023-01-18,USA,Referral,Mobile
2913,2023-07-06,Germany,"LinkedIn Ads",Mobile
2914,2024-01-17,Germany,Organic,Desktop
2915,2023-08-19,UK,Organic,Mobile
2916,2024-04-25,Australia,"Facebook Ads",Tablet
2917,2023-02-05,USA,Organic,Tablet
2918,2023-06-24,UK,"Google Ads",Mobile
2919,2024-06-06,USA,"Facebook Ads",Desktop
2920,2023-12-10,Germany,"LinkedIn Ads",Mobile
2921,2023-02-26,Canada,"Google Ads",Tablet
2922,2023-05-07,Australia,"LinkedIn Ads",Tablet
2923,2023-11-02,Australia,"LinkedIn Ads",Desktop
2924,2024-06-05,Canada,"LinkedIn Ads",Tablet
2925,2023-08-24,UK,Organic,Desktop
2926,2024-05-30,USA,"Facebook Ads",Mobile
2927,2023-07-12,Canada,Referral,Tablet
2928,2023-03-09,India,"LinkedIn Ads",Desktop
2929,2023-04-06,Canada,Referral,Tablet
2930,2023-01-29,Canada,Organic,Tablet
2931,2023-08-29,Germany,"LinkedIn Ads",Desktop
2932,2023-06-09,USA,Organic,Tablet
2933,2023-10-09,Germany,Organic,Tablet
2934,2024-04-20,Australia,Organic,Tablet
2935,2024-02-23,Australia,"Facebook Ads",Tablet
2936,2023-09-16,Germany,Organic,Desktop
2937,2023-03-22,India,Organic,Tablet
2938,2023-12-30,USA,Organic,Mobile
2939,2023-01-17,Canada,"Facebook Ads",Tablet
2940,2024-01-24,India,"Facebook Ads",Mobile
2941,2023-06-08,India,Organic,Desktop
2942,2023-07-04,Germany,Referral,Desktop
2943,2024-02-27,USA,"Facebook Ads",Desktop
2944,2023-03-11,Australia,"Google Ads",Desktop
2945,2023-06-02,UK,"Facebook Ads",Desktop
2946,2024-04-13,Canada,"Google Ads",Mobile
2947,2023-08-09,Canada,Referral,Tablet
2948,2023-12-11,Australia,"Google Ads",Desktop
2949,2023-11-16,USA,"Google Ads",Tablet
2950,2023-11-04,UK,Organic,Tablet
2951,2023-08-30,Germany,"Facebook Ads",Mobile
2952,2023-06-27,Canada,Organic,Tablet
2953,2024-02-19,India,"LinkedIn Ads",Desktop
2954,2023-12-18,Australia,Organic,Desktop
2955,2024-06-18,Germany,Organic,Tablet
2956,2023-07-16,Germany,"Google Ads",Tablet
2957,2024-03-24,UK,"Google Ads",Desktop
2958,2023-02-26,UK,Organic,Desktop
2959,2024-06-07,USA,Organic,Desktop
2960,2023-09-16,Germany,"Google Ads",Mobile
2961,2023-09-23,USA,"LinkedIn Ads",Tablet
2962,2024-06-30,India,"Facebook Ads",Desktop
2963,2023-05-10,Australia,Organic,Desktop
2964,2023-03-22,UK,"Google Ads",Mobile
2965,2024-03-13,USA,"Facebook Ads",Desktop
2966,2024-02-25,Australia,"Facebook Ads",Tablet
2967,2023-05-20,UK,Organic,Mobile
2968,2023-01-21,Canada,Organic,Tablet
2969,2023-04-02,USA,Referral,Desktop
2970,2023-01-17,India,"LinkedIn Ads",Desktop
2971,2024-01-04,USA,"Facebook Ads",Tablet
2972,2023-03-25,USA,Referral,Desktop
2973,2023-11-23,India,Organic,Tablet
2974,2023-12-20,Germany,"Facebook Ads",Tablet
2975,2023-01-17,Germany,"Facebook Ads",Desktop
2976,2024-06-05,Canada,"Google Ads",Mobile
2977,2023-08-21,Germany,"LinkedIn Ads",Mobile
2978,2024-03-20,Australia,Organic,Tablet
2979,2024-01-31,USA,Referral,Tablet
2980,2023-04-05,India,Referral,Mobile
2981,2023-11-27,Canada,"LinkedIn Ads",Tablet
2982,2024-02-10,USA,Organic,Desktop
2983,2024-03-27,USA,"Google Ads",Mobile
2984,2024-06-13,UK,"Google Ads",Mobile
2985,2024-02-07,UK,"LinkedIn Ads",Desktop
2986,2024-05-04,Australia,"LinkedIn Ads",Tablet
2987,2024-06-10,Australia,"Google Ads",Desktop
2988,2024-04-30,USA,Organic,Desktop
2989,2023-11-12,Germany,Referral,Mobile
2990,2023-08-28,USA,"LinkedIn Ads",Mobile
2991,2024-05-26,Australia,Referral,Desktop
2992,2023-08-17,Germany,Organic,Mobile
2993,2023-09-10,Canada,"Facebook Ads",Tablet
2994,2023-02-15,USA,Organic,Tablet
2995,2024-01-08,Australia,Referral,Tablet
2996,2024-01-04,USA,"Facebook Ads",Desktop
2997,2023-09-18,Germany,"Facebook Ads",Tablet
2998,2024-03-06,USA,"Google Ads",Desktop
2999,2023-11-28,Australia,"Facebook Ads",Mobile
3000,2024-02-13,India,"Google Ads",Tablet
3001,2024-03-14,India,Referral,Mobile
3002,2024-02-07,India,"Google Ads",Desktop
3003,2023-04-27,UK,"LinkedIn Ads",Desktop
3004,2023-05-05,India,"Facebook Ads",Tablet
3005,2023-03-13,Australia,"LinkedIn Ads",Tablet
3006,2024-01-08,Australia,Organic,Desktop
3007,2023-02-08,Australia,"LinkedIn Ads",Desktop
3008,2024-04-28,UK,"LinkedIn Ads",Desktop
3009,2023-04-22,India,"LinkedIn Ads",Desktop
3010,2023-03-03,Canada,Organic,Tablet
3011,2023-06-28,USA,"Google Ads",Desktop
3012,2023-12-08,Canada,Referral,Desktop
3013,2023-09-27,Germany,Organic,Tablet
3014,2023-06-03,India,Referral,Tablet
3015,2023-12-12,Canada,Referral,Mobile
3016,2023-07-26,UK,"Google Ads",Mobile
3017,2023-02-24,Canada,"Facebook Ads",Desktop
3018,2024-03-15,UK,"LinkedIn Ads",Tablet
3019,2024-02-10,India,Referral,Desktop
3020,2024-05-10,Canada,Referral,Mobile
3021,2023-03-13,Australia,"Google Ads",Desktop
3022,2024-01-12,Germany,"LinkedIn Ads",Desktop
3023,2023-07-11,USA,"LinkedIn Ads",Mobile
3024,2024-03-07,USA,"Google Ads",Desktop
3025,2023-11-20,USA,Referral,Desktop
3026,2023-10-11,India,"Google Ads",Mobile
3027,2023-08-11,Germany,Organic,Tablet
3028,2024-04-06,Germany,"Google Ads",Mobile
3029,2024-01-26,USA,"Facebook Ads",Tablet
3030,2024-05-20,Germany,"LinkedIn Ads",Mobile
3031,2023-10-17,Canada,"Google Ads",Mobile
3032,2024-03-28,Canada,"Facebook Ads",Mobile
3033,2024-02-29,India,Referral,Mobile
3034,2023-12-29,Germany,"LinkedIn Ads",Mobile
3035,2024-01-14,USA,Organic,Tablet
3036,2024-02-15,Germany,"LinkedIn Ads",Tablet
3037,2024-06-29,India,"Facebook Ads",Tablet
3038,2024-06-27,Australia,"LinkedIn Ads",Mobile
3039,2023-04-08,India,"LinkedIn Ads",Desktop
3040,2023-12-23,UK,"Google Ads",Tablet
3041,2023-02-03,Canada,"Facebook Ads",Tablet
3042,2023-02-17,India,"Google Ads",Desktop
3043,2024-04-30,Germany,"Google Ads",Mobile
3044,2023-03-08,UK,"Facebook Ads",Desktop
3045,2024-06-03,Germany,"Facebook Ads",Desktop
3046,2023-08-17,UK,"Facebook Ads",Desktop
3047,2024-02-03,India,"LinkedIn Ads",Tablet
3048,2024-05-18,USA,"Google Ads",Desktop
3049,2023-11-15,Australia,"Google Ads",Mobile
3050,2023-12-12,India,"Facebook Ads",Tablet
3051,2023-06-20,Australia,"LinkedIn Ads",Mobile
3052,2024-06-04,USA,"Google Ads",Desktop
3053,2023-06-21,Germany,"LinkedIn Ads",Tablet
3054,2023-06-09,USA,Referral,Tablet
3055,2023-07-08,UK,Referral,Tablet
3056,2023-10-29,UK,Organic,Tablet
3057,2024-06-29,Canada,"Google Ads",Tablet
3058,2023-01-17,UK,"Facebook Ads",Mobile
3059,2023-11-23,USA,"Google Ads",Tablet
3060,2023-12-08,UK,Organic,Tablet
3061,2024-05-04,Australia,Organic,Mobile
3062,2023-04-14,USA,"LinkedIn Ads",Desktop
3063,2023-07-21,Germany,Organic,Desktop
3064,2023-02-17,Australia,Referral,Mobile
3065,2023-03-11,Australia,"Google Ads",Desktop
3066,2024-04-16,India,Organic,Desktop
3067,2023-08-16,Germany,"Facebook Ads",Desktop
3068,2023-08-10,India,"Facebook Ads",Desktop
3069,2024-06-08,Australia,Organic,Tablet
3070,2024-05-10,India,"Facebook Ads",Mobile
3071,2023-07-16,UK,"Facebook Ads",Desktop
3072,2023-03-21,Canada,"Facebook Ads",Mobile
3073,2024-03-13,USA,"LinkedIn Ads",Desktop
3074,2024-05-06,Germany,"Google Ads",Desktop
3075,2023-07-11,India,"Facebook Ads",Desktop
3076,2023-03-18,USA,"Facebook Ads",Mobile
3077,2024-04-30,USA,"LinkedIn Ads",Tablet
3078,2023-03-16,UK,"Facebook Ads",Mobile
3079,2024-02-24,UK,Referral,Tablet
3080,2023-07-25,UK,"Google Ads",Mobile
3081,2024-03-14,UK,"Google Ads",Mobile
3082,2024-01-08,Canada,Organic,Tablet
3083,2024-06-28,Australia,"Google Ads",Desktop
3084,2023-10-11,Germany,Referral,Desktop
3085,2023-04-08,USA,Referral,Tablet
3086,2023-11-29,USA,"Google Ads",Mobile
3087,2023-10-17,India,Organic,Tablet
3088,2023-03-01,UK,"Facebook Ads",Desktop
3089,2023-06-01,Canada,"Google Ads",Desktop
3090,2023-04-21,USA,Referral,Tablet
3091,2023-10-26,Australia,Referral,Mobile
3092,2023-01-22,UK,"LinkedIn Ads",Desktop
3093,2023-09-10,USA,Referral,Tablet
3094,2024-04-02,Australia,Referral,Mobile
3095,2023-03-15,Canada,"Google Ads",Tablet
3096,2023-05-24,UK,"LinkedIn Ads",Tablet
3097,2023-04-13,UK,"Google Ads",Tablet
3098,2024-03-31,USA,"LinkedIn Ads",Mobile
3099,2023-10-19,Germany,Referral,Mobile
3100,2023-06-02,Canada,"Google Ads",Mobile
3101,2024-05-01,India,"Facebook Ads",Tablet
3102,2023-04-27,Canada,"LinkedIn Ads",Tablet
3103,2023-06-12,USA,"LinkedIn Ads",Desktop
3104,2024-04-16,UK,"Facebook Ads",Desktop
3105,2024-04-18,Germany,Organic,Mobile
3106,2023-12-02,USA,Referral,Mobile
3107,2023-10-22,India,Organic,Desktop
3108,2024-05-07,USA,"LinkedIn Ads",Mobile
3109,2024-01-02,UK,"Google Ads",Tablet
3110,2023-04-15,USA,"Facebook Ads",Tablet
3111,2023-11-10,UK,"Facebook Ads",Desktop
3112,2024-02-22,Canada,Organic,Desktop
3113,2023-08-16,USA,"LinkedIn Ads",Mobile
3114,2023-04-19,Australia,Organic,Desktop
3115,2023-05-22,India,"LinkedIn Ads",Mobile
3116,2023-09-26,UK,"Facebook Ads",Mobile
3117,2023-01-14,Germany,"LinkedIn Ads",Desktop
3118,2023-06-26,Germany,"Google Ads",Mobile
3119,2023-06-03,Canada,Referral,Tablet
3120,2023-09-15,UK,Organic,Desktop
3121,2024-01-13,USA,Referral,Mobile
3122,2024-06-29,India,Referral,Mobile
3123,2023-09-09,Canada,"Google Ads",Tablet
3124,2023-03-04,Canada,"Google Ads",Mobile
3125,2023-12-24,Germany,Referral,Desktop
3126,2024-03-28,Canada,"LinkedIn Ads",Desktop
3127,2024-05-09,Canada,Organic,Tablet
3128,2023-02-02,Germany,"Google Ads",Desktop
3129,2024-01-27,USA,"LinkedIn Ads",Desktop
3130,2023-03-08,Australia,"Google Ads",Desktop
3131,2023-03-25,UK,"Google Ads",Desktop
3132,2024-05-22,India,"Facebook Ads",Mobile
3133,2023-06-14,Germany,Referral,Mobile
3134,2023-08-24,Germany,"Facebook Ads",Desktop
3135,2024-04-28,Germany,Referral,Tablet
3136,2023-02-27,Canada,"Google Ads",Tablet
3137,2023-11-04,UK,"LinkedIn Ads",Desktop
3138,2024-05-20,Canada,"Google Ads",Mobile
3139,2023-12-13,Germany,Organic,Mobile
3140,2023-09-28,Canada,"LinkedIn Ads",Desktop
3141,2023-08-23,UK,Referral,Mobile
3142,2023-07-11,UK,"LinkedIn Ads",Desktop
3143,2024-02-25,USA,Referral,Mobile
3144,2023-09-08,USA,"Facebook Ads",Tablet
3145,2024-01-02,Germany,Referral,Mobile
3146,2023-01-11,USA,Organic,Tablet
3147,2023-06-29,Australia,"Facebook Ads",Tablet
3148,2023-11-14,Canada,Referral,Mobile
3149,2024-06-28,India,Referral,Mobile
3150,2024-01-15,USA,Organic,Desktop
3151,2023-11-25,Germany,Referral,Desktop
3152,2024-03-17,Germany,Organic,Desktop
3153,2023-01-24,UK,"Facebook Ads",Mobile
3154,2023-06-02,Canada,Referral,Desktop
3155,2023-11-05,Germany,"Facebook Ads",Desktop
3156,2024-03-18,Germany,"Google Ads",Tablet
3157,2023-12-21,UK,Referral,Desktop
3158,2024-01-27,Australia,Referral,Mobile
3159,2023-12-02,Germany,"Facebook Ads",Desktop
3160,2024-05-28,USA,"LinkedIn Ads",Tablet
3161,2024-01-24,USA,"Google Ads",Tablet
3162,2023-10-06,Australia,"Google Ads",Desktop
3163,2023-09-28,Germany,Referral,Desktop
3164,2023-09-17,India,"Google Ads",Desktop
3165,2023-02-01,India,"Google Ads",Desktop
3166,2024-04-07,Australia,Referral,Mobile
3167,2024-06-11,Canada,Organic,Desktop
3168,2024-06-28,Canada,Referral,Desktop
3169,2024-03-17,Australia,Organic,Desktop
3170,2024-04-13,Germany,Organic,Desktop
3171,2023-12-16,India,"Facebook Ads",Tablet
3172,2023-09-08,UK,"Google Ads",Mobile
3173,2023-05-23,Germany,Organic,Mobile
3174,2023-05-23,USA,Organic,Desktop
3175,2024-03-22,USA,Organic,Mobile
3176,2023-02-17,Germany,"Facebook Ads",Desktop
3177,2024-04-24,India,"LinkedIn Ads",Mobile
3178,2023-09-17,Germany,"LinkedIn Ads",Mobile
3179,2024-01-17,India,"LinkedIn Ads",Mobile
3180,2024-02-29,Germany,"Facebook Ads",Tablet
3181,2023-04-01,UK,"Google Ads",Desktop
3182,2024-04-13,UK,Referral,Tablet
3183,2024-05-20,UK,"Facebook Ads",Tablet
3184,2023-10-22,Canada,"Facebook Ads",Desktop
3185,2024-04-28,Germany,"LinkedIn Ads",Mobile
3186,2024-05-16,Australia,Organic,Desktop
3187,2023-09-18,USA,Referral,Tablet
3188,2024-06-25,UK,"LinkedIn Ads",Desktop
3189,2023-10-29,Canada,"Facebook Ads",Desktop
3190,2023-04-17,Germany,Referral,Desktop
3191,2023-03-06,Germany,"LinkedIn Ads",Tablet
3192,2024-06-05,Germany,Organic,Desktop
3193,2023-11-09,Canada,"Facebook Ads",Tablet
3194,2023-09-19,Germany,"Facebook Ads",Tablet
3195,2023-12-29,India,Referral,Tablet
3196,2023-01-18,Australia,"Facebook Ads",Desktop
3197,2024-05-03,USA,"Facebook Ads",Desktop
3198,2023-11-21,India,"LinkedIn Ads",Mobile
3199,2023-07-10,Germany,"Google Ads",Tablet
3200,2024-01-17,USA,Organic,Desktop
3201,2023-08-13,Germany,"Facebook Ads",Desktop
3202,2023-08-16,USA,"Google Ads",Desktop
3203,2023-10-25,Canada,Referral,Tablet
3204,2024-01-24,Germany,"LinkedIn Ads",Tablet
3205,2023-03-14,India,"LinkedIn Ads",Tablet
3206,2023-08-29,Germany,"Google Ads",Tablet
3207,2024-05-09,UK,"Facebook Ads",Desktop
3208,2023-06-30,Australia,"Facebook Ads",Tablet
3209,2023-10-16,USA,Organic,Tablet
3210,2023-08-20,India,"LinkedIn Ads",Mobile
3211,2023-01-24,Australia,"Facebook Ads",Desktop
3212,2023-05-02,USA,Organic,Desktop
3213,2024-05-24,Germany,Referral,Desktop
3214,2024-03-29,Australia,"Google Ads",Desktop
3215,2023-08-02,Germany,Referral,Mobile
3216,2023-08-29,Australia,Referral,Mobile
3217,2024-01-03,Canada,"Facebook Ads",Desktop
3218,2024-01-26,USA,"Facebook Ads",Mobile
3219,2024-02-17,USA,"Google Ads",Mobile
3220,2023-03-09,India,"Facebook Ads",Desktop
3221,2023-11-29,Canada,"Google Ads",Tablet
3222,2024-04-16,Germany,"Google Ads",Mobile
3223,2024-01-11,USA,"Google Ads",Mobile
3224,2024-02-01,USA,"Facebook Ads",Tablet
3225,2023-11-30,UK,"Google Ads",Mobile
3226,2023-10-31,Australia,Organic,Desktop
3227,2024-02-18,Australia,Referral,Desktop
3228,2023-02-28,Canada,"Google Ads",Tablet
3229,2023-06-11,USA,"Facebook Ads",Mobile
3230,2023-09-13,Australia,"Google Ads",Tablet
3231,2024-04-14,Australia,Organic,Desktop
3232,2023-07-13,Germany,Referral,Desktop
3233,2024-06-19,USA,"Google Ads",Mobile
3234,2023-08-26,Australia,Referral,Mobile
3235,2023-04-02,Australia,Organic,Mobile
3236,2023-10-09,UK,"Google Ads",Mobile
3237,2024-01-12,UK,Organic,Desktop
3238,2024-05-28,USA,Organic,Tablet
3239,2023-07-11,Canada,Referral,Tablet
3240,2023-01-17,UK,Organic,Mobile
3241,2023-11-29,Australia,Referral,Desktop
3242,2023-06-03,Canada,"Google Ads",Mobile
3243,2023-06-14,USA,"LinkedIn Ads",Desktop
3244,2023-05-21,India,"Google Ads",Mobile
3245,2023-09-28,UK,"Google Ads",Desktop
3246,2023-09-07,USA,Referral,Tablet
3247,2023-08-27,UK,Organic,Tablet
3248,2024-06-15,Australia,"Facebook Ads",Tablet
3249,2024-02-17,Canada,"Google Ads",Tablet
3250,2023-04-09,India,Referral,Desktop
3251,2024-02-06,Germany,Organic,Mobile
3252,2023-12-03,Germany,"LinkedIn Ads",Desktop
3253,2023-06-26,Australia,"Facebook Ads",Tablet
3254,2023-12-21,Canada,"LinkedIn Ads",Tablet
3255,2023-02-07,Canada,"LinkedIn Ads",Desktop
3256,2023-02-21,USA,"Google Ads",Tablet
3257,2023-01-17,Australia,"Facebook Ads",Mobile
3258,2024-02-19,UK,Organic,Mobile
3259,2023-11-10,UK,"LinkedIn Ads",Tablet
3260,2024-01-30,India,"Google Ads",Mobile
3261,2023-05-02,Germany,"Google Ads",Desktop
3262,2023-02-21,India,"Facebook Ads",Desktop
3263,2024-03-01,Germany,Organic,Tablet
3264,2023-02-08,Germany,"Google Ads",Tablet
3265,2024-03-06,UK,"LinkedIn Ads",Tablet
3266,2024-02-11,Canada,Organic,Tablet
3267,2024-01-04,Australia,"Facebook Ads",Desktop
3268,2023-09-05,Germany,Referral,Mobile
3269,2023-10-10,UK,"Google Ads",Mobile
3270,2024-05-11,India,Organic,Desktop
3271,2023-03-19,Australia,"Facebook Ads",Desktop
3272,2023-05-09,USA,"LinkedIn Ads",Mobile
3273,2023-12-19,Australia,"Facebook Ads",Tablet
3274,2023-10-22,Germany,"LinkedIn Ads",Desktop
3275,2023-11-10,Germany,"Facebook Ads",Desktop
3276,2024-05-10,UK,Referral,Desktop
3277,2023-12-06,Germany,"Facebook Ads",Tablet
3278,2024-02-08,Canada,Organic,Mobile
3279,2023-03-28,Canada,"LinkedIn Ads",Tablet
3280,2023-04-09,Canada,"LinkedIn Ads",Desktop
3281,2023-03-01,UK,"Google Ads",Desktop
3282,2023-09-27,Australia,"LinkedIn Ads",Tablet
3283,2023-02-07,Germany,"Google Ads",Mobile
3284,2023-08-27,USA,Referral,Desktop
3285,2023-10-16,UK,"Facebook Ads",Mobile
3286,2024-01-18,UK,"LinkedIn Ads",Tablet
3287,2023-02-22,USA,"LinkedIn Ads",Desktop
3288,2023-05-09,India,"LinkedIn Ads",Mobile
3289,2023-05-15,India,"LinkedIn Ads",Mobile
3290,2023-12-07,Germany,"LinkedIn Ads",Tablet
3291,2023-12-01,Germany,Organic,Desktop
3292,2024-03-16,USA,"Facebook Ads",Tablet
3293,2024-03-01,India,Referral,Mobile
3294,2024-01-02,USA,Organic,Tablet
3295,2023-11-02,Germany,"LinkedIn Ads",Mobile
3296,2024-04-25,Australia,Organic,Mobile
3297,2023-02-05,Australia,"Google Ads",Mobile
3298,2023-04-20,USA,"LinkedIn Ads",Tablet
3299,2024-04-23,Australia,Organic,Desktop
3300,2023-04-13,India,"LinkedIn Ads",Tablet
3301,2024-04-04,Germany,Organic,Mobile
3302,2024-03-14,India,Organic,Mobile
3303,2023-08-26,Canada,"LinkedIn Ads",Desktop
3304,2023-01-10,Germany,Referral,Tablet
3305,2023-04-07,India,Organic,Tablet
3306,2023-12-14,USA,"Facebook Ads",Tablet
3307,2023-10-14,India,Referral,Desktop
3308,2023-04-16,India,"LinkedIn Ads",Desktop
3309,2024-02-10,India,"LinkedIn Ads",Desktop
3310,2024-01-15,Australia,Organic,Mobile
3311,2024-05-20,Canada,Organic,Desktop
3312,2023-06-13,UK,"LinkedIn Ads",Tablet
3313,2023-04-21,Canada,Referral,Tablet
3314,2024-04-23,USA,"Facebook Ads",Mobile
3315,2024-02-06,India,Referral,Desktop
3316,2023-07-13,Australia,"Facebook Ads",Tablet
3317,2024-04-28,India,Referral,Tablet
3318,2023-12-02,Germany,Referral,Tablet
3319,2023-03-22,Australia,Referral,Mobile
3320,2024-03-28,Germany,Organic,Tablet
3321,2024-03-11,UK,Referral,Tablet
3322,2023-02-14,Canada,Organic,Tablet
3323,2023-03-29,USA,"Google Ads",Tablet
3324,2023-02-16,India,"Facebook Ads",Mobile
3325,2023-08-28,India,Referral,Mobile
3326,2024-05-19,India,Organic,Tablet
3327,2023-04-07,UK,Referral,Tablet
3328,2023-05-29,Australia,Organic,Desktop
3329,2024-03-14,Canada,"Facebook Ads",Mobile
3330,2023-03-08,UK,Referral,Mobile
3331,2024-06-18,USA,"Google Ads",Mobile
3332,2024-06-22,Canada,Organic,Desktop
3333,2023-02-09,Australia,"LinkedIn Ads",Tablet
3334,2023-07-30,Australia,Referral,Desktop
3335,2023-10-16,Germany,"Facebook Ads",Mobile
3336,2024-02-15,Australia,Referral,Tablet
3337,2024-04-29,UK,Organic,Mobile
3338,2024-05-25,India,"Facebook Ads",Desktop
3339,2023-11-22,Canada,"Google Ads",Desktop
3340,2024-03-06,Germany,"Google Ads",Mobile
3341,2023-08-31,India,"Facebook Ads",Mobile
3342,2023-06-01,USA,Referral,Tablet
3343,2024-04-08,UK,Referral,Mobile
3344,2024-02-08,Germany,Organic,Desktop
3345,2024-06-18,India,"Facebook Ads",Tablet
3346,2024-06-20,USA,"Google Ads",Desktop
3347,2023-08-26,Germany,"LinkedIn Ads",Tablet
3348,2023-05-31,Australia,"Google Ads",Desktop
3349,2023-11-28,India,"LinkedIn Ads",Mobile
3350,2023-02-14,Germany,"Google Ads",Desktop
3351,2023-01-21,Australia,Referral,Tablet
3352,2024-01-23,Australia,"LinkedIn Ads",Tablet
3353,2023-09-21,India,Referral,Desktop
3354,2023-03-30,Germany,Referral,Desktop
3355,2023-08-25,Australia,Organic,Tablet
3356,2024-02-15,UK,"Google Ads",Mobile
3357,2023-11-16,Germany,Organic,Mobile
3358,2024-06-27,USA,"Facebook Ads",Tablet
3359,2023-01-15,India,Referral,Mobile
3360,2024-04-18,Canada,"Google Ads",Tablet
3361,2023-11-14,Germany,"LinkedIn Ads",Desktop
3362,2023-09-04,India,Organic,Mobile
3363,2023-11-21,India,"Google Ads",Desktop
3364,2023-01-23,USA,"Google Ads",Desktop
3365,2023-03-25,USA,"Google Ads",Mobile
3366,2023-11-13,Germany,Referral,Mobile
3367,2023-03-16,India,"Facebook Ads",Tablet
3368,2024-05-11,USA,Referral,Tablet
3369,2023-09-28,UK,"Facebook Ads",Mobile
3370,2023-07-24,Australia,Referral,Tablet
3371,2023-09-05,Germany,Organic,Desktop
3372,2023-01-18,India,"Google Ads",Tablet
3373,2023-10-23,Germany,Referral,Desktop
3374,2023-06-04,USA,Referral,Tablet
3375,2023-01-23,USA,"Google Ads",Desktop
3376,2023-06-21,UK,"LinkedIn Ads",Tablet
3377,2023-05-06,Germany,"LinkedIn Ads",Tablet
3378,2023-10-06,Germany,"Facebook Ads",Desktop
3379,2023-10-04,Australia,Organic,Mobile
3380,2023-10-24,UK,Referral,Tablet
3381,2023-10-01,India,"Facebook Ads",Tablet
3382,2023-09-06,UK,"Google Ads",Desktop
3383,2023-03-01,USA,"Google Ads",Mobile
3384,2023-05-07,Australia,"Google Ads",Tablet
3385,2024-06-15,UK,Organic,Tablet
3386,2024-06-11,Australia,"Google Ads",Mobile
3387,2024-06-16,UK,Referral,Desktop
3388,2024-06-10,USA,Referral,Mobile
3389,2024-01-29,India,Referral,Mobile
3390,2023-02-19,Canada,Organic,Mobile
3391,2023-07-07,India,Organic,Desktop
3392,2024-04-01,India,Organic,Desktop
3393,2023-11-20,Germany,"LinkedIn Ads",Desktop
3394,2023-10-02,Germany,"LinkedIn Ads",Desktop
3395,2023-03-26,USA,Organic,Desktop
3396,2024-06-22,Germany,"Facebook Ads",Mobile
3397,2024-02-28,Germany,Referral,Mobile
3398,2024-04-22,Canada,"LinkedIn Ads",Tablet
3399,2023-11-13,Australia,Organic,Desktop
3400,2024-02-22,Australia,"Facebook Ads",Tablet
3401,2023-10-18,USA,"Facebook Ads",Mobile
3402,2023-06-22,Australia,Referral,Tablet
3403,2023-07-23,Australia,"Facebook Ads",Tablet
3404,2023-05-04,UK,"Facebook Ads",Desktop
3405,2024-02-28,UK,Organic,Mobile
3406,2024-01-30,Germany,Organic,Tablet
3407,2023-07-01,Australia,"LinkedIn Ads",Desktop
3408,2024-04-19,USA,"LinkedIn Ads",Mobile
3409,2023-12-05,India,"Facebook Ads",Mobile
3410,2024-02-10,USA,Organic,Tablet
3411,2024-03-02,Germany,"Google Ads",Desktop
3412,2023-09-16,Canada,Organic,Tablet
3413,2023-09-13,Germany,Organic,Tablet
3414,2023-02-25,Germany,"Facebook Ads",Desktop
3415,2024-06-25,Australia,"Google Ads",Tablet
3416,2023-06-05,Germany,Referral,Mobile
3417,2024-06-26,Australia,Referral,Mobile
3418,2023-12-31,Germany,"Google Ads",Desktop
3419,2023-06-12,USA,"Facebook Ads",Desktop
3420,2023-07-28,India,"Google Ads",Mobile
3421,2023-12-05,UK,Referral,Tablet
3422,2024-02-13,Germany,Organic,Mobile
3423,2024-04-13,India,Organic,Desktop
3424,2024-02-27,India,Organic,Tablet
3425,2023-12-15,USA,"LinkedIn Ads",Tablet
3426,2023-10-02,UK,Referral,Desktop
3427,2023-01-15,India,Referral,Desktop
3428,2024-01-05,Canada,"LinkedIn Ads",Desktop
3429,2023-08-22,Australia,Organic,Mobile
3430,2024-06-04,USA,Organic,Mobile
3431,2023-10-03,UK,"Google Ads",Desktop
3432,2023-07-03,UK,Organic,Desktop
3433,2024-01-31,Germany,"LinkedIn Ads",Desktop
3434,2023-06-28,Germany,"Facebook Ads",Tablet
3435,2023-07-27,Germany,"Google Ads",Tablet
3436,2024-03-18,Australia,"Google Ads",Desktop
3437,2024-04-20,Australia,"Facebook Ads",Tablet
3438,2023-10-21,UK,"Facebook Ads",Desktop
3439,2023-06-10,USA,Organic,Tablet
3440,2023-02-17,Canada,Organic,Desktop
3441,2024-05-14,USA,Organic,Tablet
3442,2024-02-27,UK,Organic,Tablet
3443,2023-08-28,USA,"LinkedIn Ads",Desktop
3444,2023-08-16,Canada,Organic,Mobile
3445,2024-05-24,Canada,"LinkedIn Ads",Mobile
3446,2024-02-17,Germany,"Facebook Ads",Desktop
3447,2023-06-03,USA,"Google Ads",Tablet
3448,2023-12-15,Canada,Organic,Tablet
3449,2023-08-11,India,"LinkedIn Ads",Mobile
3450,2023-07-17,Canada,"Google Ads",Tablet
3451,2023-09-19,Australia,"LinkedIn Ads",Tablet
3452,2023-02-28,Germany,"Google Ads",Tablet
3453,2024-05-29,UK,Referral,Desktop
3454,2023-12-02,Germany,"LinkedIn Ads",Mobile
3455,2023-04-08,USA,Referral,Desktop
3456,2023-07-13,USA,"Google Ads",Tablet
3457,2023-01-30,USA,Organic,Mobile
3458,2024-06-11,USA,Organic,Tablet
3459,2024-03-25,UK,"Facebook Ads",Mobile
3460,2024-03-29,India,"LinkedIn Ads",Mobile
3461,2023-05-13,Germany,Referral,Desktop
3462,2024-05-09,Canada,Referral,Desktop
3463,2024-06-21,USA,Organic,Tablet
3464,2024-02-14,Germany,"LinkedIn Ads",Tablet
3465,2023-07-17,Canada,"Google Ads",Desktop
3466,2024-06-11,UK,Referral,Tablet
3467,2024-01-13,UK,Organic,Mobile
3468,2023-10-23,India,Referral,Tablet
3469,2023-10-04,India,Referral,Tablet
3470,2023-01-10,Canada,"LinkedIn Ads",Desktop
3471,2023-06-29,India,Organic,Tablet
3472,2023-10-18,Canada,"Facebook Ads",Tablet
3473,2024-01-01,Australia,"Google Ads",Tablet
3474,2023-09-20,USA,"LinkedIn Ads",Desktop
3475,2023-03-31,Canada,"LinkedIn Ads",Desktop
3476,2023-03-28,Australia,Organic,Tablet
3477,2024-04-01,UK,"Google Ads",Mobile
3478,2023-03-09,Australia,"Google Ads",Mobile
3479,2023-07-06,USA,Referral,Mobile
3480,2023-05-20,India,"Google Ads",Desktop
3481,2023-02-23,Canada,Referral,Mobile
3482,2023-10-18,India,Referral,Desktop
3483,2024-06-18,Germany,Organic,Tablet
3484,2023-06-26,Australia,"Facebook Ads",Mobile
3485,2023-07-06,Canada,"LinkedIn Ads",Tablet
3486,2023-03-21,Australia,Referral,Mobile
3487,2023-04-09,Australia,"LinkedIn Ads",Mobile
3488,2024-05-07,Canada,Organic,Desktop
3489,2023-12-14,USA,Referral,Mobile
3490,2024-06-12,India,Organic,Desktop
3491,2023-06-07,India,"LinkedIn Ads",Tablet
3492,2024-03-03,Australia,"Google Ads",Desktop
3493,2023-12-31,UK,"Facebook Ads",Tablet
3494,2023-12-08,UK,Referral,Tablet
3495,2023-12-11,Australia,"LinkedIn Ads",Mobile
3496,2023-05-28,India,"Facebook Ads",Tablet
3497,2023-04-26,Canada,Referral,Mobile
3498,2023-06-29,Germany,Organic,Desktop
3499,2023-03-10,Canada,"LinkedIn Ads",Mobile
3500,2024-03-22,USA,Referral,Desktop
3501,2024-01-05,UK,Referral,Tablet
3502,2023-07-25,UK,Organic,Mobile
3503,2024-05-30,USA,"Google Ads",Mobile
3504,2024-04-23,India,"Facebook Ads",Tablet
3505,2023-11-13,India,"LinkedIn Ads",Tablet
3506,2023-08-26,India,"Google Ads",Tablet
3507,2023-12-20,Germany,Referral,Tablet
3508,2023-07-03,USA,"Google Ads",Desktop
3509,2023-01-10,UK,"Facebook Ads",Mobile
3510,2024-03-30,USA,Referral,Tablet
3511,2024-02-13,Canada,"Google Ads",Mobile
3512,2024-01-19,UK,"LinkedIn Ads",Mobile
3513,2023-09-29,Australia,Organic,Tablet
3514,2023-07-02,UK,"Google Ads",Desktop
3515,2023-11-04,Canada,"LinkedIn Ads",Desktop
3516,2023-02-13,Australia,Referral,Desktop
3517,2024-03-20,India,"Facebook Ads",Mobile
3518,2023-11-14,Germany,Referral,Desktop
3519,2023-02-18,Australia,"LinkedIn Ads",Tablet
3520,2023-09-03,UK,Referral,Mobile
3521,2023-03-09,Canada,"Facebook Ads",Desktop
3522,2023-09-19,UK,Referral,Mobile
3523,2023-06-21,UK,Organic,Desktop
3524,2023-07-08,Canada,"Facebook Ads",Tablet
3525,2023-06-04,UK,Organic,Mobile
3526,2023-04-08,India,"LinkedIn Ads",Mobile
3527,2023-07-02,USA,"LinkedIn Ads",Desktop
3528,2023-11-17,Canada,Referral,Desktop
3529,2024-05-06,India,"LinkedIn Ads",Desktop
3530,2024-02-07,USA,"Facebook Ads",Desktop
3531,2023-07-26,Germany,Organic,Tablet
3532,2024-02-10,India,"Google Ads",Desktop
3533,2024-02-23,Canada,Organic,Mobile
3534,2023-08-12,Canada,Referral,Desktop
3535,2024-03-12,Germany,Organic,Tablet
3536,2023-11-21,Australia,"Google Ads",Tablet
3537,2023-08-21,Canada,Referral,Mobile
3538,2023-08-07,Canada,Organic,Desktop
3539,2023-08-17,Canada,Organic,Desktop
3540,2023-06-12,Canada,"LinkedIn Ads",Mobile
3541,2023-04-09,Canada,"Google Ads",Mobile
3542,2023-07-25,Canada,"Facebook Ads",Desktop
3543,2023-02-22,India,"LinkedIn Ads",Tablet
3544,2024-04-06,India,Organic,Desktop
3545,2023-09-30,Germany,Organic,Tablet
3546,2024-06-24,Germany,"Facebook Ads",Mobile
3547,2023-11-08,UK,"Facebook Ads",Desktop
3548,2023-08-24,India,Organic,Tablet
3549,2023-10-25,Canada,"LinkedIn Ads",Tablet
3550,2023-02-25,Australia,Organic,Desktop
3551,2023-03-01,Australia,"LinkedIn Ads",Mobile
3552,2023-02-27,USA,"Google Ads",Mobile
3553,2023-02-28,Germany,"Google Ads",Tablet
3554,2024-02-10,UK,"Facebook Ads",Mobile
3555,2023-06-30,Germany,"Facebook Ads",Tablet
3556,2023-01-23,Australia,Referral,Mobile
3557,2023-05-11,Australia,"Google Ads",Mobile
3558,2023-06-01,Australia,"Facebook Ads",Desktop
3559,2023-01-26,Canada,Referral,Tablet
3560,2023-04-27,Germany,Referral,Desktop
3561,2023-04-28,Australia,"Google Ads",Desktop
3562,2024-01-03,USA,"LinkedIn Ads",Desktop
3563,2023-03-15,India,"Facebook Ads",Tablet
3564,2024-01-08,Germany,Referral,Tablet
3565,2023-02-01,Germany,"LinkedIn Ads",Mobile
3566,2023-11-04,UK,"Facebook Ads",Tablet
3567,2024-05-21,Canada,"Facebook Ads",Tablet
3568,2023-10-08,UK,"Facebook Ads",Desktop
3569,2023-04-09,Australia,"Google Ads",Tablet
3570,2024-04-30,Germany,"LinkedIn Ads",Tablet
3571,2023-12-11,UK,"Google Ads",Tablet
3572,2023-04-13,UK,"LinkedIn Ads",Desktop
3573,2023-02-24,UK,Referral,Mobile
3574,2023-01-22,USA,"Facebook Ads",Tablet
3575,2023-03-10,Australia,"LinkedIn Ads",Mobile
3576,2023-09-27,USA,"LinkedIn Ads",Desktop
3577,2023-02-26,USA,"LinkedIn Ads",Desktop
3578,2024-06-04,Canada,"Facebook Ads",Tablet
3579,2024-02-04,Germany,"LinkedIn Ads",Desktop
3580,2024-04-07,Canada,"LinkedIn Ads",Desktop
3581,2024-01-13,UK,Organic,Desktop
3582,2023-12-12,USA,Organic,Tablet
3583,2024-04-06,UK,Referral,Desktop
3584,2023-03-16,India,"Facebook Ads",Tablet
3585,2023-05-09,Canada,Referral,Desktop
3586,2023-05-20,Australia,Referral,Desktop
3587,2023-06-09,India,"LinkedIn Ads",Mobile
3588,2023-11-20,Canada,"LinkedIn Ads",Tablet
3589,2023-09-16,Germany,"Google Ads",Desktop
3590,2024-01-28,India,"Google Ads",Mobile
3591,2023-01-23,USA,"Google Ads",Desktop
3592,2023-05-01,Canada,"Facebook Ads",Desktop
3593,2023-03-27,UK,Referral,Tablet
3594,2023-06-15,Germany,"LinkedIn Ads",Tablet
3595,2024-04-23,UK,"LinkedIn Ads",Mobile
3596,2023-06-10,Germany,Referral,Desktop
3597,2023-10-27,USA,"LinkedIn Ads",Tablet
3598,2023-06-14,Germany,"Google Ads",Mobile
3599,2024-03-25,UK,"LinkedIn Ads",Desktop
3600,2023-07-11,UK,"LinkedIn Ads",Mobile
3601,2023-03-02,Canada,"LinkedIn Ads",Mobile
3602,2023-01-18,Canada,Organic,Mobile
3603,2023-06-22,Canada,"Google Ads",Desktop
3604,2023-11-23,India,"Facebook Ads",Mobile
3605,2023-06-13,UK,"Google Ads",Mobile
3606,2024-01-20,USA,Organic,Mobile
3607,2023-06-08,Germany,Referral,Desktop
3608,2024-03-01,Canada,Referral,Desktop
3609,2024-04-08,USA,"Facebook Ads",Desktop
3610,2023-10-27,India,Organic,Desktop
3611,2023-11-17,UK,Organic,Mobile
3612,2024-02-20,Canada,"LinkedIn Ads",Mobile
3613,2023-05-29,Germany,"Facebook Ads",Desktop
3614,2024-02-04,UK,"LinkedIn Ads",Tablet
3615,2024-05-08,Germany,Referral,Tablet
3616,2024-02-18,Germany,"LinkedIn Ads",Tablet
3617,2023-08-11,USA,Organic,Tablet
3618,2023-01-09,Canada,"LinkedIn Ads",Mobile
3619,2023-01-30,Canada,"Facebook Ads",Tablet
3620,2023-06-11,UK,Organic,Mobile
3621,2023-12-24,Germany,"Facebook Ads",Tablet
3622,2023-05-30,India,"Facebook Ads",Desktop
3623,2023-10-14,Australia,"Google Ads",Desktop
3624,2023-05-23,UK,"Facebook Ads",Mobile
3625,2024-04-10,UK,"Facebook Ads",Desktop
3626,2023-12-07,Germany,"LinkedIn Ads",Tablet
3627,2024-01-02,India,Referral,Mobile
3628,2023-04-02,UK,Referral,Tablet
3629,2023-09-10,Australia,"LinkedIn Ads",Tablet
3630,2023-12-13,UK,Organic,Tablet
3631,2023-07-31,Canada,"LinkedIn Ads",Tablet
3632,2023-05-21,India,"Facebook Ads",Tablet
3633,2024-06-12,Canada,"Google Ads",Desktop
3634,2023-03-14,UK,"Google Ads",Mobile
3635,2023-12-23,India,Organic,Tablet
3636,2023-12-13,Australia,Referral,Mobile
3637,2023-08-03,Australia,Organic,Mobile
3638,2023-09-26,Canada,"LinkedIn Ads",Tablet
3639,2023-10-11,India,"Google Ads",Desktop
3640,2024-05-22,Germany,Organic,Mobile
3641,2023-05-21,Canada,"Facebook Ads",Desktop
3642,2024-04-14,Germany,Referral,Mobile
3643,2024-04-07,Germany,"Google Ads",Mobile
3644,2024-05-23,Australia,"Facebook Ads",Tablet
3645,2023-05-12,Australia,"Google Ads",Tablet
3646,2023-09-10,Canada,Organic,Tablet
3647,2024-01-14,Canada,Referral,Mobile
3648,2023-06-08,Germany,"Google Ads",Mobile
3649,2023-10-12,Canada,"Facebook Ads",Mobile
3650,2024-04-16,Australia,Organic,Mobile
3651,2023-10-17,Australia,Referral,Mobile
3652,2024-01-25,India,"Facebook Ads",Mobile
3653,2024-05-24,Germany,Referral,Mobile
3654,2023-04-13,Germany,"Google Ads",Mobile
3655,2023-02-15,India,Referral,Mobile
3656,2024-03-09,USA,"LinkedIn Ads",Desktop
3657,2024-05-07,Germany,"LinkedIn Ads",Desktop
3658,2024-02-29,Canada,Organic,Mobile
3659,2023-09-07,USA,Referral,Mobile
3660,2023-10-30,USA,"Google Ads",Desktop
3661,2023-10-17,Australia,Organic,Desktop
3662,2023-08-30,Germany,"Facebook Ads",Tablet
3663,2023-11-15,UK,Organic,Tablet
3664,2023-05-23,Canada,Organic,Desktop
3665,2023-04-07,Australia,Organic,Desktop
3666,2023-05-19,India,"LinkedIn Ads",Tablet
3667,2023-09-07,Australia,"LinkedIn Ads",Tablet
3668,2024-04-28,Australia,"Facebook Ads",Desktop
3669,2023-10-30,Germany,Referral,Tablet
3670,2023-04-02,Germany,"Google Ads",Tablet
3671,2024-01-23,Germany,"LinkedIn Ads",Tablet
3672,2023-07-01,UK,"LinkedIn Ads",Desktop
3673,2023-04-18,India,"Google Ads",Desktop
3674,2023-05-04,Australia,"Google Ads",Tablet
3675,2023-01-19,USA,"Facebook Ads",Desktop
3676,2024-02-11,Germany,Organic,Tablet
3677,2024-03-07,India,"Facebook Ads",Desktop
3678,2023-08-29,Canada,"Google Ads",Mobile
3679,2023-06-19,UK,"LinkedIn Ads",Mobile
3680,2024-06-08,USA,Organic,Mobile
3681,2023-11-25,Canada,"LinkedIn Ads",Mobile
3682,2024-02-05,UK,"Facebook Ads",Tablet
3683,2023-12-27,Canada,"LinkedIn Ads",Tablet
3684,2024-02-18,Australia,Organic,Tablet
3685,2023-01-25,Canada,"LinkedIn Ads",Desktop
3686,2023-08-23,India,"Google Ads",Desktop
3687,2023-09-27,USA,Referral,Tablet
3688,2023-03-29,Australia,Organic,Tablet
3689,2023-02-26,India,"LinkedIn Ads",Mobile
3690,2023-09-15,India,Organic,Tablet
3691,2023-10-28,India,Organic,Desktop
3692,2023-10-18,Germany,Referral,Tablet
3693,2023-02-21,UK,Organic,Desktop
3694,2023-10-27,Canada,"Facebook Ads",Mobile
3695,2023-12-18,UK,"Google Ads",Tablet
3696,2023-05-03,Canada,Organic,Tablet
3697,2023-05-13,USA,Organic,Mobile
3698,2024-04-23,USA,Organic,Tablet
3699,2023-11-14,Canada,"Facebook Ads",Mobile
3700,2023-10-16,Germany,"Facebook Ads",Tablet
3701,2023-01-31,Germany,"LinkedIn Ads",Tablet
3702,2023-01-11,UK,"Google Ads",Desktop
3703,2023-07-22,Australia,Referral,Tablet
3704,2023-01-17,Australia,Referral,Tablet
3705,2024-04-08,USA,"Facebook Ads",Desktop
3706,2023-08-02,Australia,Referral,Tablet
3707,2023-07-04,Germany,Referral,Tablet
3708,2024-04-06,India,"LinkedIn Ads",Mobile
3709,2023-02-06,UK,"Facebook Ads",Tablet
3710,2023-06-09,Germany,"Google Ads",Desktop
3711,2023-12-28,India,"Google Ads",Desktop
3712,2024-02-02,USA,"Facebook Ads",Desktop
3713,2024-04-19,Germany,"LinkedIn Ads",Desktop
3714,2024-05-09,UK,Referral,Mobile
3715,2024-03-09,Australia,"Facebook Ads",Desktop
3716,2023-02-23,Australia,Referral,Desktop
3717,2024-06-03,Canada,"LinkedIn Ads",Tablet
3718,2023-11-15,USA,Referral,Tablet
3719,2023-05-14,Canada,"Facebook Ads",Desktop
3720,2023-08-09,UK,"Google Ads",Desktop
3721,2023-11-09,Canada,"Facebook Ads",Tablet
3722,2024-04-19,UK,"LinkedIn Ads",Desktop
3723,2023-09-01,Canada,Organic,Mobile
3724,2024-05-17,Germany,Organic,Desktop
3725,2023-10-01,Canada,Referral,Desktop
3726,2024-05-05,Germany,"Facebook Ads",Desktop
3727,2024-06-27,USA,Organic,Desktop
3728,2023-02-09,India,"Google Ads",Desktop
3729,2023-02-09,USA,"Google Ads",Mobile
3730,2024-05-12,USA,"LinkedIn Ads",Desktop
3731,2024-04-14,UK,"LinkedIn Ads",Mobile
3732,2023-08-07,India,"LinkedIn Ads",Desktop
3733,2023-01-26,UK,Organic,Desktop
3734,2023-02-11,Canada,Organic,Tablet
3735,2024-05-07,Germany,"Google Ads",Tablet
3736,2023-01-08,Australia,"LinkedIn Ads",Mobile
3737,2023-07-30,USA,"Google Ads",Mobile
3738,2023-01-28,India,"Google Ads",Mobile
3739,2023-07-30,USA,"Facebook Ads",Tablet
3740,2024-05-16,Canada,"LinkedIn Ads",Desktop
3741,2023-02-21,USA,"Google Ads",Tablet
3742,2023-03-16,Germany,"Facebook Ads",Desktop
3743,2023-04-11,UK,Organic,Desktop
3744,2024-04-20,USA,Referral,Desktop
3745,2023-10-29,Germany,"Facebook Ads",Desktop
3746,2024-03-04,Canada,Organic,Tablet
3747,2023-10-23,Germany,Organic,Mobile
3748,2024-02-09,India,"Facebook Ads",Tablet
3749,2023-03-01,UK,Organic,Tablet
3750,2024-02-29,Germany,"LinkedIn Ads",Desktop
3751,2023-10-28,Canada,"Facebook Ads",Desktop
3752,2023-11-04,India,"Google Ads",Tablet
3753,2023-12-23,India,"Google Ads",Mobile
3754,2023-08-25,USA,Referral,Mobile
3755,2023-11-09,Germany,"LinkedIn Ads",Mobile
3756,2024-04-16,Germany,"LinkedIn Ads",Mobile
3757,2023-09-27,Australia,Organic,Tablet
3758,2024-01-09,Germany,Organic,Desktop
3759,2023-08-05,Germany,Referral,Mobile
3760,2023-04-07,Australia,"Facebook Ads",Mobile
3761,2024-04-30,USA,"LinkedIn Ads",Desktop
3762,2023-12-04,USA,Organic,Desktop
3763,2023-12-27,USA,"LinkedIn Ads",Desktop
3764,2023-06-22,Germany,Organic,Desktop
3765,2024-01-19,Germany,"Google Ads",Mobile
3766,2023-10-27,Germany,"Google Ads",Mobile
3767,2024-06-06,Canada,"Google Ads",Mobile
3768,2024-06-15,Canada,Organic,Tablet
3769,2023-02-16,Canada,"Google Ads",Desktop
3770,2023-10-31,Australia,"Facebook Ads",Tablet
3771,2024-05-20,Canada,"Facebook Ads",Mobile
3772,2024-05-26,UK,Referral,Mobile
3773,2023-01-19,USA,Referral,Desktop
3774,2023-10-19,UK,"Facebook Ads",Desktop
3775,2023-04-14,Canada,"LinkedIn Ads",Desktop
3776,2024-01-19,Canada,Organic,Desktop
3777,2023-10-22,UK,"Google Ads",Tablet
3778,2023-07-26,Germany,Organic,Tablet
3779,2024-04-20,Canada,"Google Ads",Tablet
3780,2023-09-17,Canada,"Google Ads",Tablet
3781,2024-03-03,Australia,"LinkedIn Ads",Tablet
3782,2023-08-03,Australia,Organic,Tablet
3783,2024-01-31,Australia,Organic,Desktop
3784,2023-06-27,Germany,"LinkedIn Ads",Tablet
3785,2024-03-26,USA,Organic,Desktop
3786,2024-01-13,USA,"Facebook Ads",Desktop
3787,2023-01-25,UK,Organic,Mobile
3788,2024-02-13,USA,"Facebook Ads",Mobile
3789,2024-04-24,USA,"LinkedIn Ads",Desktop
3790,2024-04-28,USA,Organic,Desktop
3791,2023-04-18,Germany,Referral,Tablet
3792,2023-01-10,UK,"Google Ads",Mobile
3793,2023-07-09,Australia,Referral,Tablet
3794,2024-02-09,Canada,"Google Ads",Mobile
3795,2023-07-02,Australia,"LinkedIn Ads",Tablet
3796,2023-09-18,Canada,Referral,Tablet
3797,2023-07-10,UK,"LinkedIn Ads",Tablet
3798,2024-01-30,Australia,Referral,Tablet
3799,2023-11-28,Canada,Referral,Tablet
3800,2023-02-01,Germany,Organic,Tablet
3801,2023-05-10,USA,Organic,Desktop
3802,2023-04-01,UK,Organic,Tablet
3803,2024-05-15,India,"LinkedIn Ads",Mobile
3804,2024-05-22,USA,Organic,Mobile
3805,2024-02-25,India,Referral,Tablet
3806,2024-06-20,USA,Organic,Tablet
3807,2024-04-09,USA,"LinkedIn Ads",Mobile
3808,2024-04-14,USA,"Google Ads",Mobile
3809,2023-03-01,USA,"Google Ads",Tablet
3810,2023-02-05,UK,Referral,Tablet
3811,2023-04-20,USA,"LinkedIn Ads",Desktop
3812,2023-04-03,Canada,"Google Ads",Desktop
3813,2023-02-11,USA,Organic,Tablet
3814,2023-05-31,Australia,Organic,Tablet
3815,2024-01-02,Australia,"LinkedIn Ads",Tablet
3816,2023-06-22,USA,"LinkedIn Ads",Desktop
3817,2023-10-10,UK,"Google Ads",Tablet
3818,2024-02-16,India,"LinkedIn Ads",Mobile
3819,2023-08-30,UK,"Facebook Ads",Desktop
3820,2023-03-02,Germany,"Google Ads",Desktop
3821,2024-06-17,USA,"Google Ads",Desktop
3822,2023-08-13,Germany,"LinkedIn Ads",Tablet
3823,2023-05-28,Australia,"Google Ads",Mobile
3824,2023-08-10,USA,"LinkedIn Ads",Mobile
3825,2023-02-09,UK,"LinkedIn Ads",Mobile
3826,2024-02-24,Canada,Organic,Tablet
3827,2023-03-30,USA,"LinkedIn Ads",Tablet
3828,2024-01-03,Australia,"Facebook Ads",Desktop
3829,2024-02-29,Germany,Referral,Mobile
3830,2023-10-12,Germany,"Google Ads",Tablet
3831,2024-06-05,USA,"LinkedIn Ads",Tablet
3832,2024-04-17,Germany,"Google Ads",Mobile
3833,2023-12-13,UK,"LinkedIn Ads",Desktop
3834,2023-07-03,Canada,Organic,Mobile
3835,2023-05-11,USA,"Google Ads",Desktop
3836,2023-06-17,Australia,"Google Ads",Mobile
3837,2023-08-19,India,"LinkedIn Ads",Desktop
3838,2024-03-12,UK,Organic,Desktop
3839,2024-05-31,UK,Organic,Desktop
3840,2023-10-29,Australia,"Facebook Ads",Mobile
3841,2024-05-01,Canada,"Facebook Ads",Tablet
3842,2023-04-10,UK,Organic,Tablet
3843,2023-05-15,UK,Referral,Tablet
3844,2023-08-13,Canada,"Google Ads",Mobile
3845,2023-06-24,USA,Referral,Desktop
3846,2024-01-07,USA,"LinkedIn Ads",Mobile
3847,2024-05-18,UK,"Facebook Ads",Tablet
3848,2023-02-06,India,Referral,Mobile
3849,2023-05-01,USA,"Facebook Ads",Tablet
3850,2023-03-07,Canada,Referral,Desktop
3851,2024-04-26,USA,"LinkedIn Ads",Desktop
3852,2023-07-29,UK,"LinkedIn Ads",Mobile
3853,2024-01-13,USA,"Google Ads",Tablet
3854,2024-03-07,India,"LinkedIn Ads",Desktop
3855,2023-05-22,USA,Referral,Mobile
3856,2024-06-14,India,Organic,Mobile
3857,2023-05-01,India,Organic,Mobile
3858,2023-10-15,Australia,"Google Ads",Mobile
3859,2023-06-09,UK,Organic,Mobile
3860,2023-12-17,India,"LinkedIn Ads",Tablet
3861,2023-01-12,Germany,Organic,Tablet
3862,2023-05-30,USA,Organic,Mobile
3863,2023-11-26,Australia,Referral,Tablet
3864,2023-07-28,India,"Google Ads",Mobile
3865,2023-06-01,UK,"LinkedIn Ads",Mobile
3866,2023-03-03,Australia,Referral,Tablet
3867,2024-05-23,Canada,Referral,Mobile
3868,2024-01-30,UK,"Google Ads",Mobile
3869,2024-03-05,Canada,Organic,Mobile
3870,2024-05-14,Australia,Organic,Desktop
3871,2023-03-16,Germany,"Facebook Ads",Tablet
3872,2023-08-04,UK,"Google Ads",Tablet
3873,2024-06-05,Australia,Organic,Mobile
3874,2024-05-03,USA,"Facebook Ads",Mobile
3875,2023-12-21,Australia,"Google Ads",Tablet
3876,2023-01-12,USA,"Google Ads",Desktop
3877,2024-04-08,Australia,"Google Ads",Desktop
3878,2023-01-29,Australia,"Facebook Ads",Tablet
3879,2023-06-28,Canada,Referral,Tablet
3880,2023-07-31,Canada,"Facebook Ads",Tablet
3881,2023-12-10,USA,"LinkedIn Ads",Mobile
3882,2023-02-08,USA,"Facebook Ads",Desktop
3883,2023-09-12,Germany,"LinkedIn Ads",Mobile
3884,2023-09-20,Germany,"Facebook Ads",Mobile
3885,2023-07-31,USA,"Google Ads",Tablet
3886,2023-10-16,Australia,"LinkedIn Ads",Desktop
3887,2023-07-01,USA,Organic,Desktop
3888,2023-01-11,UK,"LinkedIn Ads",Tablet
3889,2024-05-07,Australia,Organic,Tablet
3890,2024-04-27,UK,"Facebook Ads",Desktop
3891,2023-10-20,Canada,"Facebook Ads",Mobile
3892,2023-05-08,Canada,"Facebook Ads",Mobile
3893,2024-05-21,Germany,"LinkedIn Ads",Tablet
3894,2024-01-18,Canada,"LinkedIn Ads",Tablet
3895,2024-01-21,USA,Organic,Tablet
3896,2024-06-01,Germany,Referral,Desktop
3897,2023-04-14,Canada,Referral,Desktop
3898,2024-02-29,India,"LinkedIn Ads",Mobile
3899,2024-03-03,UK,"Google Ads",Tablet
3900,2023-06-11,USA,"LinkedIn Ads",Mobile
3901,2024-03-19,USA,"Facebook Ads",Tablet
3902,2024-04-17,Germany,"Google Ads",Desktop
3903,2023-07-31,Canada,"LinkedIn Ads",Desktop
3904,2023-04-26,Australia,Organic,Tablet
3905,2023-09-02,Canada,Referral,Desktop
3906,2023-03-13,USA,"Facebook Ads",Mobile
3907,2024-03-12,Canada,"Google Ads",Desktop
3908,2023-02-20,Germany,"Google Ads",Mobile
3909,2023-02-10,Germany,"Google Ads",Mobile
3910,2023-08-05,India,"Google Ads",Desktop
3911,2023-08-18,UK,"Google Ads",Mobile
3912,2024-05-05,USA,Referral,Mobile
3913,2023-10-24,Germany,"LinkedIn Ads",Mobile
3914,2023-09-25,USA,Organic,Desktop
3915,2024-03-17,USA,"LinkedIn Ads",Desktop
3916,2023-03-20,Canada,"Google Ads",Mobile
3917,2023-07-09,UK,"Facebook Ads",Tablet
3918,2023-11-23,Canada,Organic,Desktop
3919,2024-01-13,Canada,"LinkedIn Ads",Desktop
3920,2024-01-19,Germany,Organic,Mobile
3921,2023-08-30,UK,"Facebook Ads",Tablet
3922,2023-03-25,UK,Referral,Mobile
3923,2023-06-16,Germany,"LinkedIn Ads",Tablet
3924,2023-08-10,India,"Google Ads",Mobile
3925,2023-05-26,Germany,"LinkedIn Ads",Tablet
3926,2023-01-24,Germany,Organic,Desktop
3927,2023-09-15,Australia,Organic,Desktop
3928,2023-08-01,India,Referral,Desktop
3929,2024-04-13,Australia,"LinkedIn Ads",Mobile
3930,2024-01-06,Australia,"Facebook Ads",Tablet
3931,2023-10-20,Australia,"Google Ads",Desktop
3932,2024-02-25,UK,Organic,Tablet
3933,2023-10-01,Germany,"Google Ads",Desktop
3934,2023-12-18,Germany,Organic,Mobile
3935,2024-01-12,India,"Facebook Ads",Desktop
3936,2024-03-01,Canada,"Google Ads",Desktop
3937,2023-03-23,Canada,"Google Ads",Tablet
3938,2023-08-13,UK,"LinkedIn Ads",Desktop
3939,2023-12-19,Germany,"LinkedIn Ads",Tablet
3940,2023-10-27,UK,Referral,Mobile
3941,2024-01-10,Germany,Referral,Desktop
3942,2023-11-13,India,"Google Ads",Mobile
3943,2023-08-09,India,"Google Ads",Mobile
3944,2023-09-16,Canada,"LinkedIn Ads",Mobile
3945,2023-03-12,Canada,"LinkedIn Ads",Tablet
3946,2023-09-04,India,"LinkedIn Ads",Desktop
3947,2023-02-12,USA,"LinkedIn Ads",Mobile
3948,2023-02-15,USA,"Facebook Ads",Desktop
3949,2023-03-19,Australia,"Google Ads",Tablet
3950,2023-08-21,Germany,Referral,Desktop
3951,2023-06-20,India,Organic,Mobile
3952,2023-11-25,India,"LinkedIn Ads",Desktop
3953,2024-05-14,USA,Referral,Desktop
3954,2024-05-17,Germany,Referral,Mobile
3955,2024-06-21,Germany,Referral,Desktop
3956,2023-08-09,USA,Organic,Tablet
3957,2023-07-11,Germany,Referral,Tablet
3958,2023-09-03,Australia,Organic,Desktop
3959,2023-05-10,Australia,"Facebook Ads",Desktop
3960,2024-01-11,Germany,"Google Ads",Mobile
3961,2024-03-05,India,"Facebook Ads",Mobile
3962,2024-04-19,Australia,Organic,Tablet
3963,2023-01-14,India,Organic,Mobile
3964,2024-06-08,Germany,"LinkedIn Ads",Tablet
3965,2023-09-21,Germany,Organic,Tablet
3966,2023-04-17,Canada,Organic,Desktop
3967,2023-04-30,India,Organic,Desktop
3968,2024-05-24,Canada,Referral,Tablet
3969,2024-03-11,Germany,Referral,Mobile
3970,2024-01-29,USA,Organic,Mobile
3971,2023-06-13,UK,Organic,Mobile
3972,2023-11-19,Canada,Referral,Tablet
3973,2023-12-28,UK,"LinkedIn Ads",Desktop
3974,2023-03-04,UK,Organic,Tablet
3975,2023-11-14,Australia,"LinkedIn Ads",Desktop
3976,2024-06-07,Canada,Referral,Mobile
3977,2023-10-30,Canada,Referral,Desktop
3978,2024-06-15,UK,Organic,Mobile
3979,2023-01-19,UK,"LinkedIn Ads",Desktop
3980,2023-03-10,Germany,Referral,Mobile
3981,2023-03-14,Australia,"LinkedIn Ads",Desktop
3982,2023-12-13,India,"Facebook Ads",Tablet
3983,2023-04-08,Germany,Referral,Mobile
3984,2023-06-10,India,"LinkedIn Ads",Desktop
3985,2024-05-17,India,Organic,Mobile
3986,2023-04-09,UK,Referral,Tablet
3987,2024-02-18,USA,Referral,Desktop
3988,2024-06-18,USA,"Facebook Ads",Mobile
3989,2023-12-15,Canada,"Google Ads",Desktop
3990,2024-03-23,Germany,Referral,Tablet
3991,2023-09-04,USA,"Google Ads",Tablet
3992,2024-01-02,Germany,"LinkedIn Ads",Tablet
3993,2023-03-16,UK,"Google Ads",Tablet
3994,2023-11-11,USA,"Google Ads",Mobile
3995,2023-12-10,USA,"LinkedIn Ads",Mobile
3996,2023-08-16,Germany,"Google Ads",Tablet
3997,2023-01-10,UK,Referral,Tablet
3998,2023-10-14,USA,Organic,Mobile
3999,2024-01-31,Australia,Referral,Tablet
4000,2023-11-13,India,"LinkedIn Ads",Mobile
4001,2023-06-17,Germany,"LinkedIn Ads",Tablet
4002,2023-05-12,Canada,"LinkedIn Ads",Desktop
4003,2024-05-22,USA,"LinkedIn Ads",Tablet
4004,2023-12-03,Australia,"Facebook Ads",Tablet
4005,2024-01-04,Australia,"Facebook Ads",Mobile
4006,2024-06-29,Germany,"LinkedIn Ads",Desktop
4007,2023-02-20,India,"LinkedIn Ads",Mobile
4008,2024-04-22,Australia,"LinkedIn Ads",Mobile
4009,2023-04-30,Australia,"Google Ads",Desktop
4010,2024-04-21,UK,"Facebook Ads",Mobile
4011,2023-12-10,Australia,Referral,Desktop
4012,2023-05-20,USA,Organic,Tablet
4013,2023-12-29,UK,"Facebook Ads",Tablet
4014,2024-05-11,USA,Organic,Tablet
4015,2024-01-30,India,"Google Ads",Desktop
4016,2024-01-18,Germany,"LinkedIn Ads",Tablet
4017,2023-06-21,USA,Referral,Mobile
4018,2023-06-30,USA,"LinkedIn Ads",Mobile
4019,2024-01-16,Australia,"Facebook Ads",Mobile
4020,2023-02-14,Canada,Organic,Tablet
4021,2023-01-11,Germany,Referral,Desktop
4022,2024-03-09,Australia,"Google Ads",Tablet
4023,2023-06-10,India,"Facebook Ads",Tablet
4024,2024-04-18,Canada,"Facebook Ads",Desktop
4025,2023-06-17,USA,"Facebook Ads",Mobile
4026,2024-05-11,Canada,Referral,Desktop
4027,2024-06-20,Australia,"Google Ads",Desktop
4028,2023-04-26,USA,"LinkedIn Ads",Tablet
4029,2023-04-26,UK,"Facebook Ads",Mobile
4030,2023-12-30,USA,"Facebook Ads",Mobile
4031,2023-07-01,Australia,Referral,Desktop
4032,2023-12-08,Canada,Referral,Mobile
4033,2023-03-28,Australia,"LinkedIn Ads",Mobile
4034,2023-06-29,USA,"Facebook Ads",Desktop
4035,2023-09-27,USA,"Google Ads",Desktop
4036,2023-07-15,Germany,"Facebook Ads",Desktop
4037,2023-11-13,Germany,"LinkedIn Ads",Tablet
4038,2024-02-13,India,"Facebook Ads",Mobile
4039,2023-09-22,UK,Organic,Tablet
4040,2023-09-12,USA,"LinkedIn Ads",Desktop
4041,2023-08-27,Germany,"Google Ads",Tablet
4042,2023-08-17,Australia,"LinkedIn Ads",Desktop
4043,2023-01-15,Canada,Referral,Desktop
4044,2023-01-22,USA,Referral,Desktop
4045,2024-06-14,UK,Referral,Mobile
4046,2024-02-07,USA,"Facebook Ads",Tablet
4047,2024-02-14,India,"Facebook Ads",Desktop
4048,2023-12-31,Germany,"Facebook Ads",Desktop
4049,2023-03-25,Canada,"Facebook Ads",Tablet
4050,2024-03-21,Germany,Referral,Tablet
4051,2023-02-02,Germany,"Google Ads",Desktop
4052,2023-02-08,Germany,"LinkedIn Ads",Tablet
4053,2023-02-02,India,"Facebook Ads",Mobile
4054,2023-10-14,India,"LinkedIn Ads",Desktop
4055,2023-12-11,Germany,"Facebook Ads",Tablet
4056,2024-03-27,USA,Referral,Desktop
4057,2024-03-08,Germany,Referral,Mobile
4058,2024-05-05,India,"Google Ads",Desktop
4059,2023-12-17,USA,Organic,Mobile
4060,2023-03-17,India,Referral,Desktop
4061,2023-01-14,India,Organic,Desktop
4062,2024-06-11,Germany,"LinkedIn Ads",Tablet
4063,2024-05-25,UK,Organic,Desktop
4064,2023-06-08,Canada,"Google Ads",Desktop
4065,2024-05-08,UK,"LinkedIn Ads",Mobile
4066,2024-04-11,Canada,"Facebook Ads",Desktop
4067,2024-01-08,Canada,"Facebook Ads",Mobile
4068,2023-03-22,UK,Referral,Mobile
4069,2023-06-23,UK,Referral,Desktop
4070,2023-12-12,Australia,"Google Ads",Tablet
4071,2023-02-27,Canada,"Google Ads",Mobile
4072,2023-04-23,Australia,"Facebook Ads",Mobile
4073,2023-09-16,Australia,"LinkedIn Ads",Tablet
4074,2023-01-13,Canada,"LinkedIn Ads",Mobile
4075,2023-05-22,Australia,"LinkedIn Ads",Desktop
4076,2023-01-17,UK,Organic,Tablet
4077,2024-06-24,Germany,"LinkedIn Ads",Desktop
4078,2024-04-24,UK,"Google Ads",Tablet
4079,2023-07-21,Germany,"LinkedIn Ads",Tablet
4080,2024-03-08,Germany,Organic,Desktop
4081,2023-10-13,Australia,Organic,Tablet
4082,2023-04-04,Australia,"LinkedIn Ads",Tablet
4083,2023-03-26,Germany,"Facebook Ads",Desktop
4084,2023-10-08,USA,Referral,Desktop
4085,2023-07-05,USA,Organic,Tablet
4086,2024-04-05,India,"LinkedIn Ads",Mobile
4087,2023-05-18,Canada,"Facebook Ads",Desktop
4088,2023-04-23,Canada,"Google Ads",Desktop
4089,2023-04-21,Canada,Organic,Desktop
4090,2023-11-02,UK,"Google Ads",Tablet
4091,2023-01-08,UK,"LinkedIn Ads",Desktop
4092,2023-07-18,Canada,Referral,Mobile
4093,2023-05-05,Germany,"Facebook Ads",Tablet
4094,2024-02-07,Germany,"Facebook Ads",Desktop
4095,2023-05-07,UK,Organic,Tablet
4096,2023-05-23,Australia,Organic,Tablet
4097,2023-01-13,USA,"Google Ads",Tablet
4098,2024-06-07,Germany,"Facebook Ads",Tablet
4099,2023-03-30,USA,Organic,Mobile
4100,2024-01-26,Germany,"Google Ads",Mobile
4101,2023-12-04,Australia,Referral,Desktop
4102,2023-12-06,Australia,"Facebook Ads",Mobile
4103,2024-05-24,Canada,"Google Ads",Mobile
4104,2024-03-01,USA,"LinkedIn Ads",Desktop
4105,2023-05-08,India,"Facebook Ads",Tablet
4106,2024-04-10,India,"Facebook Ads",Tablet
4107,2023-10-14,Canada,"LinkedIn Ads",Desktop
4108,2023-08-31,Canada,Organic,Tablet
4109,2023-06-12,India,Referral,Tablet
4110,2023-06-07,India,"Facebook Ads",Tablet
4111,2023-07-23,Australia,Organic,Mobile
4112,2023-05-21,USA,"Google Ads",Tablet
4113,2024-01-19,India,"Facebook Ads",Desktop
4114,2024-05-27,Canada,"Facebook Ads",Mobile
4115,2023-07-28,Canada,Organic,Desktop
4116,2023-10-30,India,"Google Ads",Mobile
4117,2023-09-18,Germany,"Facebook Ads",Mobile
4118,2024-03-07,Canada,"Facebook Ads",Mobile
4119,2023-12-28,India,Organic,Tablet
4120,2023-05-28,Canada,"Google Ads",Mobile
4121,2024-02-10,India,"LinkedIn Ads",Desktop
4122,2024-03-01,Germany,"Google Ads",Desktop
4123,2023-11-25,Canada,Referral,Desktop
4124,2023-11-21,Germany,"Google Ads",Mobile
4125,2023-12-12,UK,Referral,Desktop
4126,2023-09-16,UK,"Facebook Ads",Mobile
4127,2024-06-30,Australia,Organic,Desktop
4128,2023-09-27,Germany,"LinkedIn Ads",Desktop
4129,2023-12-13,USA,"Google Ads",Tablet
4130,2023-02-22,Australia,Organic,Desktop
4131,2023-03-24,UK,Referral,Tablet
4132,2023-05-31,USA,Organic,Desktop
4133,2023-10-20,Germany,"Google Ads",Desktop
4134,2023-05-01,UK,Organic,Tablet
4135,2024-06-07,UK,"Google Ads",Mobile
4136,2023-11-16,UK,"LinkedIn Ads",Tablet
4137,2024-04-01,USA,"Facebook Ads",Mobile
4138,2023-08-23,Canada,Organic,Desktop
4139,2023-12-12,USA,"Google Ads",Tablet
4140,2023-04-02,USA,"Facebook Ads",Desktop
4141,2024-02-26,Australia,Organic,Desktop
4142,2023-06-08,India,Organic,Mobile
4143,2023-04-19,Australia,Referral,Mobile
4144,2023-11-18,USA,Organic,Mobile
4145,2024-02-16,Canada,Organic,Desktop
4146,2023-04-19,India,"Google Ads",Desktop
4147,2023-11-23,Germany,"Facebook Ads",Desktop
4148,2024-02-23,Australia,"LinkedIn Ads",Tablet
4149,2023-11-01,India,Organic,Mobile
4150,2023-07-21,UK,"Google Ads",Mobile
4151,2023-04-12,USA,"Facebook Ads",Tablet
4152,2023-11-18,Canada,Organic,Desktop
4153,2024-03-13,USA,Referral,Desktop
4154,2023-04-03,USA,"Google Ads",Mobile
4155,2023-11-14,UK,"Facebook Ads",Mobile
4156,2023-05-03,India,Organic,Desktop
4157,2023-03-06,USA,"Google Ads",Tablet
4158,2023-12-17,UK,"LinkedIn Ads",Mobile
4159,2023-04-03,USA,Referral,Mobile
4160,2023-07-30,UK,Organic,Tablet
4161,2024-03-16,Germany,Referral,Mobile
4162,2023-12-03,Canada,"Facebook Ads",Mobile
4163,2023-06-06,Germany,"LinkedIn Ads",Mobile
4164,2023-03-30,Australia,"LinkedIn Ads",Desktop
4165,2023-05-16,India,Organic,Desktop
4166,2024-03-12,Australia,"LinkedIn Ads",Tablet
4167,2023-09-27,Canada,"LinkedIn Ads",Desktop
4168,2023-12-21,USA,"LinkedIn Ads",Mobile
4169,2024-04-08,Australia,Organic,Mobile
4170,2024-05-24,USA,"Google Ads",Desktop
4171,2024-04-04,Canada,"Google Ads",Mobile
4172,2024-05-26,Australia,Organic,Desktop
4173,2023-09-30,USA,"Facebook Ads",Mobile
4174,2023-12-19,India,"Facebook Ads",Desktop
4175,2023-08-03,Germany,"Google Ads",Tablet
4176,2023-09-11,India,"LinkedIn Ads",Tablet
4177,2023-09-07,UK,"Facebook Ads",Mobile
4178,2023-09-13,Canada,"Facebook Ads",Tablet
4179,2024-04-09,Canada,"Google Ads",Mobile
4180,2023-05-28,UK,Referral,Mobile
4181,2024-03-12,Canada,Organic,Desktop
4182,2023-04-08,Canada,Organic,Tablet
4183,2023-09-28,India,Organic,Desktop
4184,2023-02-06,Canada,"LinkedIn Ads",Desktop
4185,2023-04-19,Australia,"Google Ads",Mobile
4186,2024-03-27,Australia,Organic,Desktop
4187,2023-03-01,Germany,"Facebook Ads",Tablet
4188,2023-07-18,Canada,Referral,Tablet
4189,2023-03-04,Germany,"Facebook Ads",Mobile
4190,2024-04-24,India,Referral,Desktop
4191,2023-03-09,Germany,Organic,Desktop
4192,2023-10-20,USA,"Facebook Ads",Desktop
4193,2024-06-27,Canada,"Facebook Ads",Desktop
4194,2024-02-05,Germany,Organic,Mobile
4195,2023-03-16,USA,"Google Ads",Desktop
4196,2024-03-23,India,Referral,Desktop
4197,2023-03-08,Australia,Referral,Desktop
4198,2024-01-01,Australia,"Google Ads",Mobile
4199,2024-06-16,Canada,"Facebook Ads",Desktop
4200,2023-09-23,UK,Referral,Desktop
4201,2023-03-27,USA,Referral,Mobile
4202,2023-06-09,USA,"Google Ads",Mobile
4203,2023-10-28,UK,"Google Ads",Tablet
4204,2024-06-03,Australia,"Google Ads",Desktop
4205,2023-03-04,India,Referral,Desktop
4206,2023-03-29,UK,"LinkedIn Ads",Mobile
4207,2023-03-02,India,"Facebook Ads",Mobile
4208,2024-06-09,USA,"LinkedIn Ads",Mobile
4209,2024-03-26,Australia,Organic,Desktop
4210,2024-03-28,India,Organic,Mobile
4211,2023-07-24,India,"Google Ads",Desktop
4212,2023-05-06,USA,Organic,Mobile
4213,2024-05-08,Australia,"Facebook Ads",Mobile
4214,2023-03-07,Canada,Organic,Desktop
4215,2024-01-20,UK,Organic,Mobile
4216,2023-02-19,Canada,"Google Ads",Mobile
4217,2023-11-14,Canada,"Google Ads",Desktop
4218,2023-05-07,UK,"LinkedIn Ads",Desktop
4219,2023-02-04,Canada,Referral,Mobile
4220,2024-04-27,USA,"Google Ads",Desktop
4221,2024-06-02,UK,Organic,Desktop
4222,2023-07-07,USA,"Facebook Ads",Mobile
4223,2024-06-14,India,"Facebook Ads",Mobile
4224,2023-08-22,UK,Organic,Mobile
4225,2024-03-27,India,Organic,Mobile
4226,2023-12-25,UK,"LinkedIn Ads",Tablet
4227,2023-10-15,UK,"LinkedIn Ads",Desktop
4228,2024-03-27,Germany,Referral,Tablet
4229,2024-01-17,India,"LinkedIn Ads",Tablet
4230,2024-03-08,Canada,"Google Ads",Tablet
4231,2023-02-10,UK,"Google Ads",Desktop
4232,2024-04-01,UK,Referral,Tablet
4233,2023-05-03,USA,Organic,Desktop
4234,2024-04-13,UK,"Google Ads",Desktop
4235,2023-08-23,UK,"Facebook Ads",Mobile
4236,2024-01-28,India,Organic,Tablet
4237,2024-02-02,Canada,"Google Ads",Tablet
4238,2023-01-31,Canada,"LinkedIn Ads",Mobile
4239,2023-11-29,UK,"LinkedIn Ads",Desktop
4240,2023-03-15,Australia,Organic,Desktop
4241,2023-05-24,Germany,"Google Ads",Tablet
4242,2023-06-23,India,Organic,Desktop
4243,2024-05-13,India,"Facebook Ads",Tablet
4244,2023-05-20,India,"Google Ads",Desktop
4245,2023-12-02,Canada,"Google Ads",Desktop
4246,2023-10-16,USA,"Facebook Ads",Tablet
4247,2023-09-19,Australia,"LinkedIn Ads",Mobile
4248,2023-11-04,Australia,"Google Ads",Tablet
4249,2023-05-23,Germany,Organic,Mobile
4250,2023-03-17,Germany,Organic,Mobile
4251,2024-05-11,Canada,"LinkedIn Ads",Tablet
4252,2024-05-19,Germany,"LinkedIn Ads",Desktop
4253,2024-04-27,India,"LinkedIn Ads",Desktop
4254,2024-01-23,UK,Organic,Desktop
4255,2024-06-29,India,"Google Ads",Tablet
4256,2024-04-12,USA,"LinkedIn Ads",Tablet
4257,2023-03-05,Australia,"Facebook Ads",Mobile
4258,2024-03-05,Canada,"LinkedIn Ads",Desktop
4259,2023-04-17,Germany,Organic,Mobile
4260,2023-12-24,USA,"Google Ads",Desktop
4261,2023-04-26,Australia,"LinkedIn Ads",Mobile
4262,2023-04-12,India,Referral,Desktop
4263,2024-06-21,USA,"LinkedIn Ads",Desktop
4264,2024-02-29,UK,"Google Ads",Desktop
4265,2024-05-24,USA,"LinkedIn Ads",Mobile
4266,2023-11-19,Canada,Organic,Tablet
4267,2023-02-07,Germany,"Facebook Ads",Mobile
4268,2024-02-17,UK,Organic,Tablet
4269,2023-06-27,USA,"Google Ads",Desktop
4270,2023-03-19,UK,Organic,Desktop
4271,2023-05-16,Germany,"Facebook Ads",Tablet
4272,2023-09-17,Australia,Referral,Tablet
4273,2023-07-01,Germany,Referral,Tablet
4274,2024-04-26,Germany,"Facebook Ads",Desktop
4275,2024-06-03,India,"LinkedIn Ads",Desktop
4276,2023-02-27,Germany,Organic,Desktop
4277,2023-01-22,Germany,"Google Ads",Mobile
4278,2024-01-29,Germany,Organic,Desktop
4279,2023-07-02,India,"Facebook Ads",Desktop
4280,2023-12-24,Canada,"Google Ads",Tablet
4281,2023-07-08,Germany,Referral,Mobile
4282,2024-03-28,Canada,"Facebook Ads",Mobile
4283,2023-02-20,USA,"LinkedIn Ads",Desktop
4284,2024-06-16,India,"LinkedIn Ads",Tablet
4285,2023-03-14,UK,"LinkedIn Ads",Tablet
4286,2023-05-31,UK,Referral,Desktop
4287,2024-04-20,Germany,"Facebook Ads",Mobile
4288,2023-03-16,Australia,Organic,Tablet
4289,2023-09-11,USA,Referral,Tablet
4290,2024-06-29,USA,"Google Ads",Mobile
4291,2024-06-24,USA,"Google Ads",Desktop
4292,2024-03-07,India,"LinkedIn Ads",Desktop
4293,2023-02-13,Germany,"Facebook Ads",Mobile
4294,2023-12-05,UK,"LinkedIn Ads",Desktop
4295,2023-03-17,Canada,"Google Ads",Desktop
4296,2023-01-28,Germany,Organic,Tablet
4297,2024-04-17,USA,"LinkedIn Ads",Tablet
4298,2023-09-29,Germany,"Google Ads",Tablet
4299,2023-10-17,USA,Organic,Mobile
4300,2023-11-15,Canada,"Google Ads",Mobile
4301,2023-08-28,India,"LinkedIn Ads",Mobile
4302,2023-12-21,India,"LinkedIn Ads",Tablet
4303,2024-06-13,Australia,Organic,Tablet
4304,2023-03-04,Australia,Organic,Desktop
4305,2023-03-31,UK,"Facebook Ads",Desktop
4306,2023-11-05,India,Referral,Desktop
4307,2023-02-05,Canada,Referral,Mobile
4308,2023-05-24,UK,"LinkedIn Ads",Desktop
4309,2023-02-28,India,"Google Ads",Tablet
4310,2023-05-02,India,"Google Ads",Mobile
4311,2024-03-18,Australia,Referral,Mobile
4312,2023-09-05,USA,"Google Ads",Mobile
4313,2023-11-09,Australia,Organic,Desktop
4314,2023-04-20,Australia,"Google Ads",Desktop
4315,2024-04-17,Germany,Referral,Mobile
4316,2024-01-13,Australia,"Google Ads",Mobile
4317,2024-04-01,India,"Facebook Ads",Desktop
4318,2024-03-27,Germany,"Facebook Ads",Mobile
4319,2023-01-11,UK,"Google Ads",Tablet
4320,2024-03-20,UK,"Facebook Ads",Tablet
4321,2023-08-30,USA,Organic,Mobile
4322,2023-08-31,UK,"Facebook Ads",Mobile
4323,2023-10-24,Germany,"Google Ads",Mobile
4324,2023-09-08,Germany,"Facebook Ads",Desktop
4325,2023-12-27,India,Referral,Desktop
4326,2024-06-25,UK,"LinkedIn Ads",Mobile
4327,2024-05-25,India,"LinkedIn Ads",Desktop
4328,2023-12-14,UK,Referral,Desktop
4329,2024-04-02,India,"Google Ads",Tablet
4330,2024-01-19,USA,Organic,Tablet
4331,2024-02-21,Germany,Referral,Desktop
4332,2023-07-14,Canada,"Facebook Ads",Desktop
4333,2024-04-08,UK,"Google Ads",Desktop
4334,2023-08-21,Germany,Organic,Mobile
4335,2023-07-02,Australia,"LinkedIn Ads",Desktop
4336,2023-04-12,Germany,"Google Ads",Desktop
4337,2023-01-31,Australia,"Facebook Ads",Tablet
4338,2023-06-07,USA,Organic,Desktop
4339,2023-07-28,USA,Organic,Tablet
4340,2024-04-11,Canada,"Google Ads",Mobile
4341,2024-03-21,Australia,"LinkedIn Ads",Desktop
4342,2024-01-17,UK,"Facebook Ads",Tablet
4343,2023-02-05,USA,Organic,Tablet
4344,2024-05-25,UK,Referral,Mobile
4345,2024-05-06,India,Referral,Desktop
4346,2023-06-21,Canada,"LinkedIn Ads",Mobile
4347,2023-02-08,Canada,"Facebook Ads",Tablet
4348,2024-06-27,USA,"Google Ads",Mobile
4349,2024-04-05,India,"LinkedIn Ads",Desktop
4350,2023-02-23,USA,"Google Ads",Desktop
4351,2024-03-05,Canada,"LinkedIn Ads",Mobile
4352,2023-10-02,Germany,Organic,Mobile
4353,2023-09-06,UK,Referral,Desktop
4354,2023-06-15,USA,Organic,Tablet
4355,2023-12-13,Canada,"Google Ads",Tablet
4356,2023-03-04,Germany,Organic,Tablet
4357,2024-05-19,Canada,Referral,Tablet
4358,2024-01-01,India,"Facebook Ads",Tablet
4359,2023-08-15,India,Referral,Desktop
4360,2023-06-24,USA,"LinkedIn Ads",Desktop
4361,2023-11-07,Canada,"Google Ads",Tablet
4362,2023-11-07,Australia,"Facebook Ads",Tablet
4363,2024-03-19,India,Referral,Mobile
4364,2024-05-19,Canada,"LinkedIn Ads",Tablet
4365,2024-02-14,Canada,Organic,Desktop
4366,2024-02-28,USA,"LinkedIn Ads",Tablet
4367,2023-07-27,Germany,Organic,Tablet
4368,2024-01-12,India,"LinkedIn Ads",Tablet
4369,2024-04-12,Canada,"Google Ads",Desktop
4370,2023-09-03,Canada,"Google Ads",Tablet
4371,2024-03-03,Australia,"LinkedIn Ads",Mobile
4372,2023-05-31,Australia,"Google Ads",Mobile
4373,2023-03-26,USA,"Google Ads",Tablet
4374,2023-08-09,UK,"Google Ads",Desktop
4375,2023-09-21,Germany,Organic,Desktop
4376,2023-05-29,Canada,"Google Ads",Mobile
4377,2023-12-11,USA,"Facebook Ads",Tablet
4378,2023-05-01,Germany,"Google Ads",Tablet
4379,2023-08-21,Canada,Referral,Mobile
4380,2023-09-23,UK,"Google Ads",Tablet
4381,2023-03-01,India,Organic,Tablet
4382,2023-02-24,Canada,Organic,Tablet
4383,2023-08-08,USA,Referral,Desktop
4384,2024-03-02,USA,"LinkedIn Ads",Tablet
4385,2023-04-12,Australia,Organic,Tablet
4386,2023-04-14,Australia,Organic,Mobile
4387,2023-05-21,UK,Referral,Desktop
4388,2023-12-04,Australia,Organic,Tablet
4389,2024-04-05,Canada,"Google Ads",Mobile
4390,2023-07-22,Australia,"Google Ads",Mobile
4391,2023-02-03,Australia,"Google Ads",Mobile
4392,2024-06-03,Germany,"LinkedIn Ads",Tablet
4393,2024-06-06,India,"Facebook Ads",Tablet
4394,2024-06-08,Germany,Referral,Desktop
4395,2024-03-14,Canada,"Facebook Ads",Tablet
4396,2024-05-28,India,Organic,Mobile
4397,2024-02-22,Australia,"LinkedIn Ads",Tablet
4398,2023-12-07,USA,"Facebook Ads",Mobile
4399,2023-07-09,India,Referral,Tablet
4400,2023-10-29,UK,"LinkedIn Ads",Mobile
4401,2023-08-20,Canada,"LinkedIn Ads",Tablet
4402,2023-06-01,Australia,"Facebook Ads",Mobile
4403,2023-01-30,USA,Referral,Desktop
4404,2024-01-22,USA,Referral,Mobile
4405,2024-06-30,USA,"Google Ads",Desktop
4406,2023-08-02,Canada,"LinkedIn Ads",Desktop
4407,2023-07-26,USA,Referral,Tablet
4408,2024-02-09,Australia,"Facebook Ads",Mobile
4409,2024-01-17,USA,Organic,Mobile
4410,2023-07-15,India,"LinkedIn Ads",Tablet
4411,2024-04-17,Germany,"LinkedIn Ads",Mobile
4412,2023-06-15,Germany,"LinkedIn Ads",Mobile
4413,2024-04-16,India,Organic,Tablet
4414,2024-06-07,India,"Google Ads",Mobile
4415,2023-10-22,Canada,Organic,Tablet
4416,2024-06-20,USA,Organic,Mobile
4417,2024-05-27,India,"Google Ads",Tablet
4418,2024-01-04,Canada,Organic,Mobile
4419,2023-07-05,Germany,Organic,Mobile
4420,2024-04-05,India,Referral,Desktop
4421,2023-04-18,India,"Google Ads",Mobile
4422,2023-09-11,USA,"Facebook Ads",Desktop
4423,2024-06-08,India,"Google Ads",Tablet
4424,2023-07-16,Germany,Referral,Mobile
4425,2023-08-11,USA,"LinkedIn Ads",Mobile
4426,2023-03-30,Australia,Organic,Desktop
4427,2023-06-20,UK,Organic,Tablet
4428,2023-07-12,USA,Organic,Mobile
4429,2023-12-08,Germany,"Google Ads",Desktop
4430,2023-02-12,Canada,Organic,Mobile
4431,2023-02-14,Germany,"Google Ads",Desktop
4432,2023-10-17,Australia,"Google Ads",Mobile
4433,2024-05-24,USA,Referral,Mobile
4434,2024-03-15,Australia,Referral,Mobile
4435,2023-03-15,USA,Organic,Mobile
4436,2024-04-03,India,Organic,Mobile
4437,2023-01-30,Canada,Referral,Mobile
4438,2024-06-13,India,Organic,Tablet
4439,2024-04-17,Australia,"Google Ads",Mobile
4440,2024-02-02,Germany,Organic,Tablet
4441,2023-04-14,USA,Referral,Mobile
4442,2023-09-26,India,Referral,Desktop
4443,2023-12-12,Germany,Referral,Mobile
4444,2023-07-22,Australia,"Facebook Ads",Tablet
4445,2023-09-10,Canada,"Google Ads",Mobile
4446,2023-04-27,UK,"Facebook Ads",Desktop
4447,2024-06-25,India,Referral,Mobile
4448,2024-01-03,USA,Organic,Desktop
4449,2024-01-10,USA,Referral,Desktop
4450,2023-04-23,UK,"LinkedIn Ads",Tablet
4451,2023-08-18,USA,Referral,Tablet
4452,2024-01-25,UK,"Google Ads",Desktop
4453,2024-04-10,UK,"Google Ads",Tablet
4454,2024-03-27,India,Referral,Desktop
4455,2023-07-16,India,Referral,Mobile
4456,2023-09-08,USA,"Google Ads",Desktop
4457,2023-08-12,Germany,"LinkedIn Ads",Tablet
4458,2024-06-26,India,Referral,Mobile
4459,2023-04-09,India,Referral,Tablet
4460,2024-06-13,Australia,Referral,Mobile
4461,2023-02-22,India,"LinkedIn Ads",Mobile
4462,2023-05-26,Australia,Referral,Mobile
4463,2023-12-21,Germany,"LinkedIn Ads",Tablet
4464,2023-03-10,India,Referral,Mobile
4465,2023-05-11,Australia,"Facebook Ads",Desktop
4466,2024-02-27,USA,"Facebook Ads",Desktop
4467,2023-10-13,Australia,Referral,Mobile
4468,2023-11-24,UK,"Google Ads",Tablet
4469,2024-01-03,India,"Facebook Ads",Mobile
4470,2023-12-17,India,"LinkedIn Ads",Tablet
4471,2024-03-03,India,"LinkedIn Ads",Desktop
4472,2023-06-08,India,"Google Ads",Tablet
4473,2023-02-07,USA,"Google Ads",Mobile
4474,2024-01-05,Germany,"LinkedIn Ads",Desktop
4475,2023-02-24,USA,Referral,Tablet
4476,2024-04-03,Australia,Organic,Mobile
4477,2023-12-26,USA,"Facebook Ads",Mobile
4478,2023-02-18,UK,"Google Ads",Desktop
4479,2024-02-24,Canada,Referral,Desktop
4480,2023-07-07,India,Referral,Tablet
4481,2023-11-23,Germany,Organic,Mobile
4482,2023-05-28,Germany,Referral,Desktop
4483,2024-02-29,USA,"LinkedIn Ads",Tablet
4484,2023-03-17,USA,"Google Ads",Mobile
4485,2024-03-06,Canada,"Google Ads",Desktop
4486,2024-06-10,UK,Organic,Mobile
4487,2023-12-02,USA,"Google Ads",Desktop
4488,2024-02-05,Australia,"Facebook Ads",Mobile
4489,2024-06-05,India,"Facebook Ads",Mobile
4490,2023-08-08,Germany,Referral,Mobile
4491,2023-05-31,USA,Organic,Desktop
4492,2024-05-20,UK,Referral,Mobile
4493,2023-02-08,Australia,"LinkedIn Ads",Mobile
4494,2024-06-10,USA,"Facebook Ads",Mobile
4495,2023-08-27,Germany,"Facebook Ads",Tablet
4496,2023-09-07,India,Organic,Tablet
4497,2024-05-19,India,"Google Ads",Desktop
4498,2023-05-11,Germany,Referral,Mobile
4499,2023-07-01,India,Organic,Desktop
4500,2023-04-03,Germany,Referral,Tablet
4501,2023-08-08,India,"Facebook Ads",Mobile
4502,2023-05-24,UK,"Google Ads",Desktop
4503,2024-01-19,Australia,"Facebook Ads",Mobile
4504,2023-10-21,Canada,Organic,Desktop
4505,2023-12-08,Australia,"Google Ads",Tablet
4506,2024-04-12,UK,"LinkedIn Ads",Mobile
4507,2024-05-13,UK,Organic,Mobile
4508,2024-06-01,India,"Google Ads",Desktop
4509,2023-01-24,USA,"Facebook Ads",Tablet
4510,2023-02-20,UK,"Facebook Ads",Tablet
4511,2024-06-13,Canada,"Facebook Ads",Desktop
4512,2023-07-24,Australia,"Facebook Ads",Mobile
4513,2024-03-25,Canada,"Google Ads",Mobile
4514,2023-08-13,Germany,"Google Ads",Desktop
4515,2023-06-10,UK,Referral,Tablet
4516,2024-05-09,India,"LinkedIn Ads",Tablet
4517,2023-04-12,UK,Referral,Desktop
4518,2023-03-03,Canada,Organic,Mobile
4519,2023-12-25,UK,Organic,Mobile
4520,2023-12-27,USA,"Google Ads",Mobile
4521,2023-09-22,UK,"Facebook Ads",Desktop
4522,2024-05-20,UK,"Facebook Ads",Desktop
4523,2024-06-24,USA,"Google Ads",Desktop
4524,2024-02-06,Germany,"Facebook Ads",Mobile
4525,2023-08-27,India,Organic,Tablet
4526,2023-03-30,UK,Referral,Tablet
4527,2023-02-19,USA,Organic,Mobile
4528,2024-03-03,UK,"Google Ads",Mobile
4529,2023-12-27,India,"Facebook Ads",Tablet
4530,2023-01-11,UK,Organic,Tablet
4531,2024-03-28,Germany,"Facebook Ads",Tablet
4532,2023-06-12,Canada,"LinkedIn Ads",Desktop
4533,2023-05-08,UK,Referral,Tablet
4534,2023-02-26,India,Referral,Mobile
4535,2024-04-26,USA,"LinkedIn Ads",Desktop
4536,2023-09-12,Australia,Organic,Desktop
4537,2023-03-25,UK,"LinkedIn Ads",Desktop
4538,2023-02-10,Canada,"Google Ads",Tablet
4539,2023-02-12,Canada,"Google Ads",Tablet
4540,2024-04-30,Australia,Organic,Desktop
4541,2023-12-13,Australia,"LinkedIn Ads",Mobile
4542,2023-01-30,India,"Facebook Ads",Desktop
4543,2024-04-22,UK,"LinkedIn Ads",Tablet
4544,2024-03-27,Germany,"Facebook Ads",Tablet
4545,2023-03-25,Canada,"Google Ads",Tablet
4546,2024-03-22,USA,"Google Ads",Mobile
4547,2024-01-07,Canada,Referral,Mobile
4548,2023-08-02,UK,"LinkedIn Ads",Desktop
4549,2023-03-05,Australia,Organic,Desktop
4550,2024-02-03,India,"Facebook Ads",Desktop
4551,2024-02-29,Canada,Referral,Tablet
4552,2024-03-24,India,Referral,Desktop
4553,2023-02-08,India,Organic,Tablet
4554,2024-02-08,Canada,"LinkedIn Ads",Desktop
4555,2023-07-30,Germany,Referral,Tablet
4556,2023-02-02,Germany,"LinkedIn Ads",Tablet
4557,2024-05-14,India,"Google Ads",Desktop
4558,2023-07-12,UK,"Google Ads",Desktop
4559,2024-03-28,Canada,Organic,Tablet
4560,2023-02-15,Canada,"LinkedIn Ads",Desktop
4561,2023-03-21,USA,Referral,Desktop
4562,2023-11-04,India,"Google Ads",Tablet
4563,2023-10-19,Canada,"Google Ads",Mobile
4564,2024-03-31,Canada,"Facebook Ads",Mobile
4565,2023-01-11,UK,Referral,Tablet
4566,2023-05-29,Germany,"Google Ads",Mobile
4567,2023-12-27,Germany,"Facebook Ads",Mobile
4568,2024-02-14,UK,"Facebook Ads",Desktop
4569,2024-03-16,Canada,"Facebook Ads",Tablet
4570,2024-02-21,India,"LinkedIn Ads",Tablet
4571,2024-06-22,India,"LinkedIn Ads",Tablet
4572,2024-04-16,USA,"Facebook Ads",Desktop
4573,2024-05-09,UK,"LinkedIn Ads",Mobile
4574,2023-01-14,Germany,Organic,Tablet
4575,2024-06-18,UK,"LinkedIn Ads",Mobile
4576,2024-03-17,Australia,Referral,Desktop
4577,2023-03-30,UK,Referral,Mobile
4578,2023-05-16,Germany,"LinkedIn Ads",Mobile
4579,2023-03-31,USA,Organic,Desktop
4580,2024-02-14,Australia,Organic,Desktop
4581,2023-03-03,Australia,"Facebook Ads",Tablet
4582,2024-05-25,USA,"Google Ads",Desktop
4583,2024-01-01,Germany,Organic,Tablet
4584,2023-11-10,Germany,Referral,Tablet
4585,2023-02-09,USA,"LinkedIn Ads",Mobile
4586,2024-01-24,Australia,"Facebook Ads",Mobile
4587,2023-11-18,India,Organic,Tablet
4588,2023-08-22,Germany,Referral,Desktop
4589,2023-01-30,India,Referral,Mobile
4590,2023-12-13,USA,"Google Ads",Desktop
4591,2023-09-25,Germany,"Google Ads",Tablet
4592,2023-06-12,UK,"LinkedIn Ads",Mobile
4593,2023-12-04,UK,"LinkedIn Ads",Mobile
4594,2024-01-26,Australia,"LinkedIn Ads",Tablet
4595,2024-04-26,Germany,"Google Ads",Tablet
4596,2023-07-05,Germany,Organic,Tablet
4597,2024-06-22,Canada,Referral,Tablet
4598,2024-01-04,India,Referral,Tablet
4599,2024-05-06,Germany,"LinkedIn Ads",Tablet
4600,2024-04-11,Australia,"Facebook Ads",Mobile
4601,2023-06-08,USA,"Google Ads",Tablet
4602,2024-05-29,Australia,"Facebook Ads",Mobile
4603,2024-05-10,India,"LinkedIn Ads",Mobile
4604,2023-06-06,USA,Referral,Tablet
4605,2023-05-13,India,"Facebook Ads",Tablet
4606,2023-11-01,Australia,"Facebook Ads",Tablet
4607,2024-06-10,Australia,"LinkedIn Ads",Desktop
4608,2023-03-12,UK,"Google Ads",Desktop
4609,2023-05-22,USA,Referral,Mobile
4610,2023-10-04,UK,Organic,Tablet
4611,2023-10-10,Germany,Referral,Desktop
4612,2023-06-14,Australia,Referral,Mobile
4613,2023-10-11,Australia,"Facebook Ads",Mobile
4614,2024-04-07,Canada,"Google Ads",Tablet
4615,2024-04-10,USA,"LinkedIn Ads",Mobile
4616,2023-03-26,UK,Organic,Desktop
4617,2024-03-18,Australia,"Google Ads",Mobile
4618,2024-04-27,Canada,"Google Ads",Tablet
4619,2023-07-26,Canada,"LinkedIn Ads",Desktop
4620,2023-07-13,India,"Facebook Ads",Desktop
4621,2024-04-07,Australia,"Google Ads",Tablet
4622,2023-04-19,Australia,"Google Ads",Desktop
4623,2024-05-19,UK,"Google Ads",Tablet
4624,2024-04-30,Australia,"Facebook Ads",Tablet
4625,2024-04-26,UK,Organic,Tablet
4626,2023-08-26,India,"LinkedIn Ads",Tablet
4627,2023-05-09,Australia,"Google Ads",Tablet
4628,2024-02-10,Germany,"Google Ads",Tablet
4629,2023-07-25,Australia,Referral,Tablet
4630,2023-06-04,Australia,"Facebook Ads",Mobile
4631,2023-02-24,USA,"LinkedIn Ads",Mobile
4632,2023-05-04,USA,Organic,Desktop
4633,2024-06-21,India,"Google Ads",Tablet
4634,2023-12-26,UK,"LinkedIn Ads",Desktop
4635,2023-04-24,Canada,Organic,Tablet
4636,2024-06-25,India,Referral,Desktop
4637,2024-01-17,Germany,"LinkedIn Ads",Tablet
4638,2023-08-03,UK,Organic,Mobile
4639,2024-03-03,Canada,"Facebook Ads",Desktop
4640,2023-08-15,India,"LinkedIn Ads",Desktop
4641,2023-09-20,Germany,"Facebook Ads",Desktop
4642,2023-12-31,Australia,"Google Ads",Desktop
4643,2024-06-15,Canada,"Facebook Ads",Desktop
4644,2023-03-19,India,"LinkedIn Ads",Mobile
4645,2024-03-02,UK,Referral,Tablet
4646,2023-06-05,UK,"Facebook Ads",Desktop
4647,2023-05-30,USA,"LinkedIn Ads",Desktop
4648,2024-05-21,Germany,Organic,Mobile
4649,2023-09-05,Germany,"Google Ads",Desktop
4650,2023-01-26,Australia,Referral,Tablet
4651,2023-08-14,Germany,Organic,Tablet
4652,2023-02-16,UK,"Facebook Ads",Desktop
4653,2023-04-20,Germany,Organic,Mobile
4654,2023-10-23,USA,"Facebook Ads",Tablet
4655,2023-03-01,Australia,"LinkedIn Ads",Desktop
4656,2024-02-16,Australia,"Facebook Ads",Tablet
4657,2024-02-11,Germany,Organic,Desktop
4658,2023-10-09,USA,"LinkedIn Ads",Desktop
4659,2024-04-29,Australia,Referral,Mobile
4660,2023-08-19,Canada,Organic,Desktop
4661,2023-11-19,UK,"LinkedIn Ads",Tablet
4662,2023-03-03,Germany,"Google Ads",Tablet
4663,2023-12-25,India,"Facebook Ads",Mobile
4664,2024-03-30,Australia,Referral,Tablet
4665,2024-06-09,India,"Google Ads",Tablet
4666,2023-09-09,Australia,"Google Ads",Desktop
4667,2023-09-12,UK,Organic,Desktop
4668,2023-11-09,USA,Organic,Tablet
4669,2024-04-03,India,Referral,Mobile
4670,2023-02-11,India,Referral,Mobile
4671,2023-04-08,Germany,Organic,Desktop
4672,2023-06-28,India,Referral,Mobile
4673,2023-02-01,Germany,"LinkedIn Ads",Desktop
4674,2024-02-25,Canada,"Google Ads",Desktop
4675,2023-07-23,Australia,Referral,Mobile
4676,2024-03-23,USA,Referral,Tablet
4677,2024-04-27,India,Referral,Mobile
4678,2023-08-31,Germany,"LinkedIn Ads",Mobile
4679,2023-02-07,India,"Facebook Ads",Desktop
4680,2023-09-12,USA,Organic,Mobile
4681,2024-05-21,Germany,"Facebook Ads",Tablet
4682,2023-08-06,Australia,Referral,Desktop
4683,2024-06-02,Canada,"Google Ads",Mobile
4684,2023-07-08,India,"Facebook Ads",Tablet
4685,2023-11-26,Canada,"LinkedIn Ads",Mobile
4686,2023-08-20,USA,Organic,Desktop
4687,2024-04-07,Australia,"Google Ads",Mobile
4688,2024-01-14,USA,"Facebook Ads",Mobile
4689,2023-07-20,UK,Organic,Mobile
4690,2024-03-09,Australia,"Google Ads",Mobile
4691,2024-04-27,USA,"LinkedIn Ads",Tablet
4692,2024-05-20,USA,Organic,Desktop
4693,2024-03-01,Australia,"Google Ads",Desktop
4694,2024-03-16,USA,Organic,Mobile
4695,2023-11-12,UK,"Facebook Ads",Desktop
4696,2023-04-13,Germany,Referral,Mobile
4697,2024-06-25,Australia,"LinkedIn Ads",Desktop
4698,2024-04-15,Canada,Referral,Mobile
4699,2024-01-26,Germany,Referral,Mobile
4700,2023-09-24,USA,"Facebook Ads",Tablet
4701,2024-04-10,UK,Organic,Tablet
4702,2023-03-07,Germany,"Facebook Ads",Tablet
4703,2024-06-05,Canada,"Facebook Ads",Mobile
4704,2023-10-06,USA,Referral,Tablet
4705,2024-05-31,Canada,"Facebook Ads",Desktop
4706,2023-01-17,Germany,"LinkedIn Ads",Desktop
4707,2023-08-03,Canada,"LinkedIn Ads",Mobile
4708,2024-03-27,UK,"Facebook Ads",Desktop
4709,2024-06-02,India,"LinkedIn Ads",Tablet
4710,2023-11-04,Australia,Organic,Desktop
4711,2023-02-01,India,"Facebook Ads",Mobile
4712,2023-03-28,Germany,"Facebook Ads",Mobile
4713,2024-03-04,UK,"Google Ads",Tablet
4714,2023-12-17,Canada,"Facebook Ads",Desktop
4715,2023-10-04,India,Organic,Desktop
4716,2023-06-27,UK,"LinkedIn Ads",Desktop
4717,2023-08-01,USA,Organic,Mobile
4718,2024-05-04,Canada,"Google Ads",Mobile
4719,2023-10-04,UK,Organic,Tablet
4720,2023-11-17,Australia,"Facebook Ads",Mobile
4721,2023-04-17,Australia,Organic,Tablet
4722,2023-02-26,USA,"Google Ads",Tablet
4723,2024-05-15,USA,Referral,Tablet
4724,2023-04-13,India,"Facebook Ads",Tablet
4725,2023-06-08,Australia,Organic,Mobile
4726,2024-01-14,UK,"Google Ads",Desktop
4727,2023-06-03,Germany,"LinkedIn Ads",Desktop
4728,2023-09-06,Germany,Referral,Desktop
4729,2023-10-14,USA,"Google Ads",Mobile
4730,2024-04-30,Germany,"Facebook Ads",Mobile
4731,2023-09-20,Germany,"Google Ads",Desktop
4732,2023-04-11,Germany,"Facebook Ads",Desktop
4733,2023-06-16,India,"Facebook Ads",Desktop
4734,2023-08-08,India,"Facebook Ads",Desktop
4735,2024-04-16,USA,"LinkedIn Ads",Desktop
4736,2023-05-05,Canada,Referral,Tablet
4737,2024-05-02,India,"Google Ads",Desktop
4738,2023-07-05,India,Referral,Tablet
4739,2023-03-20,Australia,"Google Ads",Tablet
4740,2024-05-22,Canada,"Google Ads",Mobile
4741,2023-03-26,Australia,Organic,Desktop
4742,2023-07-19,UK,Organic,Desktop
4743,2023-04-20,UK,Referral,Desktop
4744,2023-12-31,Germany,Referral,Desktop
4745,2023-02-28,USA,"LinkedIn Ads",Desktop
4746,2023-03-21,Australia,Organic,Desktop
4747,2023-09-25,USA,Referral,Tablet
4748,2024-04-26,Germany,"Google Ads",Mobile
4749,2023-02-17,UK,"Facebook Ads",Desktop
4750,2023-04-24,Germany,Organic,Mobile
4751,2023-01-13,UK,"Google Ads",Mobile
4752,2023-10-21,India,Organic,Desktop
4753,2023-04-23,Germany,Organic,Desktop
4754,2023-05-12,Canada,"Facebook Ads",Desktop
4755,2023-08-03,Canada,"Google Ads",Tablet
4756,2024-04-16,Australia,"LinkedIn Ads",Mobile
4757,2023-04-22,India,"LinkedIn Ads",Desktop
4758,2023-08-28,Australia,"Google Ads",Mobile
4759,2024-01-04,Canada,"Google Ads",Tablet
4760,2023-03-10,USA,"Facebook Ads",Tablet
4761,2024-02-19,UK,Referral,Desktop
4762,2023-11-24,India,Referral,Tablet
4763,2023-02-08,Canada,"LinkedIn Ads",Tablet
4764,2023-08-11,UK,"Facebook Ads",Mobile
4765,2023-11-17,Germany,Referral,Desktop
4766,2024-01-29,UK,"Google Ads",Desktop
4767,2023-08-13,USA,"Facebook Ads",Tablet
4768,2024-02-08,Australia,"Facebook Ads",Desktop
4769,2024-02-07,Australia,"Facebook Ads",Desktop
4770,2023-11-05,India,"LinkedIn Ads",Mobile
4771,2023-02-18,UK,"Facebook Ads",Mobile
4772,2023-10-23,Australia,Organic,Desktop
4773,2023-03-21,Germany,"Facebook Ads",Tablet
4774,2023-05-18,Canada,"LinkedIn Ads",Tablet
4775,2024-03-06,USA,Referral,Mobile
4776,2023-02-15,UK,Referral,Desktop
4777,2024-04-16,Germany,Organic,Mobile
4778,2023-03-22,UK,"LinkedIn Ads",Tablet
4779,2023-06-13,USA,Organic,Desktop
4780,2023-11-06,USA,"LinkedIn Ads",Desktop
4781,2023-11-04,USA,"Google Ads",Mobile
4782,2023-05-08,USA,Organic,Mobile
4783,2024-06-28,Germany,"Google Ads",Desktop
4784,2023-12-30,Germany,"Facebook Ads",Mobile
4785,2023-08-04,Australia,"LinkedIn Ads",Mobile
4786,2024-05-09,USA,Organic,Mobile
4787,2024-01-30,India,"Google Ads",Desktop
4788,2023-12-08,UK,"Facebook Ads",Tablet
4789,2024-04-08,USA,"Facebook Ads",Desktop
4790,2023-05-29,Germany,Referral,Tablet
4791,2024-05-01,USA,"LinkedIn Ads",Desktop
4792,2023-07-09,India,"Facebook Ads",Mobile
4793,2023-07-14,Germany,"Google Ads",Tablet
4794,2023-09-27,India,Organic,Mobile
4795,2023-04-22,Germany,"Facebook Ads",Tablet
4796,2024-05-15,USA,"LinkedIn Ads",Mobile
4797,2023-09-25,Australia,"Facebook Ads",Mobile
4798,2024-03-13,UK,"Facebook Ads",Mobile
4799,2023-05-07,Australia,"Facebook Ads",Desktop
4800,2023-11-16,UK,"LinkedIn Ads",Mobile
4801,2024-06-30,UK,"LinkedIn Ads",Mobile
4802,2023-11-07,Canada,"Facebook Ads",Desktop
4803,2023-11-17,USA,Referral,Mobile
4804,2023-01-11,Australia,"LinkedIn Ads",Desktop
4805,2023-11-28,Canada,Referral,Tablet
4806,2024-05-03,Canada,"Facebook Ads",Desktop
4807,2023-11-05,Canada,Organic,Mobile
4808,2023-02-07,Canada,"Google Ads",Tablet
4809,2024-06-29,Canada,Referral,Tablet
4810,2023-01-13,Germany,Organic,Desktop
4811,2023-01-13,Germany,"Google Ads",Mobile
4812,2024-06-20,Germany,Organic,Desktop
4813,2023-08-23,USA,"Facebook Ads",Mobile
4814,2024-06-27,Australia,"LinkedIn Ads",Mobile
4815,2024-05-03,Australia,"Google Ads",Mobile
4816,2024-04-05,India,Organic,Desktop
4817,2023-12-16,Australia,Referral,Tablet
4818,2024-02-10,Canada,"Google Ads",Mobile
4819,2023-02-22,USA,"Google Ads",Tablet
4820,2024-06-16,Canada,"LinkedIn Ads",Mobile
4821,2023-02-24,Australia,"Facebook Ads",Mobile
4822,2024-03-09,Australia,"Google Ads",Desktop
4823,2024-06-10,Australia,Organic,Desktop
4824,2023-04-12,USA,"Google Ads",Desktop
4825,2023-07-13,India,Organic,Desktop
4826,2023-07-27,Australia,Referral,Tablet
4827,2023-07-20,USA,"LinkedIn Ads",Mobile
4828,2023-11-27,UK,Referral,Desktop
4829,2024-04-13,India,"LinkedIn Ads",Mobile
4830,2023-07-12,UK,"Google Ads",Mobile
4831,2024-03-10,Australia,Referral,Tablet
4832,2023-10-02,USA,Organic,Tablet
4833,2023-06-18,USA,"LinkedIn Ads",Mobile
4834,2024-04-06,UK,"Google Ads",Tablet
4835,2023-09-19,UK,Referral,Tablet
4836,2023-03-20,India,"Facebook Ads",Desktop
4837,2023-10-29,India,"LinkedIn Ads",Tablet
4838,2024-01-17,Germany,"LinkedIn Ads",Mobile
4839,2024-02-19,Germany,Referral,Mobile
4840,2023-07-12,UK,"Google Ads",Mobile
4841,2023-09-28,UK,"Google Ads",Mobile
4842,2023-02-03,Canada,Organic,Desktop
4843,2023-09-27,India,Referral,Desktop
4844,2023-09-02,Germany,"Facebook Ads",Tablet
4845,2023-07-21,UK,Organic,Desktop
4846,2024-01-25,Germany,"Google Ads",Mobile
4847,2023-01-12,India,"Facebook Ads",Desktop
4848,2023-09-13,UK,"Google Ads",Desktop
4849,2023-12-01,Germany,"Google Ads",Mobile
4850,2023-10-10,UK,"Facebook Ads",Mobile
4851,2024-05-01,Australia,"Facebook Ads",Tablet
4852,2024-02-08,UK,"Google Ads",Mobile
4853,2023-07-11,Germany,Referral,Desktop
4854,2023-10-11,Germany,"Google Ads",Tablet
4855,2023-04-27,Germany,Referral,Tablet
4856,2023-10-23,Canada,"Google Ads",Mobile
4857,2023-04-26,Canada,"Facebook Ads",Mobile
4858,2023-09-15,Germany,"Google Ads",Tablet
4859,2024-02-05,India,"Google Ads",Mobile
4860,2023-04-28,Australia,"Facebook Ads",Tablet
4861,2023-09-18,India,Organic,Tablet
4862,2024-01-19,Canada,Organic,Mobile
4863,2023-02-19,UK,"Google Ads",Mobile
4864,2024-05-30,USA,Organic,Desktop
4865,2024-04-11,Australia,"Google Ads",Desktop
4866,2023-04-12,Germany,"Google Ads",Mobile
4867,2024-01-18,Australia,Organic,Mobile
4868,2024-06-12,Germany,Organic,Desktop
4869,2024-04-16,India,Organic,Desktop
4870,2023-01-13,Canada,Organic,Tablet
4871,2023-12-07,India,"Google Ads",Tablet
4872,2023-11-21,USA,Organic,Mobile
4873,2023-02-09,Canada,"Google Ads",Desktop
4874,2024-02-07,Germany,Organic,Desktop
4875,2024-01-03,Australia,"Google Ads",Desktop
4876,2023-02-04,Canada,Referral,Mobile
4877,2024-01-07,India,Organic,Tablet
4878,2023-10-06,UK,Referral,Desktop
4879,2023-05-24,UK,"LinkedIn Ads",Mobile
4880,2023-07-28,Australia,Referral,Tablet
4881,2023-12-02,India,"Facebook Ads",Tablet
4882,2023-01-14,Australia,"Google Ads",Desktop
4883,2023-04-03,Germany,"Facebook Ads",Tablet
4884,2023-10-10,Australia,"Google Ads",Desktop
4885,2024-06-17,Australia,Referral,Desktop
4886,2023-08-20,USA,Referral,Desktop
4887,2023-02-13,Germany,Organic,Desktop
4888,2023-03-18,India,"Facebook Ads",Mobile
4889,2023-11-19,USA,"Google Ads",Tablet
4890,2023-02-10,Australia,Referral,Tablet
4891,2023-06-24,Canada,"LinkedIn Ads",Tablet
4892,2023-05-27,Germany,"LinkedIn Ads",Mobile
4893,2023-04-18,Canada,"Facebook Ads",Mobile
4894,2024-05-04,Canada,Referral,Desktop
4895,2023-08-25,Canada,"LinkedIn Ads",Tablet
4896,2024-04-16,Germany,"Facebook Ads",Mobile
4897,2024-03-25,Canada,"Facebook Ads",Desktop
4898,2023-10-02,USA,"LinkedIn Ads",Mobile
4899,2024-01-11,Canada,Organic,Desktop
4900,2023-09-13,UK,"Facebook Ads",Tablet
4901,2024-05-06,UK,Referral,Tablet
4902,2023-05-30,India,Organic,Mobile
4903,2023-03-14,Australia,Referral,Mobile
4904,2023-03-26,Canada,Referral,Tablet
4905,2023-02-03,USA,"Google Ads",Mobile
4906,2023-08-12,Germany,"LinkedIn Ads",Mobile
4907,2023-05-05,UK,"LinkedIn Ads",Tablet
4908,2023-10-02,Germany,"Google Ads",Desktop
4909,2023-05-20,Canada,"Facebook Ads",Desktop
4910,2024-02-08,USA,Referral,Desktop
4911,2024-05-18,Canada,"Facebook Ads",Tablet
4912,2023-03-05,USA,"LinkedIn Ads",Desktop
4913,2023-10-15,Australia,Organic,Desktop
4914,2023-09-18,Germany,Organic,Desktop
4915,2024-05-24,UK,Organic,Tablet
4916,2023-06-07,USA,"LinkedIn Ads",Tablet
4917,2023-09-29,Germany,Referral,Tablet
4918,2023-10-27,Germany,Referral,Tablet
4919,2023-01-11,Germany,"Facebook Ads",Mobile
4920,2023-01-10,India,"Google Ads",Mobile
4921,2023-11-20,Canada,"Facebook Ads",Mobile
4922,2023-02-26,India,"LinkedIn Ads",Tablet
4923,2024-04-26,India,Organic,Desktop
4924,2023-06-24,UK,Organic,Tablet
4925,2023-09-28,Germany,Organic,Mobile
4926,2023-05-22,Germany,Organic,Desktop
4927,2024-06-10,UK,Referral,Desktop
4928,2024-05-13,USA,Referral,Mobile
4929,2024-04-24,Canada,"Google Ads",Desktop
4930,2024-03-25,USA,Referral,Desktop
4931,2024-02-28,USA,"Google Ads",Tablet
4932,2023-11-21,USA,Referral,Mobile
4933,2023-11-04,India,"Google Ads",Mobile
4934,2023-10-17,Germany,"Facebook Ads",Mobile
4935,2023-06-27,Australia,Referral,Mobile
4936,2023-03-29,Canada,"Facebook Ads",Desktop
4937,2023-02-27,Australia,"LinkedIn Ads",Desktop
4938,2023-09-22,India,"LinkedIn Ads",Tablet
4939,2023-01-26,USA,Organic,Desktop
4940,2023-08-29,USA,"Google Ads",Mobile
4941,2023-08-03,India,"Facebook Ads",Desktop
4942,2023-01-26,Germany,Organic,Mobile
4943,2023-04-15,India,Referral,Desktop
4944,2024-04-04,India,"Facebook Ads",Tablet
4945,2024-04-22,Australia,"Google Ads",Desktop
4946,2023-02-02,Australia,"Google Ads",Mobile
4947,2024-02-09,USA,"LinkedIn Ads",Mobile
4948,2024-02-12,UK,"Google Ads",Tablet
4949,2024-05-21,USA,Referral,Desktop
4950,2023-11-25,UK,Organic,Mobile
4951,2024-06-10,USA,"LinkedIn Ads",Tablet
4952,2023-05-19,USA,Organic,Desktop
4953,2023-04-16,Canada,"Facebook Ads",Desktop
4954,2023-10-23,Canada,Organic,Desktop
4955,2023-11-17,UK,Referral,Desktop
4956,2023-10-17,UK,"Google Ads",Mobile
4957,2023-02-10,Germany,"Google Ads",Tablet
4958,2024-06-08,Canada,"Google Ads",Desktop
4959,2024-04-16,Canada,"Google Ads",Mobile
4960,2023-06-05,USA,"LinkedIn Ads",Tablet
4961,2024-06-07,UK,"LinkedIn Ads",Desktop
4962,2024-01-03,Germany,"Google Ads",Desktop
4963,2024-02-14,Australia,Referral,Desktop
4964,2024-02-23,Germany,Organic,Desktop
4965,2024-01-13,Canada,Organic,Tablet
4966,2023-11-29,Australia,Organic,Tablet
4967,2023-09-26,India,Organic,Desktop
4968,2024-01-20,Canada,"LinkedIn Ads",Desktop
4969,2024-03-22,UK,"Facebook Ads",Tablet
4970,2024-05-20,USA,Referral,Tablet
4971,2024-04-02,Australia,"LinkedIn Ads",Desktop
4972,2023-01-08,Canada,"Facebook Ads",Mobile
4973,2023-04-27,Australia,Organic,Mobile
4974,2023-12-29,Germany,"LinkedIn Ads",Tablet
4975,2023-09-02,USA,Organic,Desktop
4976,2023-11-12,Canada,"Facebook Ads",Mobile
4977,2024-02-06,USA,"Facebook Ads",Tablet
4978,2024-02-20,Canada,"Google Ads",Mobile
4979,2023-08-08,Germany,Organic,Desktop
4980,2023-12-23,Canada,"LinkedIn Ads",Tablet
4981,2023-11-17,India,Organic,Desktop
4982,2023-09-23,USA,"Facebook Ads",Mobile
4983,2023-02-09,Germany,"Google Ads",Desktop
4984,2024-06-23,USA,"LinkedIn Ads",Tablet
4985,2024-01-18,Germany,"LinkedIn Ads",Tablet
4986,2023-05-24,USA,"Google Ads",Desktop
4987,2023-03-15,USA,"LinkedIn Ads",Desktop
4988,2023-06-04,USA,"LinkedIn Ads",Tablet
4989,2024-04-10,Germany,"Google Ads",Desktop
4990,2023-04-19,Canada,Organic,Tablet
4991,2023-12-03,India,"LinkedIn Ads",Tablet
4992,2024-06-11,UK,"LinkedIn Ads",Tablet
4993,2023-03-09,Australia,"Google Ads",Desktop
4994,2024-01-06,Australia,Referral,Tablet
4995,2024-02-04,Germany,"LinkedIn Ads",Desktop
4996,2023-11-20,Australia,"Google Ads",Desktop
4997,2023-09-08,India,Organic,Desktop
4998,2023-02-24,Canada,"Google Ads",Tablet
4999,2023-04-03,UK,"Google Ads",Desktop
5000,2023-06-09,Germany,"LinkedIn Ads",Tablet
5001,2023-06-24,India,Referral,Mobile
5002,2023-11-14,Germany,Referral,Tablet
5003,2023-06-17,USA,Organic,Desktop
5004,2023-04-06,Germany,"Facebook Ads",Mobile
5005,2023-12-19,Germany,"Facebook Ads",Tablet
5006,2023-09-06,Australia,"Facebook Ads",Desktop
5007,2024-01-16,Canada,"Facebook Ads",Desktop
5008,2023-02-15,Australia,Organic,Mobile
5009,2023-10-19,India,"LinkedIn Ads",Desktop
5010,2023-05-26,USA,Organic,Tablet
5011,2023-08-17,India,"LinkedIn Ads",Mobile
5012,2023-06-16,USA,"Google Ads",Tablet
5013,2024-03-15,Germany,"Facebook Ads",Desktop
5014,2023-12-05,USA,Organic,Desktop
5015,2023-02-15,UK,Organic,Desktop
5016,2024-04-29,Germany,"LinkedIn Ads",Tablet
5017,2023-03-25,UK,"Google Ads",Desktop
5018,2024-06-17,USA,"Google Ads",Mobile
5019,2023-05-22,India,"Google Ads",Tablet
5020,2023-01-10,Australia,Referral,Desktop
5021,2023-12-16,Germany,Referral,Mobile
5022,2023-05-21,UK,Referral,Tablet
5023,2023-11-20,UK,"Facebook Ads",Desktop
5024,2024-01-13,USA,"Facebook Ads",Desktop
5025,2023-03-21,UK,Organic,Tablet
5026,2023-11-15,Canada,Organic,Desktop
5027,2023-01-17,Canada,"Facebook Ads",Mobile
5028,2023-09-09,UK,"Facebook Ads",Mobile
5029,2024-01-17,UK,"Facebook Ads",Tablet
5030,2024-01-26,Canada,Organic,Desktop
5031,2023-09-30,Australia,Referral,Tablet
5032,2023-01-09,Germany,"Facebook Ads",Mobile
5033,2024-03-19,Germany,"LinkedIn Ads",Mobile
5034,2023-08-31,Canada,"LinkedIn Ads",Mobile
5035,2023-07-12,India,Referral,Desktop
5036,2023-07-22,UK,"LinkedIn Ads",Tablet
5037,2024-01-20,UK,Organic,Tablet
5038,2023-12-05,India,"Facebook Ads",Tablet
5039,2023-04-03,Germany,Organic,Tablet
5040,2023-06-08,Australia,"Facebook Ads",Tablet
5041,2023-09-09,USA,"Facebook Ads",Tablet
5042,2023-08-27,Germany,"LinkedIn Ads",Tablet
5043,2023-02-12,Australia,"LinkedIn Ads",Mobile
5044,2024-05-02,Australia,"Facebook Ads",Mobile
5045,2023-11-03,Germany,Referral,Tablet
5046,2023-12-04,India,"Facebook Ads",Mobile
5047,2023-08-06,Canada,"Google Ads",Desktop
5048,2023-07-06,Germany,"LinkedIn Ads",Desktop
5049,2023-01-24,India,Referral,Tablet
5050,2023-05-08,Australia,"Facebook Ads",Mobile
5051,2024-04-17,Australia,Organic,Desktop
5052,2023-09-07,Canada,"LinkedIn Ads",Desktop
5053,2024-05-22,USA,Organic,Mobile
5054,2023-05-12,USA,"Facebook Ads",Desktop
5055,2023-01-23,Canada,"Facebook Ads",Mobile
5056,2024-01-25,Canada,"Facebook Ads",Tablet
5057,2023-07-19,USA,Organic,Tablet
5058,2023-02-06,Australia,"LinkedIn Ads",Tablet
5059,2024-03-23,India,"Facebook Ads",Mobile
5060,2024-02-18,India,"Google Ads",Desktop
5061,2023-05-12,Canada,"Facebook Ads",Mobile
5062,2024-04-07,USA,"LinkedIn Ads",Tablet
5063,2023-04-19,Australia,"Google Ads",Tablet
5064,2023-01-31,Canada,"Google Ads",Tablet
5065,2024-04-01,Canada,"Facebook Ads",Mobile
5066,2024-05-12,India,Referral,Tablet
5067,2023-06-28,Germany,"Google Ads",Mobile
5068,2023-07-01,Australia,"Google Ads",Tablet
5069,2024-01-15,USA,"Google Ads",Mobile
5070,2023-01-14,India,Organic,Tablet
5071,2024-02-21,Canada,"LinkedIn Ads",Mobile
5072,2023-05-16,Canada,Referral,Tablet
5073,2023-06-15,Canada,"Facebook Ads",Mobile
5074,2023-03-05,India,Referral,Desktop
5075,2023-10-17,USA,Referral,Tablet
5076,2023-05-31,Canada,"Google Ads",Tablet
5077,2023-11-19,Canada,"Google Ads",Mobile
5078,2023-11-26,Canada,"LinkedIn Ads",Tablet
5079,2023-08-16,Germany,Organic,Tablet
5080,2024-04-07,UK,Referral,Mobile
5081,2023-08-30,UK,Organic,Mobile
5082,2024-04-10,Germany,"Facebook Ads",Tablet
5083,2023-10-05,India,"LinkedIn Ads",Desktop
5084,2023-03-14,Australia,"Google Ads",Desktop
5085,2023-09-26,USA,Referral,Tablet
5086,2024-05-22,Germany,Organic,Mobile
5087,2023-12-29,Australia,"Google Ads",Mobile
5088,2023-01-21,Australia,"LinkedIn Ads",Desktop
5089,2023-09-16,UK,"Facebook Ads",Mobile
5090,2024-03-14,Germany,Organic,Tablet
5091,2023-11-25,USA,"LinkedIn Ads",Mobile
5092,2024-03-24,Germany,Referral,Mobile
5093,2023-01-12,Canada,"Facebook Ads",Mobile
5094,2023-07-02,Australia,"Google Ads",Tablet
5095,2024-01-24,India,Organic,Tablet
5096,2023-10-29,UK,"Facebook Ads",Tablet
5097,2024-06-25,India,"Facebook Ads",Tablet
5098,2023-07-20,Australia,"Google Ads",Tablet
5099,2024-05-27,India,"Facebook Ads",Tablet
5100,2023-06-27,Australia,Referral,Desktop
5101,2024-05-22,Germany,"Facebook Ads",Mobile
5102,2023-04-29,USA,Referral,Desktop
5103,2023-08-22,USA,Organic,Mobile
5104,2023-01-31,Australia,"Facebook Ads",Desktop
5105,2023-07-25,USA,Organic,Mobile
5106,2023-06-02,UK,"Facebook Ads",Desktop
5107,2023-05-09,UK,Organic,Tablet
5108,2023-09-23,Germany,Organic,Tablet
5109,2023-03-13,UK,Referral,Desktop
5110,2023-01-26,India,Referral,Tablet
5111,2024-06-28,Canada,"Facebook Ads",Desktop
5112,2023-04-27,USA,Organic,Desktop
5113,2023-09-29,Canada,"Google Ads",Tablet
5114,2024-06-11,Canada,"LinkedIn Ads",Mobile
5115,2024-04-06,Canada,"LinkedIn Ads",Tablet
5116,2023-11-27,Canada,Referral,Mobile
5117,2024-02-03,Australia,"LinkedIn Ads",Mobile
5118,2023-11-09,Australia,Referral,Desktop
5119,2023-12-21,Canada,"Facebook Ads",Desktop
5120,2023-06-06,Canada,"Google Ads",Tablet
5121,2023-04-20,Canada,Referral,Mobile
5122,2024-04-13,UK,Referral,Desktop
5123,2023-10-19,Canada,"Google Ads",Desktop
5124,2024-05-14,Germany,"LinkedIn Ads",Tablet
5125,2024-04-27,Canada,Referral,Mobile
5126,2023-07-06,India,Organic,Mobile
5127,2023-02-12,Australia,"LinkedIn Ads",Desktop
5128,2023-01-30,Germany,Referral,Mobile
5129,2023-04-07,UK,Referral,Tablet
5130,2023-02-28,India,"Facebook Ads",Mobile
5131,2024-01-27,Germany,"LinkedIn Ads",Tablet
5132,2023-01-25,Canada,"LinkedIn Ads",Tablet
5133,2024-06-13,India,Organic,Tablet
5134,2024-04-18,Australia,"Google Ads",Mobile
5135,2024-02-22,USA,"LinkedIn Ads",Desktop
5136,2023-01-09,UK,"LinkedIn Ads",Desktop
5137,2023-04-04,UK,"Facebook Ads",Desktop
5138,2023-02-03,Canada,Referral,Tablet
5139,2023-06-14,USA,"Google Ads",Mobile
5140,2024-05-14,USA,"Google Ads",Tablet
5141,2023-10-30,India,"LinkedIn Ads",Desktop
5142,2024-04-02,India,Referral,Mobile
5143,2023-07-12,India,Organic,Mobile
5144,2023-05-22,Australia,Referral,Mobile
5145,2023-10-28,Canada,"Facebook Ads",Mobile
5146,2023-12-09,UK,"Facebook Ads",Tablet
5147,2023-12-16,UK,"Facebook Ads",Desktop
5148,2024-04-20,Germany,"Facebook Ads",Tablet
5149,2023-03-13,USA,Organic,Mobile
5150,2023-12-27,USA,"Facebook Ads",Tablet
5151,2023-02-14,UK,Organic,Tablet
5152,2023-07-20,Australia,"Facebook Ads",Desktop
5153,2023-11-29,UK,Referral,Mobile
5154,2023-07-09,Germany,"Facebook Ads",Mobile
5155,2023-01-24,USA,"Google Ads",Tablet
5156,2023-08-28,USA,"LinkedIn Ads",Desktop
5157,2023-06-16,UK,Organic,Mobile
5158,2024-01-16,Australia,"LinkedIn Ads",Tablet
5159,2023-12-26,Germany,"Facebook Ads",Mobile
5160,2023-05-13,USA,Organic,Tablet
5161,2023-06-01,USA,"Google Ads",Tablet
5162,2024-02-02,USA,Organic,Tablet
5163,2023-07-17,India,Referral,Mobile
5164,2023-07-29,Australia,Organic,Desktop
5165,2023-12-15,USA,"Google Ads",Tablet
5166,2024-01-25,India,Referral,Tablet
5167,2023-12-17,Germany,Referral,Mobile
5168,2023-06-06,India,"Facebook Ads",Desktop
5169,2024-02-08,Canada,Referral,Tablet
5170,2023-03-07,UK,"LinkedIn Ads",Desktop
5171,2023-05-04,India,"Facebook Ads",Tablet
5172,2023-06-02,Canada,"Facebook Ads",Mobile
5173,2023-07-08,Canada,"LinkedIn Ads",Mobile
5174,2024-02-25,Germany,"Facebook Ads",Mobile
5175,2023-08-26,Germany,"Google Ads",Tablet
5176,2024-05-13,India,"Google Ads",Mobile
5177,2023-01-25,Australia,"LinkedIn Ads",Tablet
5178,2023-09-19,USA,"LinkedIn Ads",Mobile
5179,2023-05-04,USA,Organic,Tablet
5180,2023-04-09,Australia,Referral,Mobile
5181,2023-09-23,UK,"Facebook Ads",Desktop
5182,2024-05-13,Australia,"Facebook Ads",Mobile
5183,2024-02-22,Canada,Organic,Tablet
5184,2024-06-24,Australia,"Google Ads",Tablet
5185,2023-09-06,India,Organic,Mobile
5186,2024-04-08,Germany,Organic,Mobile
5187,2023-07-23,India,"Google Ads",Desktop
5188,2024-05-14,UK,"LinkedIn Ads",Mobile
5189,2023-08-17,Canada,Referral,Tablet
5190,2023-08-22,Germany,"LinkedIn Ads",Mobile
5191,2024-05-10,Canada,"Facebook Ads",Desktop
5192,2023-01-28,USA,"Google Ads",Desktop
5193,2023-12-20,USA,Organic,Tablet
5194,2024-05-29,India,"Facebook Ads",Mobile
5195,2024-02-22,India,"LinkedIn Ads",Desktop
5196,2023-12-17,UK,"Google Ads",Mobile
5197,2023-10-24,UK,"Google Ads",Desktop
5198,2024-04-20,Canada,Referral,Desktop
5199,2023-06-03,Canada,"LinkedIn Ads",Tablet
5200,2023-05-09,UK,Referral,Desktop
5201,2024-05-30,Australia,"LinkedIn Ads",Mobile
5202,2024-06-29,India,"Facebook Ads",Mobile
5203,2024-04-04,India,"Google Ads",Tablet
5204,2024-04-21,Germany,Referral,Tablet
5205,2023-07-21,UK,"Facebook Ads",Tablet
5206,2024-04-17,India,"Facebook Ads",Desktop
5207,2024-03-06,Australia,Referral,Tablet
5208,2023-10-02,India,"LinkedIn Ads",Desktop
5209,2023-07-20,Canada,"LinkedIn Ads",Desktop
5210,2023-07-23,UK,"LinkedIn Ads",Desktop
5211,2023-10-13,Canada,"Facebook Ads",Tablet
5212,2023-08-18,Germany,Organic,Mobile
5213,2024-06-16,Australia,"LinkedIn Ads",Desktop
5214,2023-08-03,India,"Google Ads",Desktop
5215,2023-01-25,UK,"Facebook Ads",Mobile
5216,2023-02-21,USA,"Facebook Ads",Desktop
5217,2023-12-30,UK,"LinkedIn Ads",Tablet
5218,2023-05-08,Australia,"Google Ads",Mobile
5219,2024-01-28,Australia,"Facebook Ads",Mobile
5220,2023-05-04,Canada,Referral,Tablet
5221,2023-08-26,India,"LinkedIn Ads",Tablet
5222,2023-04-14,India,"LinkedIn Ads",Mobile
5223,2024-06-18,Australia,Referral,Desktop
5224,2024-03-29,UK,"LinkedIn Ads",Desktop
5225,2023-02-21,USA,"LinkedIn Ads",Mobile
5226,2023-03-19,Canada,"Facebook Ads",Mobile
5227,2024-02-21,Australia,Organic,Mobile
5228,2023-10-20,UK,"Google Ads",Desktop
5229,2023-01-19,UK,"LinkedIn Ads",Tablet
5230,2023-11-07,Australia,Referral,Mobile
5231,2023-06-05,Germany,"Facebook Ads",Mobile
5232,2023-09-08,Germany,Organic,Mobile
5233,2023-10-23,India,Organic,Desktop
5234,2023-06-09,Canada,"Facebook Ads",Desktop
5235,2023-12-21,India,Referral,Tablet
5236,2023-05-18,India,Organic,Tablet
5237,2024-06-17,Australia,Organic,Mobile
5238,2023-08-29,UK,"Facebook Ads",Mobile
5239,2023-02-20,Germany,"Google Ads",Desktop
5240,2024-03-02,USA,"Facebook Ads",Desktop
5241,2023-10-17,UK,"Google Ads",Desktop
5242,2024-05-13,Canada,Referral,Desktop
5243,2024-04-05,India,Referral,Mobile
5244,2023-02-22,UK,Referral,Desktop
5245,2023-08-10,Australia,Referral,Mobile
5246,2023-02-16,Australia,"Facebook Ads",Mobile
5247,2023-06-03,Canada,"Google Ads",Desktop
5248,2024-01-15,USA,"Facebook Ads",Desktop
5249,2024-02-28,Australia,"Facebook Ads",Desktop
5250,2023-11-03,USA,Referral,Mobile
5251,2023-10-18,India,Referral,Tablet
5252,2023-03-13,Canada,"LinkedIn Ads",Desktop
5253,2023-09-03,Australia,"Google Ads",Desktop
5254,2024-03-17,Australia,Referral,Tablet
5255,2024-02-23,USA,"Google Ads",Mobile
5256,2024-02-10,UK,"Google Ads",Tablet
5257,2023-10-02,Australia,"Google Ads",Desktop
5258,2024-06-06,India,"Google Ads",Desktop
5259,2023-04-15,Australia,"Google Ads",Mobile
5260,2024-03-10,Canada,"Google Ads",Desktop
5261,2023-04-09,Canada,"Google Ads",Mobile
5262,2024-05-31,Canada,"Google Ads",Tablet
5263,2023-11-26,India,"Google Ads",Mobile
5264,2023-11-04,UK,Referral,Mobile
5265,2023-10-22,India,Organic,Desktop
5266,2024-03-15,USA,"LinkedIn Ads",Desktop
5267,2023-09-05,Canada,"Google Ads",Mobile
5268,2023-06-15,India,"Facebook Ads",Tablet
5269,2024-04-18,USA,"LinkedIn Ads",Mobile
5270,2023-10-08,USA,"Google Ads",Desktop
5271,2023-05-16,India,Organic,Mobile
5272,2023-04-16,India,"Google Ads",Tablet
5273,2024-03-25,India,"LinkedIn Ads",Mobile
5274,2023-05-05,USA,Organic,Tablet
5275,2023-09-09,Australia,"Google Ads",Desktop
5276,2023-09-20,UK,Organic,Desktop
5277,2023-09-18,UK,"Facebook Ads",Desktop
5278,2023-10-06,Australia,"LinkedIn Ads",Mobile
5279,2023-11-10,India,"Google Ads",Desktop
5280,2023-10-28,UK,"LinkedIn Ads",Mobile
5281,2023-05-05,Australia,Organic,Mobile
5282,2023-11-01,UK,"Facebook Ads",Mobile
5283,2023-06-02,Australia,Referral,Tablet
5284,2024-02-03,USA,Organic,Desktop
5285,2023-02-20,Australia,Organic,Tablet
5286,2023-05-07,Australia,"Google Ads",Desktop
5287,2023-04-10,Canada,Organic,Desktop
5288,2023-12-23,Germany,"LinkedIn Ads",Desktop
5289,2024-06-21,UK,Referral,Tablet
5290,2023-12-28,UK,"LinkedIn Ads",Desktop
5291,2023-06-20,Canada,"LinkedIn Ads",Tablet
5292,2023-03-28,India,"Facebook Ads",Tablet
5293,2024-04-27,UK,Referral,Desktop
5294,2023-08-09,USA,"Facebook Ads",Tablet
5295,2024-06-14,UK,"LinkedIn Ads",Mobile
5296,2024-04-05,Canada,Organic,Mobile
5297,2023-05-28,India,"LinkedIn Ads",Desktop
5298,2023-12-05,USA,"LinkedIn Ads",Tablet
5299,2023-01-29,UK,Organic,Desktop
5300,2023-02-19,UK,Organic,Desktop
5301,2023-03-05,India,"Facebook Ads",Desktop
5302,2023-04-28,UK,Organic,Tablet
5303,2024-04-18,Germany,"LinkedIn Ads",Desktop
5304,2023-09-30,India,"Google Ads",Mobile
5305,2023-10-01,Germany,"Google Ads",Mobile
5306,2024-01-14,UK,"LinkedIn Ads",Tablet
5307,2024-06-01,India,"Facebook Ads",Desktop
5308,2024-06-06,Australia,"Facebook Ads",Tablet
5309,2023-03-31,USA,"LinkedIn Ads",Tablet
5310,2024-03-18,Australia,"Google Ads",Mobile
5311,2023-03-21,India,Organic,Mobile
5312,2023-03-28,Canada,"LinkedIn Ads",Mobile
5313,2023-02-20,USA,"Google Ads",Mobile
5314,2023-04-26,UK,"LinkedIn Ads",Mobile
5315,2024-03-23,Canada,"LinkedIn Ads",Desktop
5316,2023-08-25,UK,Organic,Tablet
5317,2024-01-01,UK,Organic,Mobile
5318,2023-12-29,Canada,"LinkedIn Ads",Tablet
5319,2023-07-02,India,Organic,Mobile
5320,2023-05-05,Germany,Organic,Desktop
5321,2023-11-17,Canada,Referral,Mobile
5322,2024-05-08,UK,"LinkedIn Ads",Tablet
5323,2024-02-26,UK,Organic,Mobile
5324,2024-01-11,USA,"Google Ads",Desktop
5325,2024-05-19,Australia,"Facebook Ads",Tablet
5326,2023-06-11,Germany,"Facebook Ads",Mobile
5327,2023-12-16,USA,Organic,Desktop
5328,2023-11-17,USA,"Google Ads",Mobile
5329,2023-06-15,India,"Google Ads",Mobile
5330,2024-04-18,UK,Referral,Mobile
5331,2024-01-07,Canada,"LinkedIn Ads",Desktop
5332,2023-12-11,Australia,"Google Ads",Desktop
5333,2023-12-18,Canada,"LinkedIn Ads",Mobile
5334,2024-06-20,Australia,"Facebook Ads",Mobile
5335,2023-02-07,Germany,"LinkedIn Ads",Tablet
5336,2023-05-11,Germany,Referral,Mobile
5337,2024-06-28,India,Organic,Desktop
5338,2023-08-09,Australia,"Facebook Ads",Tablet
5339,2023-05-31,India,Organic,Desktop
5340,2024-05-27,Germany,Referral,Desktop
5341,2023-10-07,Australia,Organic,Tablet
5342,2023-06-28,Australia,Organic,Mobile
5343,2024-02-20,UK,"Google Ads",Tablet
5344,2023-10-29,USA,"Facebook Ads",Tablet
5345,2023-03-05,UK,"Google Ads",Mobile
5346,2024-01-31,Germany,"LinkedIn Ads",Tablet
5347,2023-08-21,UK,Referral,Desktop
5348,2023-05-04,Canada,Referral,Mobile
5349,2024-05-05,India,"Google Ads",Desktop
5350,2023-02-15,Germany,Organic,Mobile
5351,2024-04-29,Australia,"Google Ads",Mobile
5352,2023-01-11,India,"Facebook Ads",Tablet
5353,2023-11-20,Germany,"LinkedIn Ads",Mobile
5354,2024-03-24,Germany,Organic,Desktop
5355,2023-03-14,Germany,Organic,Mobile
5356,2024-04-11,Germany,Organic,Mobile
5357,2024-04-10,Canada,Organic,Tablet
5358,2023-07-16,Canada,Referral,Mobile
5359,2023-09-15,Canada,Organic,Mobile
5360,2023-10-20,UK,"Facebook Ads",Desktop
5361,2023-12-07,Australia,Referral,Tablet
5362,2024-06-25,Germany,"Facebook Ads",Tablet
5363,2023-11-04,Australia,Referral,Mobile
5364,2024-03-30,Canada,"Facebook Ads",Tablet
5365,2023-09-03,UK,"Facebook Ads",Desktop
5366,2023-07-05,UK,"Facebook Ads",Tablet
5367,2023-06-24,USA,"Google Ads",Tablet
5368,2023-07-08,Germany,Organic,Mobile
5369,2023-11-22,Canada,"Facebook Ads",Mobile
5370,2023-11-09,Canada,Referral,Mobile
5371,2023-06-04,USA,Referral,Mobile
5372,2023-10-09,USA,Organic,Mobile
5373,2023-05-09,USA,"LinkedIn Ads",Desktop
5374,2023-12-29,Canada,"LinkedIn Ads",Desktop
5375,2024-04-17,Canada,Referral,Desktop
5376,2023-01-16,Canada,"LinkedIn Ads",Desktop
5377,2024-05-06,Australia,"Facebook Ads",Tablet
5378,2023-11-13,UK,Organic,Tablet
5379,2023-08-01,Canada,"LinkedIn Ads",Mobile
5380,2023-12-02,India,"Facebook Ads",Tablet
5381,2023-02-23,UK,Referral,Desktop
5382,2024-06-15,Australia,Referral,Desktop
5383,2024-05-07,UK,Organic,Mobile
5384,2023-04-28,UK,Referral,Mobile
5385,2023-05-09,UK,"LinkedIn Ads",Tablet
5386,2023-06-10,India,"Facebook Ads",Tablet
5387,2023-05-11,Germany,"Google Ads",Mobile
5388,2024-05-02,India,Organic,Desktop
5389,2023-03-21,Canada,"LinkedIn Ads",Tablet
5390,2024-02-18,Australia,Organic,Tablet
5391,2023-06-07,Canada,Referral,Desktop
5392,2023-09-01,UK,"LinkedIn Ads",Tablet
5393,2023-07-12,UK,Organic,Mobile
5394,2024-01-06,India,"LinkedIn Ads",Desktop
5395,2023-08-14,Australia,"LinkedIn Ads",Tablet
5396,2023-12-14,USA,Organic,Mobile
5397,2023-03-23,USA,"Facebook Ads",Desktop
5398,2024-05-25,UK,"Facebook Ads",Tablet
5399,2023-03-06,India,Referral,Tablet
5400,2023-12-12,Australia,"Facebook Ads",Mobile
5401,2023-06-13,USA,"LinkedIn Ads",Desktop
5402,2023-04-27,India,Referral,Mobile
5403,2023-03-16,USA,Referral,Mobile
5404,2024-01-12,USA,Referral,Desktop
5405,2023-05-12,USA,"Facebook Ads",Desktop
5406,2023-06-19,Canada,Organic,Desktop
5407,2024-03-15,Australia,"LinkedIn Ads",Tablet
5408,2023-07-23,USA,"Google Ads",Desktop
5409,2023-05-21,Australia,Referral,Mobile
5410,2023-08-19,Canada,Referral,Desktop
5411,2023-08-20,UK,"Google Ads",Tablet
5412,2024-06-13,UK,Organic,Mobile
5413,2024-02-02,Australia,"Facebook Ads",Tablet
5414,2023-12-22,India,"LinkedIn Ads",Tablet
5415,2023-08-05,UK,"Google Ads",Mobile
5416,2023-06-20,UK,"Google Ads",Tablet
5417,2024-03-19,UK,"Facebook Ads",Mobile
5418,2023-02-22,Canada,Organic,Tablet
5419,2023-06-17,Canada,"Facebook Ads",Mobile
5420,2023-07-12,UK,"LinkedIn Ads",Mobile
5421,2023-01-15,USA,Referral,Mobile
5422,2023-01-16,Canada,Referral,Mobile
5423,2023-02-25,USA,Organic,Mobile
5424,2024-05-05,Australia,"Facebook Ads",Desktop
5425,2024-05-23,Germany,Referral,Tablet
5426,2023-10-05,Australia,"Google Ads",Desktop
5427,2023-10-21,Canada,"Google Ads",Desktop
5428,2023-03-31,USA,"LinkedIn Ads",Tablet
5429,2024-04-23,Canada,Referral,Tablet
5430,2023-03-23,Germany,"Facebook Ads",Mobile
5431,2023-03-10,UK,"Google Ads",Desktop
5432,2023-09-12,Australia,Referral,Mobile
5433,2024-01-18,UK,Organic,Desktop
5434,2023-09-10,Australia,"LinkedIn Ads",Mobile
5435,2023-01-09,Germany,Referral,Tablet
5436,2023-08-28,Australia,Referral,Tablet
5437,2023-11-20,USA,Organic,Mobile
5438,2023-10-30,Germany,Referral,Tablet
5439,2024-04-01,Germany,"Google Ads",Tablet
5440,2024-03-08,UK,"Google Ads",Desktop
5441,2023-04-27,India,"Google Ads",Mobile
5442,2023-03-14,Australia,Organic,Desktop
5443,2023-05-11,Australia,Referral,Mobile
5444,2023-09-15,Australia,"Facebook Ads",Mobile
5445,2024-01-06,UK,Organic,Desktop
5446,2023-06-28,UK,"Facebook Ads",Tablet
5447,2023-07-15,USA,"Facebook Ads",Desktop
5448,2024-04-13,India,"Google Ads",Desktop
5449,2023-07-07,Canada,Organic,Tablet
5450,2024-02-22,Australia,Referral,Desktop
5451,2023-01-24,Australia,"Google Ads",Tablet
5452,2024-05-07,Canada,Referral,Mobile
5453,2024-01-10,UK,"Facebook Ads",Tablet
5454,2023-08-07,Canada,Referral,Mobile
5455,2024-03-05,India,Referral,Mobile
5456,2023-06-05,Germany,"LinkedIn Ads",Desktop
5457,2024-04-06,India,"Google Ads",Tablet
5458,2023-06-14,USA,"LinkedIn Ads",Mobile
5459,2023-07-22,Canada,"Facebook Ads",Desktop
5460,2024-06-15,Germany,Referral,Desktop
5461,2023-05-08,India,Organic,Mobile
5462,2023-06-19,UK,Referral,Desktop
5463,2024-02-20,Canada,"LinkedIn Ads",Mobile
5464,2023-05-29,Australia,"Google Ads",Tablet
5465,2024-06-27,UK,"Facebook Ads",Desktop
5466,2023-08-11,Germany,"LinkedIn Ads",Mobile
5467,2024-05-07,USA,Referral,Desktop
5468,2023-12-05,Germany,"LinkedIn Ads",Tablet
5469,2023-08-25,UK,Referral,Mobile
5470,2023-01-15,Australia,Organic,Mobile
5471,2023-11-06,Germany,"Google Ads",Desktop
5472,2024-04-21,Australia,"Google Ads",Tablet
5473,2023-05-23,Canada,"Facebook Ads",Desktop
5474,2023-05-11,UK,"Facebook Ads",Tablet
5475,2024-01-23,UK,"LinkedIn Ads",Desktop
5476,2023-05-12,Germany,"LinkedIn Ads",Desktop
5477,2023-05-02,Australia,"Google Ads",Tablet
5478,2023-02-18,Australia,Referral,Mobile
5479,2023-04-25,Germany,"Facebook Ads",Tablet
5480,2023-02-12,Australia,"LinkedIn Ads",Desktop
5481,2024-01-20,Germany,"LinkedIn Ads",Desktop
5482,2023-12-05,UK,"LinkedIn Ads",Desktop
5483,2023-02-28,USA,"LinkedIn Ads",Mobile
5484,2023-07-12,Germany,Organic,Desktop
5485,2023-09-15,India,Referral,Tablet
5486,2024-06-24,India,"Facebook Ads",Mobile
5487,2023-05-09,Canada,"Facebook Ads",Mobile
5488,2024-04-11,India,Referral,Desktop
5489,2023-07-16,Canada,Referral,Mobile
5490,2024-06-16,Germany,Referral,Desktop
5491,2023-05-12,India,"Google Ads",Mobile
5492,2023-08-11,India,"Facebook Ads",Mobile
5493,2024-04-17,Australia,"LinkedIn Ads",Mobile
5494,2024-05-19,USA,Referral,Desktop
5495,2024-05-15,UK,Organic,Mobile
5496,2023-01-11,Germany,"LinkedIn Ads",Tablet
5497,2024-05-23,Canada,Referral,Desktop
5498,2024-06-19,Canada,Organic,Tablet
5499,2023-04-24,UK,"Facebook Ads",Tablet
5500,2024-05-08,Australia,"Facebook Ads",Mobile
5501,2023-09-23,UK,"Google Ads",Tablet
5502,2023-04-29,Australia,Referral,Mobile
5503,2023-08-24,Canada,Organic,Tablet
5504,2023-09-30,Australia,"Google Ads",Tablet
5505,2023-11-20,UK,"Facebook Ads",Tablet
5506,2024-05-04,Canada,"LinkedIn Ads",Desktop
5507,2024-05-21,Germany,"Google Ads",Mobile
5508,2024-01-25,USA,"Facebook Ads",Tablet
5509,2024-04-18,Canada,"Facebook Ads",Desktop
5510,2024-01-12,USA,"LinkedIn Ads",Tablet
5511,2023-12-09,Canada,"LinkedIn Ads",Mobile
5512,2023-03-07,Australia,"LinkedIn Ads",Desktop
5513,2023-01-18,UK,"Facebook Ads",Tablet
5514,2023-01-11,Australia,"Facebook Ads",Mobile
5515,2023-08-16,UK,Referral,Mobile
5516,2024-05-08,Australia,"Google Ads",Mobile
5517,2023-08-26,UK,"Google Ads",Mobile
5518,2023-04-13,Australia,Referral,Mobile
5519,2023-07-29,Germany,Referral,Tablet
5520,2023-10-29,India,"Google Ads",Tablet
5521,2023-08-27,India,Organic,Tablet
5522,2024-04-10,USA,"Facebook Ads",Desktop
5523,2023-10-18,Australia,"Facebook Ads",Desktop
5524,2024-06-25,Australia,"Facebook Ads",Tablet
5525,2023-11-10,Australia,"Facebook Ads",Tablet
5526,2023-06-15,India,"Facebook Ads",Tablet
5527,2024-01-04,Canada,Referral,Mobile
5528,2023-01-10,India,Organic,Mobile
5529,2023-01-26,Australia,"LinkedIn Ads",Tablet
5530,2023-02-07,USA,Referral,Desktop
5531,2023-10-07,UK,"Facebook Ads",Desktop
5532,2024-06-03,Canada,"Google Ads",Mobile
5533,2024-02-24,Canada,Referral,Mobile
5534,2023-12-14,UK,"LinkedIn Ads",Mobile
5535,2024-03-08,Germany,Organic,Desktop
5536,2023-12-11,Germany,"Facebook Ads",Mobile
5537,2023-05-10,Canada,Organic,Tablet
5538,2023-10-16,USA,Organic,Desktop
5539,2023-10-20,USA,Referral,Tablet
5540,2023-10-25,UK,Organic,Tablet
5541,2023-02-27,UK,Organic,Tablet
5542,2024-01-26,India,"Facebook Ads",Mobile
5543,2024-01-12,USA,Organic,Desktop
5544,2024-02-27,India,"Facebook Ads",Mobile
5545,2023-03-22,Australia,Organic,Tablet
5546,2024-06-05,Germany,Referral,Tablet
5547,2023-12-30,Canada,Referral,Mobile
5548,2024-06-12,India,Organic,Mobile
5549,2024-04-04,Australia,"Google Ads",Mobile
5550,2023-09-07,UK,Referral,Mobile
5551,2023-09-10,India,"Facebook Ads",Tablet
5552,2023-04-05,Canada,"Facebook Ads",Mobile
5553,2023-11-18,USA,"LinkedIn Ads",Desktop
5554,2024-03-11,Australia,Organic,Mobile
5555,2023-06-01,Germany,"LinkedIn Ads",Mobile
5556,2024-03-08,USA,Referral,Mobile
5557,2024-03-31,Germany,"Google Ads",Desktop
5558,2024-06-24,India,"Google Ads",Desktop
5559,2024-03-22,Canada,"LinkedIn Ads",Mobile
5560,2023-12-22,UK,Organic,Mobile
5561,2023-07-29,Canada,"Facebook Ads",Desktop
5562,2023-11-17,USA,Referral,Desktop
5563,2023-03-06,India,Referral,Mobile
5564,2023-06-30,USA,"Facebook Ads",Desktop
5565,2023-11-11,UK,Referral,Desktop
5566,2024-05-06,UK,"Google Ads",Tablet
5567,2023-03-11,India,"LinkedIn Ads",Desktop
5568,2023-06-16,Germany,"Facebook Ads",Mobile
5569,2024-04-20,India,"Google Ads",Desktop
5570,2024-05-23,India,Organic,Desktop
5571,2024-06-15,Australia,"Facebook Ads",Desktop
5572,2023-04-15,India,"Google Ads",Tablet
5573,2023-09-17,India,"LinkedIn Ads",Mobile
5574,2023-11-30,Australia,Referral,Desktop
5575,2024-05-27,USA,"Google Ads",Tablet
5576,2024-01-26,UK,"LinkedIn Ads",Desktop
5577,2023-11-20,Australia,Referral,Tablet
5578,2024-01-23,Germany,Referral,Desktop
5579,2023-01-13,Australia,"Facebook Ads",Tablet
5580,2023-12-13,Canada,"LinkedIn Ads",Tablet
5581,2024-02-23,India,Referral,Mobile
5582,2023-06-21,Australia,"LinkedIn Ads",Desktop
5583,2023-05-06,Canada,Organic,Mobile
5584,2024-04-26,Australia,"Google Ads",Tablet
5585,2023-11-06,Australia,Organic,Tablet
5586,2024-02-20,Australia,Organic,Tablet
5587,2023-04-04,UK,"LinkedIn Ads",Tablet
5588,2024-05-15,Canada,"Google Ads",Desktop
5589,2023-07-16,Australia,"Google Ads",Mobile
5590,2023-12-09,USA,Organic,Tablet
5591,2023-12-20,Canada,Organic,Tablet
5592,2023-07-22,Australia,"Facebook Ads",Tablet
5593,2023-09-23,India,Organic,Desktop
5594,2023-06-14,USA,"Facebook Ads",Mobile
5595,2023-03-25,Australia,"Google Ads",Tablet
5596,2024-06-19,India,Organic,Desktop
5597,2024-01-24,UK,Organic,Mobile
5598,2024-06-22,India,"Google Ads",Tablet
5599,2023-03-19,USA,"LinkedIn Ads",Tablet
5600,2024-05-02,Australia,"LinkedIn Ads",Tablet
5601,2023-09-01,Canada,Referral,Tablet
5602,2023-11-01,UK,"LinkedIn Ads",Mobile
5603,2024-03-05,India,Organic,Tablet
5604,2023-05-13,UK,Organic,Desktop
5605,2023-12-13,USA,"LinkedIn Ads",Mobile
5606,2024-06-01,USA,Referral,Tablet
5607,2023-05-17,Canada,Organic,Tablet
5608,2023-05-15,USA,Organic,Desktop
5609,2023-07-19,Germany,Referral,Desktop
5610,2023-01-22,USA,Organic,Mobile
5611,2024-06-04,India,"Google Ads",Desktop
5612,2023-05-28,Australia,"Facebook Ads",Tablet
5613,2024-01-26,Canada,"Google Ads",Tablet
5614,2024-06-08,Canada,"Google Ads",Mobile
5615,2023-10-13,Canada,"Google Ads",Mobile
5616,2024-04-05,USA,Organic,Desktop
5617,2023-11-26,UK,"LinkedIn Ads",Mobile
5618,2023-08-27,UK,"LinkedIn Ads",Tablet
5619,2023-07-10,Germany,Referral,Mobile
5620,2024-04-24,Australia,Organic,Mobile
5621,2024-02-07,USA,"Google Ads",Desktop
5622,2023-08-08,Australia,"LinkedIn Ads",Mobile
5623,2023-11-25,USA,Organic,Mobile
5624,2024-05-19,UK,Organic,Tablet
5625,2023-02-18,India,"Facebook Ads",Mobile
5626,2023-10-18,Australia,Organic,Tablet
5627,2023-08-24,Germany,"LinkedIn Ads",Tablet
5628,2023-07-18,USA,"Google Ads",Desktop
5629,2023-03-22,Canada,"Google Ads",Mobile
5630,2024-05-18,India,"Facebook Ads",Tablet
5631,2023-12-16,USA,"Facebook Ads",Desktop
5632,2024-02-25,UK,"Facebook Ads",Mobile
5633,2023-12-12,UK,Referral,Mobile
5634,2023-11-19,Germany,"Google Ads",Tablet
5635,2023-11-02,Australia,Organic,Mobile
5636,2024-05-30,Australia,"Google Ads",Mobile
5637,2023-12-29,India,Referral,Tablet
5638,2023-02-22,Canada,"LinkedIn Ads",Mobile
5639,2024-02-06,Canada,"Google Ads",Tablet
5640,2023-07-16,Australia,"Facebook Ads",Desktop
5641,2024-02-21,India,"Google Ads",Tablet
5642,2023-10-24,Canada,Organic,Mobile
5643,2023-08-23,Australia,Organic,Desktop
5644,2024-02-26,Australia,"LinkedIn Ads",Desktop
5645,2023-08-03,Germany,Referral,Mobile
5646,2023-06-23,USA,"LinkedIn Ads",Tablet
5647,2023-06-17,USA,"Facebook Ads",Desktop
5648,2024-02-10,Germany,"Google Ads",Tablet
5649,2023-05-20,Germany,Referral,Tablet
5650,2023-07-01,India,Referral,Tablet
5651,2023-05-05,UK,"Facebook Ads",Desktop
5652,2023-04-11,USA,"Facebook Ads",Tablet
5653,2024-01-17,India,Organic,Desktop
5654,2023-03-12,Canada,"LinkedIn Ads",Mobile
5655,2024-04-22,Canada,"Google Ads",Tablet
5656,2023-10-25,USA,"LinkedIn Ads",Mobile
5657,2024-03-05,Germany,"Facebook Ads",Desktop
5658,2023-02-21,Australia,Organic,Desktop
5659,2024-05-05,USA,Organic,Tablet
5660,2024-01-22,Canada,Organic,Mobile
5661,2024-06-30,USA,Organic,Tablet
5662,2024-01-30,Germany,Referral,Mobile
5663,2024-05-10,India,"LinkedIn Ads",Desktop
5664,2023-04-22,Canada,Referral,Tablet
5665,2023-05-15,Australia,"Google Ads",Tablet
5666,2023-12-06,Canada,"LinkedIn Ads",Desktop
5667,2023-10-03,Australia,"LinkedIn Ads",Mobile
5668,2024-06-16,India,"Facebook Ads",Mobile
5669,2024-01-05,Australia,"LinkedIn Ads",Mobile
5670,2023-07-21,Australia,"Facebook Ads",Mobile
5671,2023-09-07,Australia,Organic,Mobile
5672,2024-01-06,Canada,"LinkedIn Ads",Mobile
5673,2024-03-24,USA,"Google Ads",Mobile
5674,2023-04-10,Canada,"Facebook Ads",Tablet
5675,2023-01-21,Canada,Organic,Tablet
5676,2023-10-05,Germany,"Facebook Ads",Tablet
5677,2023-09-24,India,"Google Ads",Desktop
5678,2023-12-24,USA,"Facebook Ads",Mobile
5679,2023-10-20,Australia,Organic,Desktop
5680,2023-10-14,UK,"LinkedIn Ads",Desktop
5681,2023-11-04,Germany,Referral,Desktop
5682,2024-02-14,Germany,Organic,Mobile
5683,2023-09-18,USA,Referral,Tablet
5684,2023-03-12,India,"LinkedIn Ads",Tablet
5685,2023-10-05,Germany,"Facebook Ads",Desktop
5686,2024-04-05,USA,"LinkedIn Ads",Desktop
5687,2024-01-12,Germany,Referral,Tablet
5688,2024-06-18,USA,"LinkedIn Ads",Mobile
5689,2024-01-19,USA,Referral,Desktop
5690,2023-10-10,UK,Referral,Mobile
5691,2023-01-21,Germany,"LinkedIn Ads",Tablet
5692,2023-06-15,Germany,Organic,Desktop
5693,2023-10-26,Canada,Organic,Desktop
5694,2023-08-19,UK,"Facebook Ads",Mobile
5695,2023-09-03,Germany,"Facebook Ads",Mobile
5696,2024-02-17,India,"Google Ads",Tablet
5697,2024-04-01,Canada,Organic,Mobile
5698,2024-02-16,Australia,Organic,Tablet
5699,2024-02-06,Germany,"Facebook Ads",Mobile
5700,2023-12-13,UK,Organic,Desktop
5701,2023-03-08,India,"LinkedIn Ads",Tablet
5702,2023-08-16,UK,Organic,Desktop
5703,2024-03-29,Australia,"LinkedIn Ads",Tablet
5704,2024-03-22,Germany,Organic,Desktop
5705,2024-02-13,UK,"Facebook Ads",Mobile
5706,2023-08-16,Canada,"LinkedIn Ads",Tablet
5707,2024-05-09,Australia,Referral,Mobile
5708,2024-03-17,Australia,"Google Ads",Tablet
5709,2023-05-07,UK,"Facebook Ads",Mobile
5710,2023-04-06,UK,Referral,Mobile
5711,2023-07-08,Australia,"Facebook Ads",Desktop
5712,2024-01-19,Australia,Organic,Mobile
5713,2023-02-15,Germany,Organic,Mobile
5714,2024-01-09,Canada,"LinkedIn Ads",Desktop
5715,2024-01-16,UK,Referral,Tablet
5716,2023-09-14,USA,Organic,Mobile
5717,2023-02-01,India,Referral,Mobile
5718,2024-04-19,Australia,"Google Ads",Desktop
5719,2024-02-26,India,Referral,Mobile
5720,2024-04-14,Australia,Organic,Tablet
5721,2023-12-21,USA,"LinkedIn Ads",Tablet
5722,2023-05-20,Germany,"Facebook Ads",Desktop
5723,2024-02-17,Australia,"Google Ads",Mobile
5724,2024-03-30,Australia,Referral,Mobile
5725,2024-04-06,UK,"Facebook Ads",Desktop
5726,2023-07-26,UK,"LinkedIn Ads",Mobile
5727,2023-12-19,Germany,"Facebook Ads",Mobile
5728,2023-07-27,Australia,"Facebook Ads",Tablet
5729,2024-04-29,Germany,Referral,Tablet
5730,2023-03-09,India,Organic,Mobile
5731,2024-01-31,USA,"Facebook Ads",Tablet
5732,2024-01-04,Canada,Referral,Mobile
5733,2023-12-05,Germany,"Facebook Ads",Tablet
5734,2023-06-29,USA,"LinkedIn Ads",Tablet
5735,2024-04-30,Germany,"Facebook Ads",Mobile
5736,2023-10-20,Germany,Organic,Mobile
5737,2024-05-27,UK,"Facebook Ads",Desktop
5738,2024-05-30,Australia,Organic,Mobile
5739,2023-06-03,Canada,Referral,Desktop
5740,2024-03-24,Australia,"Google Ads",Mobile
5741,2024-06-11,India,Organic,Desktop
5742,2023-10-09,UK,"Google Ads",Desktop
5743,2023-05-30,UK,Organic,Tablet
5744,2023-09-26,Germany,"Facebook Ads",Desktop
5745,2023-09-23,Canada,"Facebook Ads",Tablet
5746,2024-03-06,USA,Referral,Mobile
5747,2023-03-19,USA,Organic,Mobile
5748,2023-12-05,USA,"Google Ads",Mobile
5749,2024-02-13,India,Referral,Desktop
5750,2023-12-10,Germany,"Facebook Ads",Tablet
5751,2023-01-22,India,"LinkedIn Ads",Tablet
5752,2023-12-24,UK,"LinkedIn Ads",Desktop
5753,2023-10-19,Canada,Organic,Tablet
5754,2023-11-09,UK,Referral,Desktop
5755,2024-06-19,Australia,Referral,Mobile
5756,2023-05-09,UK,"Facebook Ads",Mobile
5757,2023-03-29,India,"LinkedIn Ads",Tablet
5758,2023-09-16,USA,"LinkedIn Ads",Tablet
5759,2023-06-05,India,"Facebook Ads",Desktop
5760,2023-07-27,Australia,Organic,Mobile
5761,2023-05-01,Germany,"Google Ads",Tablet
5762,2024-05-16,Australia,Organic,Tablet
5763,2024-02-04,Germany,"Facebook Ads",Desktop
5764,2024-02-03,India,"Facebook Ads",Tablet
5765,2024-05-06,Australia,"Facebook Ads",Tablet
5766,2023-07-22,Canada,Organic,Tablet
5767,2023-07-07,UK,"Facebook Ads",Tablet
5768,2023-04-24,Germany,"Facebook Ads",Desktop
5769,2023-09-29,USA,"LinkedIn Ads",Desktop
5770,2024-01-26,UK,"Facebook Ads",Tablet
5771,2023-09-21,Germany,"LinkedIn Ads",Mobile
5772,2023-06-14,Canada,"LinkedIn Ads",Mobile
5773,2024-02-13,USA,"LinkedIn Ads",Mobile
5774,2023-08-09,Australia,Referral,Desktop
5775,2023-04-16,Australia,"Google Ads",Tablet
5776,2023-09-19,Germany,Organic,Mobile
5777,2024-01-19,USA,"Facebook Ads",Desktop
5778,2023-04-08,USA,Organic,Tablet
5779,2024-06-08,Australia,"LinkedIn Ads",Mobile
5780,2024-05-30,Australia,Referral,Desktop
5781,2023-08-11,India,"Facebook Ads",Tablet
5782,2023-08-21,Australia,"LinkedIn Ads",Desktop
5783,2023-03-12,Germany,Organic,Tablet
5784,2023-06-04,Australia,Organic,Mobile
5785,2023-12-05,Germany,"LinkedIn Ads",Tablet
5786,2024-03-25,Australia,"Google Ads",Desktop
5787,2023-08-25,India,Organic,Desktop
5788,2024-06-19,India,"LinkedIn Ads",Tablet
5789,2024-02-26,Australia,"Google Ads",Desktop
5790,2023-07-08,UK,"LinkedIn Ads",Desktop
5791,2024-06-21,Germany,"Facebook Ads",Tablet
5792,2023-02-17,Canada,Referral,Mobile
5793,2023-10-13,USA,"Facebook Ads",Desktop
5794,2023-04-22,Germany,Organic,Desktop
5795,2023-12-19,UK,Referral,Tablet
5796,2023-02-26,India,"Facebook Ads",Mobile
5797,2023-04-21,UK,"Facebook Ads",Desktop
5798,2024-06-21,Canada,"Google Ads",Desktop
5799,2023-04-03,USA,"Facebook Ads",Mobile
5800,2023-07-01,UK,Organic,Tablet
5801,2023-09-17,USA,"LinkedIn Ads",Tablet
5802,2023-09-26,India,Referral,Tablet
5803,2024-05-19,India,"Google Ads",Tablet
5804,2024-02-16,USA,"LinkedIn Ads",Mobile
5805,2024-05-09,Canada,"Google Ads",Tablet
5806,2023-06-23,India,Organic,Mobile
5807,2023-08-23,Canada,Referral,Tablet
5808,2023-12-03,Germany,Referral,Tablet
5809,2023-03-27,USA,Referral,Desktop
5810,2024-01-29,UK,Organic,Tablet
5811,2023-07-11,Australia,"Facebook Ads",Mobile
5812,2023-09-07,Canada,Referral,Tablet
5813,2023-12-18,Australia,"Facebook Ads",Desktop
5814,2023-04-07,Canada,"LinkedIn Ads",Desktop
5815,2024-06-10,UK,"Google Ads",Mobile
5816,2024-01-14,Australia,Organic,Mobile
5817,2023-12-21,Canada,Referral,Desktop
5818,2024-02-20,USA,"Facebook Ads",Mobile
5819,2023-03-02,UK,"Google Ads",Tablet
5820,2024-05-30,Australia,Referral,Desktop
5821,2024-06-17,UK,"Google Ads",Desktop
5822,2023-10-01,USA,"Google Ads",Mobile
5823,2023-09-18,UK,Referral,Mobile
5824,2023-01-31,India,"Google Ads",Tablet
5825,2023-10-05,UK,"LinkedIn Ads",Tablet
5826,2024-01-26,Canada,"LinkedIn Ads",Mobile
5827,2024-04-11,Canada,"Google Ads",Mobile
5828,2023-06-06,UK,Referral,Tablet
5829,2024-02-06,India,"LinkedIn Ads",Mobile
5830,2024-03-10,UK,Referral,Mobile
5831,2024-04-01,USA,"LinkedIn Ads",Desktop
5832,2023-05-18,USA,"Google Ads",Tablet
5833,2023-06-09,USA,Organic,Tablet
5834,2023-03-20,India,"Facebook Ads",Desktop
5835,2024-02-26,Canada,"LinkedIn Ads",Tablet
5836,2023-08-15,Canada,Referral,Desktop
5837,2023-07-18,UK,"Google Ads",Mobile
5838,2023-12-15,India,"LinkedIn Ads",Tablet
5839,2024-05-26,USA,"LinkedIn Ads",Mobile
5840,2023-05-01,Canada,Referral,Mobile
5841,2023-11-15,USA,"LinkedIn Ads",Mobile
5842,2023-06-03,Australia,Referral,Tablet
5843,2024-06-14,USA,"LinkedIn Ads",Tablet
5844,2023-03-25,Canada,"Facebook Ads",Desktop
5845,2023-05-27,Australia,Referral,Tablet
5846,2023-08-18,UK,"Google Ads",Desktop
5847,2024-05-28,Australia,"Facebook Ads",Tablet
5848,2024-01-31,USA,"Google Ads",Tablet
5849,2023-06-02,UK,Referral,Tablet
5850,2024-02-17,Germany,Referral,Desktop
5851,2023-12-22,India,Organic,Tablet
5852,2023-09-22,Germany,"LinkedIn Ads",Mobile
5853,2023-02-18,India,"LinkedIn Ads",Mobile
5854,2024-03-01,Germany,Referral,Mobile
5855,2024-02-02,Australia,"Facebook Ads",Desktop
5856,2023-06-05,Germany,Organic,Desktop
5857,2023-09-16,Canada,Organic,Desktop
5858,2024-06-07,USA,"LinkedIn Ads",Mobile
5859,2023-02-19,India,Referral,Tablet
5860,2024-01-31,USA,Referral,Tablet
5861,2024-04-10,Canada,"Facebook Ads",Desktop
5862,2023-09-07,India,"Facebook Ads",Mobile
5863,2023-06-17,UK,"LinkedIn Ads",Mobile
5864,2023-05-30,Germany,"Google Ads",Desktop
5865,2023-09-18,Germany,"Google Ads",Tablet
5866,2023-03-09,Canada,"LinkedIn Ads",Tablet
5867,2023-11-02,India,Organic,Mobile
5868,2023-09-27,Canada,"Google Ads",Mobile
5869,2023-11-05,Australia,"Facebook Ads",Desktop
5870,2024-06-19,Australia,"LinkedIn Ads",Desktop
5871,2023-03-26,UK,Referral,Mobile
5872,2023-02-06,Canada,"Google Ads",Tablet
5873,2023-10-18,Germany,"LinkedIn Ads",Mobile
5874,2024-03-27,Australia,Referral,Tablet
5875,2023-08-02,UK,"Facebook Ads",Tablet
5876,2023-11-19,Australia,Referral,Desktop
5877,2023-04-29,India,Organic,Desktop
5878,2024-01-10,Canada,Referral,Desktop
5879,2023-04-21,USA,Organic,Mobile
5880,2024-05-02,UK,Organic,Mobile
5881,2023-01-16,Germany,"Facebook Ads",Mobile
5882,2024-06-25,India,Referral,Desktop
5883,2023-05-02,India,"Google Ads",Tablet
5884,2023-12-05,India,"LinkedIn Ads",Mobile
5885,2023-03-12,USA,"Google Ads",Mobile
5886,2023-12-17,UK,"Google Ads",Desktop
5887,2023-06-11,USA,Referral,Mobile
5888,2023-12-15,UK,"Google Ads",Mobile
5889,2023-06-22,Canada,"Google Ads",Desktop
5890,2024-04-13,Australia,"Google Ads",Mobile
5891,2024-04-05,Australia,"LinkedIn Ads",Tablet
5892,2023-10-01,Australia,"Facebook Ads",Mobile
5893,2023-12-31,UK,"Google Ads",Tablet
5894,2023-09-22,UK,Referral,Mobile
5895,2024-04-04,Australia,"Facebook Ads",Desktop
5896,2023-06-16,USA,"Google Ads",Desktop
5897,2024-04-02,India,Organic,Tablet
5898,2023-05-01,USA,Organic,Mobile
5899,2024-02-27,Germany,"LinkedIn Ads",Tablet
5900,2023-04-09,USA,Referral,Tablet
5901,2023-09-21,USA,Referral,Desktop
5902,2023-12-05,USA,"Google Ads",Desktop
5903,2023-05-23,India,Organic,Tablet
5904,2023-05-16,UK,Organic,Mobile
5905,2024-05-23,Germany,Referral,Tablet
5906,2024-05-04,Canada,Referral,Mobile
5907,2024-06-06,India,"LinkedIn Ads",Desktop
5908,2023-10-13,India,"Facebook Ads",Tablet
5909,2023-12-05,Germany,Referral,Desktop
5910,2024-05-03,UK,"LinkedIn Ads",Desktop
5911,2024-04-08,USA,"LinkedIn Ads",Desktop
5912,2024-05-04,India,Organic,Tablet
5913,2024-02-03,Australia,"Facebook Ads",Mobile
5914,2024-05-28,India,"Facebook Ads",Mobile
5915,2024-01-01,Germany,Referral,Mobile
5916,2023-06-08,Canada,"Facebook Ads",Desktop
5917,2023-05-20,USA,"Google Ads",Mobile
5918,2023-06-03,USA,Organic,Tablet
5919,2024-01-20,Germany,"LinkedIn Ads",Mobile
5920,2024-06-12,India,Organic,Mobile
5921,2023-09-08,Germany,"Google Ads",Desktop
5922,2023-11-01,India,Organic,Desktop
5923,2023-08-26,Australia,"LinkedIn Ads",Desktop
5924,2023-03-29,Germany,Organic,Tablet
5925,2024-05-04,Germany,Referral,Desktop
5926,2023-12-10,Germany,"LinkedIn Ads",Mobile
5927,2023-06-21,UK,"LinkedIn Ads",Desktop
5928,2024-01-23,UK,"LinkedIn Ads",Mobile
5929,2024-05-17,India,"Facebook Ads",Tablet
5930,2023-10-15,Germany,Organic,Mobile
5931,2023-06-22,Canada,"Facebook Ads",Tablet
5932,2023-05-06,Australia,Organic,Mobile
5933,2024-06-25,Australia,Referral,Mobile
5934,2023-07-22,Australia,Referral,Desktop
5935,2023-06-03,UK,Organic,Desktop
5936,2024-02-18,UK,Referral,Tablet
5937,2023-06-10,Canada,"Facebook Ads",Desktop
5938,2023-02-15,UK,Organic,Tablet
5939,2023-06-18,India,"LinkedIn Ads",Tablet
5940,2024-05-12,UK,"LinkedIn Ads",Tablet
5941,2024-06-25,India,"Facebook Ads",Desktop
5942,2024-03-03,Canada,Referral,Desktop
5943,2023-11-12,Australia,Organic,Mobile
5944,2023-09-14,USA,"Google Ads",Mobile
5945,2023-08-21,India,"LinkedIn Ads",Desktop
5946,2023-09-30,Canada,Organic,Tablet
5947,2024-02-05,USA,Referral,Mobile
5948,2023-04-02,USA,"LinkedIn Ads",Desktop
5949,2024-03-16,Australia,"Google Ads",Mobile
5950,2023-08-17,India,"Facebook Ads",Desktop
5951,2023-04-16,Germany,"Facebook Ads",Desktop
5952,2023-11-11,India,"Facebook Ads",Tablet
5953,2023-04-14,Germany,"Facebook Ads",Mobile
5954,2024-03-26,USA,Organic,Mobile
5955,2023-07-25,UK,Organic,Desktop
5956,2024-01-12,Canada,Referral,Desktop
5957,2023-09-22,UK,"Facebook Ads",Desktop
5958,2023-06-08,India,"Google Ads",Mobile
5959,2024-06-28,UK,"LinkedIn Ads",Desktop
5960,2023-12-15,Germany,Organic,Mobile
5961,2024-01-29,India,"Facebook Ads",Mobile
5962,2024-01-24,Canada,Organic,Mobile
5963,2023-04-21,Germany,Referral,Mobile
5964,2023-06-05,Germany,"LinkedIn Ads",Desktop
5965,2023-07-06,Germany,"LinkedIn Ads",Tablet
5966,2023-01-12,Australia,"LinkedIn Ads",Tablet
5967,2023-06-12,Canada,Referral,Tablet
5968,2024-02-29,UK,"LinkedIn Ads",Tablet
5969,2023-03-28,Germany,"Google Ads",Desktop
5970,2023-03-08,India,"LinkedIn Ads",Desktop
5971,2023-05-08,Germany,"Facebook Ads",Desktop
5972,2023-01-22,USA,"LinkedIn Ads",Mobile
5973,2023-01-08,Canada,"LinkedIn Ads",Tablet
5974,2024-05-04,India,Referral,Desktop
5975,2023-10-31,Australia,"Facebook Ads",Desktop
5976,2024-03-11,Australia,Organic,Tablet
5977,2023-07-30,USA,"Google Ads",Desktop
5978,2023-02-25,Germany,"Facebook Ads",Desktop
5979,2023-05-11,Germany,"Google Ads",Tablet
5980,2023-01-30,Australia,Referral,Tablet
5981,2023-10-10,USA,"LinkedIn Ads",Mobile
5982,2024-02-03,Germany,"LinkedIn Ads",Mobile
5983,2023-10-03,Germany,"Google Ads",Desktop
5984,2023-02-09,Australia,"Google Ads",Mobile
5985,2023-04-04,UK,"Facebook Ads",Mobile
5986,2024-02-11,Canada,"Google Ads",Tablet
5987,2023-12-24,Germany,Organic,Desktop
5988,2023-08-29,Canada,"Google Ads",Mobile
5989,2024-05-27,USA,Organic,Mobile
5990,2023-08-11,USA,"Google Ads",Mobile
5991,2023-12-21,Canada,Organic,Tablet
5992,2023-10-17,USA,Organic,Tablet
5993,2023-08-19,Canada,"LinkedIn Ads",Tablet
5994,2023-07-10,India,"Google Ads",Mobile
5995,2024-06-04,USA,"Facebook Ads",Desktop
5996,2023-12-04,UK,Referral,Tablet
5997,2023-10-30,Germany,"LinkedIn Ads",Tablet
5998,2023-02-09,India,Referral,Tablet
5999,2023-10-14,India,"LinkedIn Ads",Tablet
6000,2023-02-28,Canada,"LinkedIn Ads",Desktop
6001,2024-02-19,UK,"Facebook Ads",Desktop
6002,2023-02-16,Canada,"Google Ads",Mobile
6003,2023-05-11,Canada,"Google Ads",Desktop
6004,2024-01-12,Germany,Organic,Desktop
6005,2023-05-16,Canada,"Google Ads",Tablet
6006,2024-01-10,USA,Organic,Mobile
6007,2023-01-10,Canada,"Facebook Ads",Mobile
6008,2023-10-15,India,"Google Ads",Desktop
6009,2023-08-08,UK,"Facebook Ads",Tablet
6010,2023-11-09,Canada,"Google Ads",Desktop
6011,2023-07-01,Australia,Referral,Tablet
6012,2023-01-27,Germany,Organic,Tablet
6013,2024-01-01,Canada,"Facebook Ads",Tablet
6014,2024-01-21,USA,"Facebook Ads",Mobile
6015,2024-05-13,USA,"Facebook Ads",Desktop
6016,2024-05-03,Germany,Referral,Mobile
6017,2023-02-17,Germany,"LinkedIn Ads",Tablet
6018,2023-10-12,UK,"LinkedIn Ads",Desktop
6019,2023-07-28,India,"Facebook Ads",Desktop
6020,2023-11-27,Canada,"Facebook Ads",Tablet
6021,2023-12-15,Canada,Referral,Desktop
6022,2024-06-28,USA,"LinkedIn Ads",Mobile
6023,2024-06-16,USA,"LinkedIn Ads",Tablet
6024,2023-01-19,Canada,Referral,Tablet
6025,2023-07-01,Canada,Organic,Mobile
6026,2023-11-30,USA,Referral,Mobile
6027,2024-03-16,Germany,Referral,Mobile
6028,2023-09-05,Germany,Organic,Desktop
6029,2024-03-22,India,Organic,Desktop
6030,2024-01-06,Australia,"Google Ads",Mobile
6031,2023-03-22,Australia,Referral,Mobile
6032,2023-11-14,Canada,"Facebook Ads",Tablet
6033,2024-03-10,India,"LinkedIn Ads",Desktop
6034,2023-11-15,UK,Organic,Desktop
6035,2023-12-09,Canada,Referral,Desktop
6036,2024-05-19,India,"Google Ads",Mobile
6037,2023-04-15,Australia,Organic,Desktop
6038,2023-01-26,Australia,"Google Ads",Desktop
6039,2023-02-09,UK,"Facebook Ads",Mobile
6040,2023-04-27,Canada,"Facebook Ads",Mobile
6041,2023-05-11,India,"Google Ads",Mobile
6042,2023-02-24,Canada,"Google Ads",Tablet
6043,2024-03-09,USA,Referral,Desktop
6044,2023-02-28,India,Referral,Mobile
6045,2023-10-14,Canada,"Google Ads",Mobile
6046,2023-06-27,UK,"LinkedIn Ads",Mobile
6047,2023-08-15,USA,Referral,Mobile
6048,2024-04-25,India,Referral,Desktop
6049,2024-06-27,USA,"LinkedIn Ads",Mobile
6050,2023-07-17,Canada,"Facebook Ads",Mobile
6051,2023-01-24,USA,"Facebook Ads",Desktop
6052,2023-05-18,Germany,"LinkedIn Ads",Desktop
6053,2023-08-02,USA,"Google Ads",Tablet
6054,2023-03-10,Australia,Referral,Tablet
6055,2024-04-09,USA,Organic,Mobile
6056,2024-02-08,India,Referral,Desktop
6057,2023-08-08,Australia,Organic,Tablet
6058,2023-01-14,Canada,Referral,Desktop
6059,2024-01-08,Australia,Referral,Mobile
6060,2023-04-06,Canada,Organic,Desktop
6061,2024-05-05,Canada,"Facebook Ads",Mobile
6062,2024-06-19,USA,"Google Ads",Desktop
6063,2024-04-23,Australia,"LinkedIn Ads",Tablet
6064,2023-07-16,UK,"LinkedIn Ads",Desktop
6065,2023-10-11,UK,"Google Ads",Mobile
6066,2024-05-12,USA,"Google Ads",Tablet
6067,2024-01-22,Canada,"LinkedIn Ads",Desktop
6068,2023-10-01,UK,"Facebook Ads",Tablet
6069,2023-11-03,India,Organic,Desktop
6070,2024-05-11,Australia,"Facebook Ads",Mobile
6071,2023-07-15,USA,"Google Ads",Desktop
6072,2024-05-07,Germany,"Google Ads",Tablet
6073,2023-12-02,UK,"Google Ads",Tablet
6074,2024-03-22,USA,Referral,Mobile
6075,2023-07-31,UK,"Google Ads",Mobile
6076,2023-03-28,USA,"Google Ads",Tablet
6077,2024-06-10,India,"Google Ads",Desktop
6078,2023-04-05,UK,"LinkedIn Ads",Tablet
6079,2024-04-09,UK,Organic,Desktop
6080,2023-03-26,India,Organic,Mobile
6081,2024-05-01,UK,Referral,Mobile
6082,2024-04-16,Australia,"Google Ads",Mobile
6083,2023-09-06,UK,"Facebook Ads",Desktop
6084,2023-12-22,Australia,"LinkedIn Ads",Desktop
6085,2023-11-18,Canada,"Facebook Ads",Tablet
6086,2023-06-23,Germany,Referral,Desktop
6087,2024-03-25,UK,"Google Ads",Mobile
6088,2023-11-27,Australia,"Facebook Ads",Desktop
6089,2023-06-09,Australia,"Facebook Ads",Mobile
6090,2023-12-21,Germany,Referral,Mobile
6091,2023-10-29,India,"LinkedIn Ads",Desktop
6092,2023-03-04,USA,Organic,Desktop
6093,2024-02-25,Germany,"Google Ads",Tablet
6094,2024-03-18,Australia,Referral,Tablet
6095,2023-05-31,UK,Referral,Tablet
6096,2023-03-19,UK,"Google Ads",Mobile
6097,2023-11-08,USA,"Google Ads",Mobile
6098,2024-02-25,UK,"Facebook Ads",Tablet
6099,2023-05-02,India,"Google Ads",Mobile
6100,2024-02-26,India,Referral,Tablet
6101,2023-01-18,USA,Organic,Desktop
6102,2024-01-14,Germany,Referral,Desktop
6103,2023-11-18,UK,"Facebook Ads",Desktop
6104,2023-02-12,India,"LinkedIn Ads",Mobile
6105,2023-07-13,Canada,"Google Ads",Desktop
6106,2023-08-12,UK,"Facebook Ads",Desktop
6107,2023-08-25,UK,Organic,Tablet
6108,2023-07-29,Germany,Referral,Mobile
6109,2024-05-09,India,"Google Ads",Tablet
6110,2023-01-28,UK,"Facebook Ads",Mobile
6111,2024-04-17,India,Referral,Mobile
6112,2023-10-28,Germany,"Google Ads",Desktop
6113,2024-06-14,USA,"LinkedIn Ads",Desktop
6114,2023-05-09,Canada,"Facebook Ads",Mobile
6115,2023-09-21,Germany,Organic,Mobile
6116,2023-09-02,India,"LinkedIn Ads",Mobile
6117,2023-09-19,India,Referral,Desktop
6118,2023-08-10,UK,"Google Ads",Desktop
6119,2023-09-29,Germany,Organic,Desktop
6120,2024-04-03,Canada,Referral,Tablet
6121,2023-02-28,Australia,"LinkedIn Ads",Desktop
6122,2023-05-18,Germany,Organic,Mobile
6123,2023-07-05,Germany,Organic,Desktop
6124,2024-05-08,Australia,Organic,Mobile
6125,2023-10-06,India,Organic,Desktop
6126,2023-09-09,Canada,"LinkedIn Ads",Desktop
6127,2024-01-06,UK,"Facebook Ads",Mobile
6128,2023-06-14,UK,"Google Ads",Mobile
6129,2023-08-03,Australia,"LinkedIn Ads",Tablet
6130,2023-07-05,India,Organic,Desktop
6131,2023-11-07,USA,"Google Ads",Desktop
6132,2023-08-27,India,"Facebook Ads",Desktop
6133,2024-01-24,Australia,"Facebook Ads",Mobile
6134,2024-01-29,Canada,"LinkedIn Ads",Mobile
6135,2023-10-31,Canada,"Google Ads",Mobile
6136,2024-04-17,Germany,Organic,Mobile
6137,2023-08-15,USA,"Facebook Ads",Tablet
6138,2023-07-19,UK,"LinkedIn Ads",Mobile
6139,2023-02-15,India,"Google Ads",Mobile
6140,2023-08-31,Germany,"Google Ads",Desktop
6141,2023-09-25,UK,"LinkedIn Ads",Tablet
6142,2023-11-05,Germany,"Facebook Ads",Mobile
6143,2023-03-27,USA,"Facebook Ads",Desktop
6144,2024-03-18,Germany,"LinkedIn Ads",Desktop
6145,2024-01-06,Canada,Referral,Desktop
6146,2024-01-08,USA,"Google Ads",Desktop
6147,2023-09-07,Germany,"Facebook Ads",Tablet
6148,2023-05-16,Germany,"Facebook Ads",Mobile
6149,2024-04-07,Australia,"Google Ads",Tablet
6150,2024-05-23,Germany,"Facebook Ads",Tablet
6151,2024-02-09,Canada,"LinkedIn Ads",Mobile
6152,2024-05-22,USA,Referral,Tablet
6153,2024-01-09,USA,"Facebook Ads",Tablet
6154,2024-05-21,Canada,"LinkedIn Ads",Tablet
6155,2023-06-19,UK,Organic,Desktop
6156,2023-03-08,UK,"Facebook Ads",Mobile
6157,2023-08-14,Germany,"Google Ads",Mobile
6158,2024-01-14,India,"Facebook Ads",Desktop
6159,2023-04-28,India,Referral,Desktop
6160,2023-08-27,UK,Organic,Desktop
6161,2023-11-17,Germany,"LinkedIn Ads",Tablet
6162,2024-05-12,India,"Google Ads",Tablet
6163,2023-06-04,Canada,Referral,Tablet
6164,2023-02-28,USA,"Facebook Ads",Desktop
6165,2023-03-24,Australia,Organic,Mobile
6166,2023-09-29,Canada,Organic,Desktop
6167,2023-06-27,USA,"Facebook Ads",Desktop
6168,2023-09-25,USA,"Google Ads",Desktop
6169,2024-06-17,Canada,"LinkedIn Ads",Tablet
6170,2023-10-20,Canada,"LinkedIn Ads",Tablet
6171,2024-01-27,Canada,Referral,Desktop
6172,2023-05-29,Canada,"Facebook Ads",Tablet
6173,2023-03-02,USA,Referral,Mobile
6174,2023-03-08,USA,"LinkedIn Ads",Tablet
6175,2023-07-04,USA,"LinkedIn Ads",Desktop
6176,2024-02-04,UK,Referral,Tablet
6177,2023-04-18,USA,"Facebook Ads",Tablet
6178,2023-09-20,UK,Referral,Tablet
6179,2023-12-16,UK,Organic,Desktop
6180,2023-05-21,Australia,"Facebook Ads",Tablet
6181,2023-10-13,Canada,"Facebook Ads",Mobile
6182,2023-11-06,USA,Organic,Desktop
6183,2023-08-28,Australia,Organic,Mobile
6184,2023-04-19,Canada,"Google Ads",Mobile
6185,2023-12-22,USA,Referral,Desktop
6186,2023-12-08,UK,"LinkedIn Ads",Mobile
6187,2024-01-28,Canada,"Google Ads",Tablet
6188,2023-08-24,UK,Organic,Desktop
6189,2023-08-13,India,"Google Ads",Desktop
6190,2023-01-08,Canada,"Facebook Ads",Desktop
6191,2023-10-10,UK,"LinkedIn Ads",Desktop
6192,2024-06-09,Australia,"Google Ads",Desktop
6193,2023-01-31,India,Referral,Tablet
6194,2023-05-21,USA,Referral,Desktop
6195,2023-09-10,Australia,"Google Ads",Desktop
6196,2024-01-12,Germany,"Google Ads",Mobile
6197,2023-02-20,UK,Organic,Mobile
6198,2024-02-24,USA,"Google Ads",Tablet
6199,2023-07-26,Canada,"Facebook Ads",Mobile
6200,2023-04-03,UK,Organic,Tablet
6201,2023-11-26,UK,"LinkedIn Ads",Mobile
6202,2023-02-22,Australia,Organic,Desktop
6203,2023-12-08,Canada,Referral,Mobile
6204,2024-06-21,Canada,"Facebook Ads",Desktop
6205,2023-10-12,UK,Referral,Desktop
6206,2023-08-17,Canada,"LinkedIn Ads",Tablet
6207,2024-03-25,India,"Facebook Ads",Desktop
6208,2023-06-13,Germany,Referral,Desktop
6209,2023-12-18,India,"Google Ads",Mobile
6210,2023-07-11,UK,Organic,Desktop
6211,2023-03-28,Australia,Organic,Desktop
6212,2024-06-02,UK,Organic,Tablet
6213,2024-03-25,USA,Referral,Desktop
6214,2023-12-30,Australia,Referral,Tablet
6215,2024-04-07,Canada,"Google Ads",Mobile
6216,2024-02-23,Australia,"LinkedIn Ads",Mobile
6217,2024-01-05,UK,Organic,Mobile
6218,2023-05-16,UK,Referral,Tablet
6219,2024-01-27,Germany,"LinkedIn Ads",Mobile
6220,2024-03-01,Germany,"Google Ads",Desktop
6221,2023-01-08,Germany,"LinkedIn Ads",Mobile
6222,2024-03-13,UK,Referral,Desktop
6223,2024-02-20,Australia,"Google Ads",Mobile
6224,2023-02-22,UK,Referral,Mobile
6225,2023-07-13,Canada,"Facebook Ads",Mobile
6226,2023-09-29,Canada,"Google Ads",Tablet
6227,2023-11-20,Canada,"Google Ads",Mobile
6228,2024-03-21,India,"LinkedIn Ads",Desktop
6229,2023-08-21,Australia,Organic,Tablet
6230,2024-04-28,USA,"LinkedIn Ads",Desktop
6231,2024-03-21,UK,Referral,Mobile
6232,2023-03-20,Germany,"Google Ads",Tablet
6233,2024-05-18,India,"Google Ads",Tablet
6234,2023-07-06,India,"Facebook Ads",Mobile
6235,2023-11-06,Canada,"Google Ads",Mobile
6236,2023-06-27,India,"Google Ads",Desktop
6237,2023-10-13,Germany,Referral,Tablet
6238,2023-09-23,UK,"Google Ads",Mobile
6239,2023-03-13,India,Organic,Desktop
6240,2023-10-31,India,"LinkedIn Ads",Mobile
6241,2023-11-20,Australia,Referral,Mobile
6242,2023-07-19,Australia,Referral,Tablet
6243,2024-05-21,India,"Google Ads",Mobile
6244,2023-01-16,USA,Referral,Desktop
6245,2023-05-22,UK,Referral,Mobile
6246,2024-04-08,Australia,"LinkedIn Ads",Mobile
6247,2023-04-28,UK,"Google Ads",Desktop
6248,2023-12-23,USA,"Facebook Ads",Mobile
6249,2023-05-07,Germany,"LinkedIn Ads",Mobile
6250,2023-12-28,Canada,"LinkedIn Ads",Mobile
6251,2023-12-12,UK,"Google Ads",Mobile
6252,2023-06-17,UK,Organic,Mobile
6253,2023-08-16,UK,"Facebook Ads",Mobile
6254,2023-04-28,Canada,Organic,Tablet
6255,2024-03-02,Canada,"LinkedIn Ads",Tablet
6256,2024-01-24,UK,"Google Ads",Desktop
6257,2023-12-26,Canada,Organic,Tablet
6258,2024-06-24,USA,"Google Ads",Desktop
6259,2023-08-30,UK,"Google Ads",Tablet
6260,2024-06-26,Germany,Referral,Desktop
6261,2024-04-10,Australia,"Google Ads",Tablet
6262,2023-07-20,Canada,"LinkedIn Ads",Tablet
6263,2023-06-05,Germany,"Facebook Ads",Tablet
6264,2024-02-26,USA,"Google Ads",Tablet
6265,2024-03-09,Australia,Referral,Mobile
6266,2023-04-13,Australia,"Google Ads",Desktop
6267,2023-08-22,USA,"Google Ads",Tablet
6268,2024-01-28,India,Referral,Tablet
6269,2024-01-06,Australia,Referral,Desktop
6270,2024-03-24,Australia,"LinkedIn Ads",Desktop
6271,2024-02-29,Germany,"Facebook Ads",Desktop
6272,2023-06-25,Canada,Referral,Desktop
6273,2023-12-10,Canada,"Facebook Ads",Mobile
6274,2024-02-29,Germany,Organic,Tablet
6275,2023-05-05,Canada,"LinkedIn Ads",Desktop
6276,2024-04-02,Germany,Organic,Mobile
6277,2024-04-11,UK,"Facebook Ads",Mobile
6278,2024-05-10,Germany,"Google Ads",Tablet
6279,2023-08-05,India,"Facebook Ads",Mobile
6280,2023-08-02,Australia,"LinkedIn Ads",Desktop
6281,2023-11-21,India,Organic,Desktop
6282,2023-01-15,UK,"LinkedIn Ads",Desktop
6283,2023-04-04,Australia,"LinkedIn Ads",Mobile
6284,2023-05-12,Canada,Referral,Desktop
6285,2024-01-17,Germany,"LinkedIn Ads",Tablet
6286,2023-07-24,UK,Organic,Mobile
6287,2023-07-23,Australia,"Facebook Ads",Desktop
6288,2023-08-31,UK,"Facebook Ads",Tablet
6289,2023-08-23,Australia,Organic,Tablet
6290,2024-02-27,Germany,"LinkedIn Ads",Mobile
6291,2024-04-18,Canada,Referral,Tablet
6292,2023-10-23,Australia,"Facebook Ads",Mobile
6293,2023-01-29,Germany,"Google Ads",Desktop
6294,2024-06-19,UK,"Google Ads",Tablet
6295,2024-03-27,Germany,"Google Ads",Desktop
6296,2023-10-16,India,"Google Ads",Tablet
6297,2023-05-26,India,"Facebook Ads",Tablet
6298,2023-07-25,UK,Organic,Mobile
6299,2024-03-13,Canada,"Facebook Ads",Mobile
6300,2023-11-24,USA,"Google Ads",Desktop
6301,2023-01-10,India,Organic,Tablet
6302,2023-11-10,India,"Facebook Ads",Desktop
6303,2023-04-27,India,"LinkedIn Ads",Tablet
6304,2023-07-01,Germany,"Facebook Ads",Mobile
6305,2023-09-10,Canada,Organic,Tablet
6306,2024-04-03,USA,"Google Ads",Mobile
6307,2023-02-19,Germany,"LinkedIn Ads",Mobile
6308,2024-03-10,Australia,Referral,Mobile
6309,2024-05-30,USA,"Google Ads",Desktop
6310,2023-07-26,Australia,"LinkedIn Ads",Mobile
6311,2023-08-29,Germany,"LinkedIn Ads",Desktop
6312,2023-09-21,USA,"Google Ads",Mobile
6313,2023-05-17,India,Organic,Mobile
6314,2023-11-29,UK,"Facebook Ads",Tablet
6315,2024-02-16,India,Referral,Desktop
6316,2024-01-23,UK,"LinkedIn Ads",Desktop
6317,2023-12-28,Germany,"LinkedIn Ads",Mobile
6318,2023-01-16,USA,Organic,Tablet
6319,2023-06-15,India,Organic,Mobile
6320,2024-04-11,Germany,"Google Ads",Mobile
6321,2023-08-24,Canada,"LinkedIn Ads",Tablet
6322,2023-02-14,Canada,"LinkedIn Ads",Tablet
6323,2024-06-15,Australia,"LinkedIn Ads",Mobile
6324,2023-03-29,UK,"Google Ads",Desktop
6325,2023-09-06,Australia,Organic,Desktop
6326,2023-09-05,Australia,Referral,Tablet
6327,2023-01-17,Australia,Referral,Tablet
6328,2023-05-13,USA,Organic,Desktop
6329,2023-06-03,Australia,"Google Ads",Mobile
6330,2024-05-07,India,Referral,Desktop
6331,2023-05-04,USA,Referral,Desktop
6332,2024-01-17,Germany,"LinkedIn Ads",Tablet
6333,2024-04-08,UK,"LinkedIn Ads",Tablet
6334,2023-05-31,Australia,Referral,Desktop
6335,2023-10-11,India,"Facebook Ads",Tablet
6336,2023-08-09,USA,"Facebook Ads",Tablet
6337,2023-08-11,Australia,Organic,Desktop
6338,2023-12-18,Australia,"Google Ads",Tablet
6339,2023-11-27,Canada,Referral,Mobile
6340,2023-07-12,India,"Facebook Ads",Desktop
6341,2024-05-15,Australia,"Facebook Ads",Mobile
6342,2024-01-03,UK,Organic,Tablet
6343,2023-06-15,India,Organic,Mobile
6344,2024-06-06,Australia,"Google Ads",Mobile
6345,2023-10-07,Canada,"Facebook Ads",Mobile
6346,2023-09-14,Canada,"Facebook Ads",Mobile
6347,2024-02-17,India,"Facebook Ads",Tablet
6348,2023-12-14,UK,"LinkedIn Ads",Desktop
6349,2024-04-03,Germany,Referral,Desktop
6350,2023-12-14,Germany,Referral,Desktop
6351,2023-06-30,UK,Referral,Desktop
6352,2024-06-13,Canada,"Facebook Ads",Tablet
6353,2023-02-07,USA,"Facebook Ads",Desktop
6354,2023-02-13,India,"Google Ads",Tablet
6355,2024-05-04,Australia,"Google Ads",Desktop
6356,2023-05-03,Australia,Referral,Mobile
6357,2024-05-12,India,Organic,Tablet
6358,2023-10-11,USA,Organic,Desktop
6359,2023-04-24,UK,"Google Ads",Tablet
6360,2023-09-14,UK,"LinkedIn Ads",Tablet
6361,2023-07-22,USA,"Facebook Ads",Mobile
6362,2023-10-02,USA,Referral,Tablet
6363,2023-06-05,UK,"Google Ads",Mobile
6364,2024-01-21,UK,"Facebook Ads",Mobile
6365,2023-11-03,Australia,"LinkedIn Ads",Mobile
6366,2023-12-17,Germany,Referral,Desktop
6367,2023-02-06,Germany,"Google Ads",Desktop
6368,2023-03-10,Germany,"Facebook Ads",Tablet
6369,2023-09-12,India,Organic,Mobile
6370,2024-06-05,Australia,Referral,Desktop
6371,2023-01-14,Germany,"LinkedIn Ads",Tablet
6372,2023-02-23,Australia,"Facebook Ads",Mobile
6373,2024-04-22,Australia,"Facebook Ads",Mobile
6374,2023-04-03,India,Referral,Mobile
6375,2023-11-12,USA,Organic,Desktop
6376,2023-03-15,Germany,Organic,Tablet
6377,2023-02-03,UK,"Google Ads",Desktop
6378,2023-11-21,Australia,"Google Ads",Tablet
6379,2023-12-29,India,"Google Ads",Tablet
6380,2023-03-16,Canada,Organic,Tablet
6381,2023-06-20,India,"Google Ads",Mobile
6382,2023-05-05,Germany,"LinkedIn Ads",Desktop
6383,2024-04-14,Canada,Organic,Desktop
6384,2024-01-05,Australia,"LinkedIn Ads",Desktop
6385,2023-06-25,Germany,Referral,Tablet
6386,2023-10-04,Germany,"Facebook Ads",Desktop
6387,2023-12-26,Canada,"Facebook Ads",Desktop
6388,2023-01-30,India,"LinkedIn Ads",Mobile
6389,2023-01-23,Australia,Organic,Mobile
6390,2023-01-28,Australia,"LinkedIn Ads",Mobile
6391,2023-02-20,India,"Google Ads",Mobile
6392,2023-05-30,USA,Organic,Tablet
6393,2024-04-29,Australia,Organic,Tablet
6394,2023-05-09,Germany,"LinkedIn Ads",Desktop
6395,2023-09-27,UK,Referral,Desktop
6396,2023-05-10,Australia,"Facebook Ads",Desktop
6397,2024-02-22,USA,"Facebook Ads",Desktop
6398,2024-04-23,Canada,"Google Ads",Tablet
6399,2024-01-15,USA,"Facebook Ads",Tablet
6400,2023-09-11,Australia,"Facebook Ads",Desktop
6401,2024-02-09,UK,"Google Ads",Desktop
6402,2024-06-25,India,Organic,Mobile
6403,2023-06-09,USA,"Google Ads",Desktop
6404,2023-04-04,India,"Facebook Ads",Desktop
6405,2024-04-04,USA,"Google Ads",Desktop
6406,2023-06-23,USA,"LinkedIn Ads",Mobile
6407,2024-06-23,USA,"Facebook Ads",Desktop
6408,2023-11-10,USA,"Google Ads",Desktop
6409,2023-11-15,Canada,"Facebook Ads",Tablet
6410,2024-05-04,Canada,Organic,Tablet
6411,2023-07-11,India,Organic,Tablet
6412,2023-06-17,Canada,"Google Ads",Tablet
6413,2024-06-23,UK,"LinkedIn Ads",Mobile
6414,2023-09-23,Canada,"LinkedIn Ads",Desktop
6415,2023-11-18,India,"Google Ads",Mobile
6416,2023-12-04,Canada,Referral,Mobile
6417,2024-04-13,Canada,"Facebook Ads",Tablet
6418,2023-01-11,India,"Google Ads",Desktop
6419,2023-11-14,Germany,"LinkedIn Ads",Mobile
6420,2023-09-25,India,"Facebook Ads",Tablet
6421,2023-03-29,UK,"Facebook Ads",Desktop
6422,2023-02-18,USA,"LinkedIn Ads",Mobile
6423,2023-02-26,India,Referral,Desktop
6424,2023-07-08,Germany,"LinkedIn Ads",Desktop
6425,2023-05-24,India,"LinkedIn Ads",Mobile
6426,2023-05-03,Germany,Organic,Mobile
6427,2023-08-10,Canada,Referral,Mobile
6428,2023-05-23,India,Referral,Tablet
6429,2024-05-13,UK,Referral,Tablet
6430,2023-07-12,Canada,Referral,Tablet
6431,2024-01-28,India,"Google Ads",Mobile
6432,2023-07-23,Canada,"Facebook Ads",Tablet
6433,2023-02-02,India,Organic,Tablet
6434,2023-01-13,Canada,"LinkedIn Ads",Desktop
6435,2023-12-09,Germany,Referral,Mobile
6436,2024-03-08,Germany,"Google Ads",Mobile
6437,2024-03-19,UK,Referral,Tablet
6438,2023-10-12,USA,"Facebook Ads",Mobile
6439,2024-01-17,Australia,"LinkedIn Ads",Desktop
6440,2024-03-12,Australia,"Google Ads",Mobile
6441,2024-05-27,USA,"LinkedIn Ads",Tablet
6442,2023-03-10,Germany,"Google Ads",Mobile
6443,2024-06-19,Australia,Organic,Mobile
6444,2023-08-17,USA,"LinkedIn Ads",Mobile
6445,2023-07-06,Australia,"LinkedIn Ads",Mobile
6446,2023-02-13,Canada,"Google Ads",Mobile
6447,2023-12-13,Canada,"Facebook Ads",Mobile
6448,2023-10-25,Canada,"Google Ads",Tablet
6449,2024-04-26,Germany,"LinkedIn Ads",Mobile
6450,2023-11-27,Australia,Referral,Desktop
6451,2023-09-25,Australia,Organic,Desktop
6452,2023-06-14,Australia,"Google Ads",Tablet
6453,2023-04-15,USA,Referral,Mobile
6454,2024-01-31,Canada,Referral,Desktop
6455,2024-05-21,USA,"LinkedIn Ads",Desktop
6456,2024-03-18,USA,Referral,Desktop
6457,2024-04-05,UK,"Facebook Ads",Desktop
6458,2023-07-26,UK,"LinkedIn Ads",Mobile
6459,2023-05-08,Australia,"Google Ads",Tablet
6460,2024-05-16,USA,Referral,Tablet
6461,2023-11-24,USA,"Google Ads",Desktop
6462,2023-12-08,Canada,"LinkedIn Ads",Mobile
6463,2023-05-25,UK,"Facebook Ads",Desktop
6464,2023-11-27,USA,"LinkedIn Ads",Mobile
6465,2023-02-17,India,"Facebook Ads",Tablet
6466,2023-10-27,UK,Referral,Mobile
6467,2024-02-03,Australia,"LinkedIn Ads",Desktop
6468,2023-02-02,USA,Organic,Mobile
6469,2024-05-25,UK,Referral,Mobile
6470,2024-04-25,USA,"LinkedIn Ads",Tablet
6471,2023-09-18,UK,Organic,Desktop
6472,2024-01-13,UK,"Facebook Ads",Tablet
6473,2023-04-10,Germany,Referral,Tablet
6474,2023-01-17,Canada,Referral,Mobile
6475,2024-01-27,Canada,"Facebook Ads",Tablet
6476,2023-09-11,Canada,"Google Ads",Mobile
6477,2023-08-15,Australia,"LinkedIn Ads",Desktop
6478,2023-04-12,Germany,"Google Ads",Tablet
6479,2023-04-21,Australia,"Google Ads",Desktop
6480,2023-09-29,India,"Google Ads",Tablet
6481,2023-02-11,Germany,Organic,Tablet
6482,2023-02-26,Australia,Referral,Mobile
6483,2024-01-31,USA,"Google Ads",Mobile
6484,2024-03-01,Canada,"Facebook Ads",Tablet
6485,2024-01-03,USA,"Facebook Ads",Tablet
6486,2023-04-05,UK,"Google Ads",Desktop
6487,2023-03-03,Canada,Referral,Desktop
6488,2023-03-24,Australia,"LinkedIn Ads",Tablet
6489,2023-03-09,India,Organic,Tablet
6490,2024-01-10,India,Organic,Desktop
6491,2023-01-14,Australia,"Facebook Ads",Mobile
6492,2023-06-28,India,Referral,Mobile
6493,2024-03-20,Australia,"LinkedIn Ads",Desktop
6494,2024-03-07,UK,"Facebook Ads",Desktop
6495,2023-07-18,USA,"LinkedIn Ads",Mobile
6496,2023-06-29,USA,Organic,Mobile
6497,2024-02-26,Australia,Organic,Mobile
6498,2024-01-15,Germany,"Facebook Ads",Desktop
6499,2024-02-10,India,Organic,Tablet
6500,2023-05-26,USA,Organic,Tablet
6501,2023-09-15,USA,Referral,Desktop
6502,2023-09-09,Germany,"Google Ads",Mobile
6503,2024-03-29,Canada,Organic,Desktop
6504,2024-04-07,Australia,"Google Ads",Desktop
6505,2023-09-07,Australia,Referral,Desktop
6506,2023-07-15,Australia,Referral,Tablet
6507,2023-07-16,UK,"Google Ads",Mobile
6508,2024-04-26,Canada,Referral,Tablet
6509,2023-07-25,Australia,"Facebook Ads",Tablet
6510,2023-08-30,USA,Referral,Tablet
6511,2023-02-24,India,"Google Ads",Tablet
6512,2024-05-31,India,"Facebook Ads",Tablet
6513,2023-10-03,UK,"Google Ads",Desktop
6514,2024-05-21,Germany,Referral,Tablet
6515,2023-10-31,USA,Referral,Desktop
6516,2024-04-15,UK,"LinkedIn Ads",Mobile
6517,2023-03-15,India,"Facebook Ads",Mobile
6518,2023-12-17,Germany,Referral,Tablet
6519,2023-02-26,Australia,Organic,Tablet
6520,2023-05-18,India,"Facebook Ads",Tablet
6521,2024-06-08,Canada,Referral,Mobile
6522,2024-04-24,UK,"LinkedIn Ads",Mobile
6523,2024-05-28,USA,Referral,Mobile
6524,2024-02-29,UK,Organic,Tablet
6525,2023-09-05,USA,"LinkedIn Ads",Desktop
6526,2024-02-05,Germany,Referral,Mobile
6527,2023-10-10,India,"LinkedIn Ads",Tablet
6528,2023-08-30,Australia,Referral,Desktop
6529,2023-09-13,Germany,Organic,Tablet
6530,2023-12-30,Canada,"Google Ads",Tablet
6531,2023-07-20,USA,Organic,Mobile
6532,2024-05-03,UK,"Facebook Ads",Desktop
6533,2023-02-12,USA,"Facebook Ads",Tablet
6534,2024-03-02,Germany,"Facebook Ads",Desktop
6535,2023-09-13,Canada,"Facebook Ads",Mobile
6536,2024-03-16,Australia,"LinkedIn Ads",Desktop
6537,2023-09-22,Australia,Organic,Tablet
6538,2024-01-09,Canada,Referral,Desktop
6539,2024-01-06,India,"Facebook Ads",Desktop
6540,2024-01-16,UK,"LinkedIn Ads",Mobile
6541,2023-02-17,Germany,"LinkedIn Ads",Tablet
6542,2023-03-22,UK,"Google Ads",Desktop
6543,2023-01-12,Germany,"Facebook Ads",Mobile
6544,2023-12-06,Canada,"LinkedIn Ads",Mobile
6545,2023-12-02,UK,Organic,Desktop
6546,2023-06-12,UK,"Google Ads",Tablet
6547,2023-04-24,India,"Google Ads",Desktop
6548,2023-11-27,Canada,Referral,Tablet
6549,2023-10-23,UK,Referral,Mobile
6550,2024-02-15,Canada,"Google Ads",Mobile
6551,2023-12-29,USA,"Facebook Ads",Tablet
6552,2023-02-27,Germany,"Facebook Ads",Tablet
6553,2023-10-26,India,Referral,Desktop
6554,2023-03-07,Canada,"Facebook Ads",Tablet
6555,2023-11-21,USA,Referral,Desktop
6556,2024-06-29,Germany,Organic,Mobile
6557,2024-03-07,India,"LinkedIn Ads",Mobile
6558,2023-10-20,India,Organic,Mobile
6559,2023-08-20,Germany,Organic,Tablet
6560,2024-06-12,Australia,"LinkedIn Ads",Desktop
6561,2024-02-09,UK,Referral,Tablet
6562,2024-02-02,Germany,Organic,Tablet
6563,2023-04-05,UK,"Facebook Ads",Desktop
6564,2024-02-25,Canada,"Google Ads",Tablet
6565,2023-07-30,India,"Facebook Ads",Mobile
6566,2023-08-20,Germany,Organic,Mobile
6567,2023-11-20,India,"Facebook Ads",Tablet
6568,2023-02-25,India,Referral,Mobile
6569,2024-02-21,Germany,"LinkedIn Ads",Mobile
6570,2023-03-21,USA,Referral,Tablet
6571,2024-04-10,USA,"Facebook Ads",Tablet
6572,2023-09-03,India,"Google Ads",Tablet
6573,2023-11-29,USA,Referral,Tablet
6574,2023-01-31,UK,"Google Ads",Mobile
6575,2023-09-29,India,"LinkedIn Ads",Mobile
6576,2023-12-05,Canada,"Google Ads",Desktop
6577,2023-05-21,USA,Organic,Tablet
6578,2024-02-05,Canada,"LinkedIn Ads",Tablet
6579,2024-03-25,Canada,Organic,Desktop
6580,2023-03-06,UK,Referral,Mobile
6581,2023-03-30,Canada,"LinkedIn Ads",Desktop
6582,2024-05-29,India,"LinkedIn Ads",Desktop
6583,2023-01-17,India,"Facebook Ads",Mobile
6584,2024-02-03,USA,Organic,Desktop
6585,2024-01-22,UK,"Facebook Ads",Desktop
6586,2023-05-22,Canada,"LinkedIn Ads",Tablet
6587,2024-05-27,Germany,"Facebook Ads",Mobile
6588,2023-06-03,Australia,"Facebook Ads",Mobile
6589,2023-10-21,Australia,Organic,Desktop
6590,2023-04-22,UK,"LinkedIn Ads",Desktop
6591,2024-02-17,Australia,Referral,Desktop
6592,2023-03-31,Germany,Referral,Desktop
6593,2024-06-29,India,Organic,Mobile
6594,2023-05-15,India,"LinkedIn Ads",Desktop
6595,2024-02-11,USA,"LinkedIn Ads",Mobile
6596,2023-08-25,UK,"Google Ads",Tablet
6597,2023-07-27,India,"LinkedIn Ads",Tablet
6598,2023-09-05,UK,"Facebook Ads",Tablet
6599,2023-06-18,Canada,Referral,Mobile
6600,2024-02-20,India,Referral,Tablet
6601,2024-02-07,India,"LinkedIn Ads",Desktop
6602,2023-02-14,Australia,"Facebook Ads",Tablet
6603,2024-05-01,UK,"Facebook Ads",Mobile
6604,2024-01-19,USA,"Facebook Ads",Tablet
6605,2023-02-06,USA,"Google Ads",Mobile
6606,2024-04-19,Australia,"LinkedIn Ads",Mobile
6607,2023-07-07,UK,"LinkedIn Ads",Desktop
6608,2024-05-26,USA,"LinkedIn Ads",Desktop
6609,2024-05-29,Canada,"LinkedIn Ads",Tablet
6610,2023-06-24,Australia,"Facebook Ads",Mobile
6611,2023-07-18,India,Referral,Tablet
6612,2023-10-17,Canada,Referral,Tablet
6613,2024-02-14,Australia,"LinkedIn Ads",Tablet
6614,2024-04-13,USA,Referral,Mobile
6615,2024-01-03,India,Organic,Desktop
6616,2023-04-05,Germany,"Facebook Ads",Desktop
6617,2024-05-09,UK,"LinkedIn Ads",Tablet
6618,2024-04-15,Germany,"Google Ads",Mobile
6619,2023-06-14,Canada,"LinkedIn Ads",Tablet
6620,2024-03-02,Canada,"Facebook Ads",Desktop
6621,2023-11-20,Canada,"Google Ads",Mobile
6622,2024-05-04,Canada,Organic,Tablet
6623,2023-12-14,USA,Referral,Mobile
6624,2024-04-21,India,Organic,Tablet
6625,2024-01-21,USA,"LinkedIn Ads",Mobile
6626,2024-02-01,India,"Google Ads",Desktop
6627,2024-05-13,UK,Organic,Mobile
6628,2023-07-03,Germany,"LinkedIn Ads",Tablet
6629,2024-02-13,USA,"Google Ads",Tablet
6630,2023-07-11,USA,Organic,Tablet
6631,2023-08-26,UK,Referral,Tablet
6632,2024-05-30,Canada,Referral,Mobile
6633,2023-04-13,Germany,Referral,Mobile
6634,2023-12-24,Australia,"LinkedIn Ads",Desktop
6635,2023-12-25,USA,"LinkedIn Ads",Mobile
6636,2024-03-18,India,Referral,Desktop
6637,2023-09-12,UK,"Google Ads",Tablet
6638,2024-02-08,Canada,Referral,Tablet
6639,2023-01-15,Australia,"Facebook Ads",Mobile
6640,2024-01-16,Australia,"Facebook Ads",Tablet
6641,2023-04-29,Australia,"LinkedIn Ads",Desktop
6642,2023-10-25,Germany,Referral,Mobile
6643,2023-01-22,Germany,"Google Ads",Mobile
6644,2024-01-16,Australia,"Google Ads",Tablet
6645,2024-06-30,Canada,Organic,Tablet
6646,2023-07-21,Germany,"LinkedIn Ads",Tablet
6647,2023-01-22,Australia,"LinkedIn Ads",Mobile
6648,2023-08-03,USA,Organic,Mobile
6649,2023-11-02,Germany,Referral,Mobile
6650,2023-03-10,UK,Referral,Tablet
6651,2023-02-17,Australia,"Facebook Ads",Mobile
6652,2023-06-08,Canada,"Google Ads",Desktop
6653,2024-02-17,India,"Google Ads",Mobile
6654,2024-02-08,Germany,Referral,Mobile
6655,2023-10-14,Canada,"LinkedIn Ads",Desktop
6656,2024-06-08,USA,"Google Ads",Tablet
6657,2023-09-26,USA,"LinkedIn Ads",Mobile
6658,2024-06-23,Canada,Referral,Mobile
6659,2023-04-29,Canada,"LinkedIn Ads",Tablet
6660,2023-05-24,Canada,"Google Ads",Mobile
6661,2023-02-01,Germany,Organic,Mobile
6662,2023-04-25,India,"Google Ads",Tablet
6663,2024-05-05,UK,Referral,Desktop
6664,2024-04-10,Canada,Organic,Mobile
6665,2024-03-03,Canada,"Facebook Ads",Tablet
6666,2023-03-31,UK,"Google Ads",Desktop
6667,2023-09-27,Canada,"LinkedIn Ads",Mobile
6668,2023-11-08,Australia,Referral,Mobile
6669,2023-04-29,India,"Google Ads",Mobile
6670,2024-03-03,Germany,Organic,Mobile
6671,2023-05-30,India,Organic,Mobile
6672,2024-01-18,Australia,Referral,Desktop
6673,2023-08-05,Australia,"Facebook Ads",Mobile
6674,2023-11-04,Australia,"Facebook Ads",Desktop
6675,2023-07-05,India,"Facebook Ads",Desktop
6676,2023-08-06,Germany,Referral,Desktop
6677,2023-03-16,UK,"LinkedIn Ads",Tablet
6678,2023-07-03,UK,"Facebook Ads",Desktop
6679,2023-04-16,UK,"Google Ads",Mobile
6680,2023-05-02,Canada,"Google Ads",Desktop
6681,2023-12-20,India,Organic,Mobile
6682,2024-01-04,Australia,Referral,Tablet
6683,2023-08-22,Germany,"Facebook Ads",Desktop
6684,2024-04-13,USA,"LinkedIn Ads",Desktop
6685,2023-01-17,India,Organic,Desktop
6686,2023-03-09,USA,"LinkedIn Ads",Mobile
6687,2023-05-11,Germany,Referral,Mobile
6688,2023-09-07,Canada,"LinkedIn Ads",Tablet
6689,2023-06-27,Canada,Referral,Desktop
6690,2023-07-04,Canada,Organic,Mobile
6691,2024-01-25,Canada,Organic,Mobile
6692,2023-08-18,Australia,Referral,Tablet
6693,2024-05-14,India,"Facebook Ads",Mobile
6694,2023-11-01,Germany,Referral,Mobile
6695,2023-03-15,Canada,"LinkedIn Ads",Mobile
6696,2023-09-28,UK,"LinkedIn Ads",Tablet
6697,2023-05-01,UK,"LinkedIn Ads",Mobile
6698,2024-05-12,Germany,"Google Ads",Mobile
6699,2023-02-19,Canada,"Facebook Ads",Tablet
6700,2024-04-21,Germany,"Google Ads",Tablet
6701,2024-02-26,UK,Referral,Tablet
6702,2024-03-20,UK,"Facebook Ads",Tablet
6703,2023-06-05,USA,"Google Ads",Tablet
6704,2023-09-08,Australia,"LinkedIn Ads",Desktop
6705,2024-05-18,UK,Organic,Tablet
6706,2024-03-16,Australia,"LinkedIn Ads",Tablet
6707,2023-12-09,Germany,"LinkedIn Ads",Mobile
6708,2023-04-25,USA,Organic,Tablet
6709,2023-04-15,UK,Organic,Desktop
6710,2023-09-11,Australia,Referral,Desktop
6711,2024-05-10,Germany,"Google Ads",Tablet
6712,2024-06-12,UK,"Google Ads",Tablet
6713,2023-09-02,USA,"Google Ads",Mobile
6714,2023-02-23,Canada,"Google Ads",Tablet
6715,2024-05-30,India,"Google Ads",Tablet
6716,2023-02-24,Germany,"Facebook Ads",Tablet
6717,2023-12-29,UK,"Facebook Ads",Desktop
6718,2023-03-29,Canada,"LinkedIn Ads",Desktop
6719,2023-06-18,India,"Facebook Ads",Desktop
6720,2024-03-12,Germany,Organic,Tablet
6721,2024-04-09,Germany,Organic,Mobile
6722,2024-05-23,India,Organic,Tablet
6723,2023-12-05,UK,"Google Ads",Tablet
6724,2024-05-31,Australia,Referral,Desktop
6725,2023-10-01,Canada,"LinkedIn Ads",Mobile
6726,2024-03-30,UK,"Facebook Ads",Tablet
6727,2023-10-18,UK,Referral,Desktop
6728,2023-05-14,India,"LinkedIn Ads",Tablet
6729,2024-04-23,India,"Facebook Ads",Desktop
6730,2023-02-07,UK,Referral,Tablet
6731,2024-04-30,UK,"LinkedIn Ads",Tablet
6732,2023-07-31,UK,Organic,Mobile
6733,2023-10-02,UK,Referral,Tablet
6734,2023-05-26,USA,"Google Ads",Tablet
6735,2024-01-31,Canada,Referral,Mobile
6736,2023-10-03,UK,"Facebook Ads",Tablet
6737,2023-12-13,Australia,"Facebook Ads",Mobile
6738,2023-08-10,Canada,"LinkedIn Ads",Tablet
6739,2024-01-14,Canada,Organic,Desktop
6740,2023-03-10,USA,Referral,Tablet
6741,2023-06-01,Germany,"LinkedIn Ads",Mobile
6742,2023-08-11,Australia,"LinkedIn Ads",Tablet
6743,2024-03-21,Germany,"Google Ads",Tablet
6744,2023-02-25,USA,"LinkedIn Ads",Mobile
6745,2024-06-30,Australia,"LinkedIn Ads",Tablet
6746,2024-06-09,USA,"Google Ads",Desktop
6747,2024-02-13,Canada,"Google Ads",Tablet
6748,2024-03-05,Australia,Organic,Desktop
6749,2024-06-07,Germany,"Facebook Ads",Tablet
6750,2023-07-02,Australia,"Google Ads",Mobile
6751,2024-01-28,India,"LinkedIn Ads",Tablet
6752,2023-01-22,India,"LinkedIn Ads",Tablet
6753,2023-09-27,Australia,"Google Ads",Desktop
6754,2024-03-02,India,Referral,Tablet
6755,2024-03-24,India,Referral,Mobile
6756,2023-01-26,India,"Google Ads",Tablet
6757,2023-04-09,India,Organic,Mobile
6758,2024-05-09,UK,"Facebook Ads",Mobile
6759,2024-05-13,India,Organic,Mobile
6760,2023-04-21,USA,Organic,Desktop
6761,2023-02-20,Canada,"LinkedIn Ads",Desktop
6762,2024-02-29,Australia,"LinkedIn Ads",Tablet
6763,2023-03-15,Germany,"Google Ads",Mobile
6764,2023-08-25,India,"Facebook Ads",Mobile
6765,2023-09-22,Australia,"Google Ads",Tablet
6766,2024-03-21,Australia,Organic,Desktop
6767,2024-01-11,USA,Organic,Tablet
6768,2024-01-04,India,"Google Ads",Desktop
6769,2023-10-08,India,"LinkedIn Ads",Mobile
6770,2024-05-13,USA,"Google Ads",Desktop
6771,2023-01-25,Germany,"Facebook Ads",Mobile
6772,2024-05-25,Australia,Referral,Desktop
6773,2023-06-13,USA,Organic,Mobile
6774,2024-04-01,Germany,"Facebook Ads",Mobile
6775,2024-03-05,India,"LinkedIn Ads",Desktop
6776,2024-01-13,Australia,Referral,Desktop
6777,2024-06-09,India,Organic,Desktop
6778,2023-09-24,Germany,"Facebook Ads",Tablet
6779,2023-09-17,UK,"Facebook Ads",Desktop
6780,2024-06-23,USA,Referral,Mobile
6781,2023-08-13,India,"LinkedIn Ads",Desktop
6782,2023-12-11,Canada,"Google Ads",Mobile
6783,2023-01-08,Canada,Referral,Mobile
6784,2023-11-13,Australia,Organic,Mobile
6785,2023-12-24,Canada,Referral,Mobile
6786,2024-04-25,Australia,"Facebook Ads",Desktop
6787,2023-10-16,India,Referral,Mobile
6788,2023-03-10,Australia,Referral,Desktop
6789,2023-04-08,Canada,"LinkedIn Ads",Desktop
6790,2024-01-31,India,"Facebook Ads",Desktop
6791,2024-01-25,Germany,"Google Ads",Desktop
6792,2023-10-06,Germany,"Google Ads",Desktop
6793,2023-04-11,UK,"Facebook Ads",Desktop
6794,2024-03-14,UK,"Google Ads",Desktop
6795,2023-02-09,Australia,Referral,Tablet
6796,2024-04-04,India,Organic,Mobile
6797,2023-03-06,Canada,"Google Ads",Mobile
6798,2024-04-17,UK,"LinkedIn Ads",Tablet
6799,2024-01-11,Canada,"Facebook Ads",Mobile
6800,2023-08-05,UK,Referral,Desktop
6801,2024-04-04,UK,"LinkedIn Ads",Desktop
6802,2023-11-27,UK,"Google Ads",Tablet
6803,2024-01-05,Canada,"Facebook Ads",Tablet
6804,2024-03-14,India,"LinkedIn Ads",Tablet
6805,2024-05-05,Canada,"Google Ads",Tablet
6806,2024-04-27,USA,Referral,Desktop
6807,2024-02-20,Australia,Organic,Desktop
6808,2024-04-16,Australia,"Google Ads",Mobile
6809,2023-06-19,India,"LinkedIn Ads",Desktop
6810,2024-05-04,India,"LinkedIn Ads",Desktop
6811,2024-02-06,UK,Organic,Mobile
6812,2024-06-13,USA,"Facebook Ads",Mobile
6813,2024-05-30,India,"Google Ads",Tablet
6814,2023-02-08,Australia,Referral,Mobile
6815,2024-01-31,UK,"Google Ads",Tablet
6816,2023-09-24,Australia,Referral,Mobile
6817,2023-10-29,Germany,"Facebook Ads",Desktop
6818,2023-12-09,Australia,"Facebook Ads",Desktop
6819,2023-12-17,Germany,Organic,Tablet
6820,2023-04-16,India,"Google Ads",Mobile
6821,2024-01-06,USA,"Google Ads",Mobile
6822,2023-12-13,Canada,"LinkedIn Ads",Desktop
6823,2024-02-24,India,"Google Ads",Tablet
6824,2023-08-06,Australia,"Facebook Ads",Tablet
6825,2023-03-16,UK,"Google Ads",Mobile
6826,2024-05-12,UK,"LinkedIn Ads",Desktop
6827,2024-02-12,Canada,Referral,Tablet
6828,2024-03-01,Canada,Organic,Tablet
6829,2023-12-20,Germany,"LinkedIn Ads",Tablet
6830,2023-08-06,Germany,Organic,Tablet
6831,2024-02-19,Australia,Referral,Tablet
6832,2023-03-28,Australia,"LinkedIn Ads",Tablet
6833,2023-10-26,UK,"Google Ads",Tablet
6834,2023-12-27,UK,"LinkedIn Ads",Tablet
6835,2023-06-23,UK,Organic,Mobile
6836,2023-10-31,India,Referral,Desktop
6837,2023-10-13,USA,"LinkedIn Ads",Mobile
6838,2023-07-27,Australia,Referral,Tablet
6839,2023-06-15,USA,"Facebook Ads",Desktop
6840,2024-04-28,UK,"LinkedIn Ads",Mobile
6841,2024-03-17,Canada,"Google Ads",Mobile
6842,2023-07-30,UK,Organic,Mobile
6843,2024-05-20,UK,Referral,Desktop
6844,2023-08-10,Germany,Organic,Desktop
6845,2024-03-20,Canada,"Facebook Ads",Desktop
6846,2023-11-26,UK,Referral,Tablet
6847,2023-11-26,Australia,"Google Ads",Tablet
6848,2024-02-05,Canada,Organic,Desktop
6849,2023-06-01,UK,"LinkedIn Ads",Mobile
6850,2023-12-19,Canada,"LinkedIn Ads",Mobile
6851,2024-01-06,Canada,"LinkedIn Ads",Tablet
6852,2024-06-12,India,"LinkedIn Ads",Desktop
6853,2023-07-03,Australia,Referral,Desktop
6854,2024-06-20,India,"Facebook Ads",Desktop
6855,2023-06-16,UK,Referral,Desktop
6856,2024-01-05,Australia,"Facebook Ads",Desktop
6857,2023-04-06,India,"Google Ads",Desktop
6858,2023-07-30,Canada,Organic,Mobile
6859,2023-08-27,USA,Organic,Desktop
6860,2023-11-16,USA,Organic,Desktop
6861,2023-04-23,Canada,"Facebook Ads",Tablet
6862,2023-03-18,India,"LinkedIn Ads",Mobile
6863,2023-05-15,Germany,"Facebook Ads",Desktop
6864,2023-12-08,UK,Organic,Tablet
6865,2024-01-30,India,"Facebook Ads",Mobile
6866,2024-04-28,Australia,"Facebook Ads",Tablet
6867,2024-04-03,India,Organic,Desktop
6868,2023-06-24,Canada,"Facebook Ads",Desktop
6869,2023-10-25,India,Referral,Desktop
6870,2024-01-17,Germany,Organic,Tablet
6871,2023-11-09,Canada,"Facebook Ads",Desktop
6872,2023-11-16,Canada,"LinkedIn Ads",Tablet
6873,2023-10-02,UK,Referral,Mobile
6874,2023-09-26,Australia,"Google Ads",Tablet
6875,2023-01-31,USA,Organic,Mobile
6876,2024-02-08,Canada,"Google Ads",Mobile
6877,2023-07-27,UK,"Facebook Ads",Mobile
6878,2024-05-11,UK,Referral,Tablet
6879,2023-03-31,Germany,"Google Ads",Mobile
6880,2023-06-12,USA,Referral,Mobile
6881,2023-12-05,Canada,Referral,Desktop
6882,2024-05-18,USA,"LinkedIn Ads",Mobile
6883,2024-05-22,Germany,Referral,Desktop
6884,2023-03-27,UK,Organic,Tablet
6885,2023-10-28,India,"LinkedIn Ads",Mobile
6886,2023-04-24,Australia,Organic,Tablet
6887,2024-02-27,India,"Facebook Ads",Tablet
6888,2023-06-29,UK,Referral,Tablet
6889,2023-11-04,India,"Google Ads",Desktop
6890,2024-06-06,Germany,Referral,Tablet
6891,2023-09-06,India,Organic,Tablet
6892,2024-06-04,Australia,Organic,Mobile
6893,2023-05-19,Australia,"Google Ads",Tablet
6894,2023-05-16,Germany,"Facebook Ads",Desktop
6895,2024-03-06,Australia,Referral,Tablet
6896,2023-04-01,India,"LinkedIn Ads",Desktop
6897,2023-04-14,Australia,Organic,Desktop
6898,2024-02-12,UK,"LinkedIn Ads",Tablet
6899,2023-01-15,India,"Google Ads",Tablet
6900,2023-05-13,Germany,"LinkedIn Ads",Mobile
6901,2023-05-30,India,"Google Ads",Tablet
6902,2024-04-01,Australia,Referral,Mobile
6903,2024-05-08,UK,Organic,Mobile
6904,2024-04-01,Germany,Organic,Desktop
6905,2024-02-03,USA,Referral,Desktop
6906,2023-12-05,UK,Referral,Mobile
6907,2023-06-21,USA,Organic,Mobile
6908,2023-08-10,UK,Organic,Desktop
6909,2024-03-01,Australia,"LinkedIn Ads",Tablet
6910,2024-02-19,UK,Referral,Mobile
6911,2023-07-06,India,"Facebook Ads",Mobile
6912,2023-05-15,India,Organic,Desktop
6913,2023-07-25,USA,Referral,Desktop
6914,2023-10-19,UK,"Google Ads",Mobile
6915,2024-01-26,Germany,Referral,Tablet
6916,2024-05-15,USA,"Google Ads",Desktop
6917,2023-08-26,Australia,"Facebook Ads",Desktop
6918,2024-06-07,UK,"Google Ads",Desktop
6919,2024-06-14,Australia,"Google Ads",Mobile
6920,2023-07-08,Canada,"Facebook Ads",Tablet
6921,2023-06-07,Germany,"Google Ads",Mobile
6922,2023-02-03,India,"Facebook Ads",Tablet
6923,2023-05-17,UK,"LinkedIn Ads",Tablet
6924,2023-11-13,Canada,"Google Ads",Tablet
6925,2023-10-18,UK,"Google Ads",Desktop
6926,2024-05-18,Canada,Referral,Desktop
6927,2023-08-07,Germany,"LinkedIn Ads",Mobile
6928,2023-08-12,India,"LinkedIn Ads",Tablet
6929,2023-12-14,USA,"LinkedIn Ads",Desktop
6930,2024-04-18,USA,"Google Ads",Mobile
6931,2023-10-01,India,"Google Ads",Tablet
6932,2024-01-12,India,Referral,Mobile
6933,2023-07-27,UK,"Google Ads",Desktop
6934,2024-01-22,USA,Organic,Mobile
6935,2023-07-12,Germany,"Google Ads",Desktop
6936,2023-10-01,USA,"LinkedIn Ads",Mobile
6937,2023-03-03,Australia,"LinkedIn Ads",Mobile
6938,2024-02-24,Canada,Referral,Tablet
6939,2023-05-22,Canada,Referral,Tablet
6940,2024-02-08,Germany,"LinkedIn Ads",Desktop
6941,2023-06-09,Germany,"LinkedIn Ads",Tablet
6942,2023-12-31,Canada,"Facebook Ads",Tablet
6943,2024-01-22,Canada,Organic,Tablet
6944,2023-04-27,India,Organic,Desktop
6945,2023-01-31,Australia,"Facebook Ads",Desktop
6946,2024-06-29,India,"Facebook Ads",Mobile
6947,2023-02-23,USA,Organic,Mobile
6948,2024-05-14,USA,"Google Ads",Tablet
6949,2023-04-21,Canada,Referral,Mobile
6950,2024-06-23,India,Referral,Tablet
6951,2023-07-01,Canada,"Facebook Ads",Mobile
6952,2023-06-11,UK,"Google Ads",Tablet
6953,2024-06-24,Australia,"Google Ads",Tablet
6954,2023-10-10,UK,"Facebook Ads",Mobile
6955,2023-08-14,UK,Organic,Desktop
6956,2023-09-08,India,Organic,Mobile
6957,2023-11-04,USA,"LinkedIn Ads",Tablet
6958,2024-04-01,Canada,"LinkedIn Ads",Desktop
6959,2023-12-07,Germany,Organic,Tablet
6960,2023-07-05,Germany,Organic,Tablet
6961,2023-01-31,Canada,"Facebook Ads",Tablet
6962,2023-01-28,Germany,"Facebook Ads",Mobile
6963,2023-02-22,India,"Facebook Ads",Mobile
6964,2024-03-23,India,Referral,Mobile
6965,2023-02-03,UK,Organic,Mobile
6966,2023-10-13,Australia,"Google Ads",Tablet
6967,2023-11-28,Canada,"Google Ads",Desktop
6968,2023-10-26,Canada,Organic,Mobile
6969,2023-09-10,USA,"LinkedIn Ads",Tablet
6970,2024-02-06,Australia,Organic,Tablet
6971,2023-03-30,UK,Referral,Tablet
6972,2023-03-15,Canada,Referral,Desktop
6973,2023-07-09,Canada,"LinkedIn Ads",Desktop
6974,2024-06-29,Australia,"Facebook Ads",Tablet
6975,2024-03-26,Germany,"Facebook Ads",Tablet
6976,2024-05-19,UK,Organic,Mobile
6977,2023-07-28,Germany,"LinkedIn Ads",Tablet
6978,2024-03-22,UK,"Google Ads",Desktop
6979,2024-03-03,UK,Referral,Desktop
6980,2024-02-13,Australia,Referral,Tablet
6981,2023-06-28,UK,Organic,Desktop
6982,2024-01-12,USA,"LinkedIn Ads",Mobile
6983,2024-05-13,UK,Organic,Mobile
6984,2023-09-06,USA,"LinkedIn Ads",Mobile
6985,2024-01-19,Canada,"LinkedIn Ads",Desktop
6986,2024-03-05,Germany,Referral,Mobile
6987,2023-05-26,Germany,"LinkedIn Ads",Tablet
6988,2023-05-17,Germany,"Google Ads",Tablet
6989,2024-02-11,Australia,Referral,Tablet
6990,2023-11-01,Germany,"LinkedIn Ads",Mobile
6991,2024-03-05,India,"LinkedIn Ads",Mobile
6992,2023-04-26,Australia,"LinkedIn Ads",Tablet
6993,2023-10-07,India,Referral,Desktop
6994,2023-10-26,Canada,Organic,Tablet
6995,2023-12-31,UK,"Google Ads",Desktop
6996,2024-03-05,Germany,"Google Ads",Desktop
6997,2024-05-04,Australia,"Google Ads",Tablet
6998,2023-11-17,UK,"Facebook Ads",Desktop
6999,2023-05-09,Australia,"Facebook Ads",Desktop
7000,2024-01-25,Canada,"LinkedIn Ads",Mobile
7001,2024-06-11,India,Organic,Mobile
7002,2024-01-07,Germany,Referral,Mobile
7003,2024-04-16,Germany,Referral,Tablet
7004,2023-03-16,Australia,Organic,Tablet
7005,2023-04-04,UK,"Google Ads",Tablet
7006,2024-03-15,UK,"Facebook Ads",Mobile
7007,2023-08-13,Canada,Organic,Tablet
7008,2024-02-06,India,"Google Ads",Tablet
7009,2023-06-10,India,Organic,Tablet
7010,2023-06-08,Australia,"Google Ads",Mobile
7011,2024-03-18,Canada,"Google Ads",Mobile
7012,2023-05-29,Canada,Organic,Tablet
7013,2023-10-08,UK,"Facebook Ads",Mobile
7014,2023-12-08,UK,"LinkedIn Ads",Tablet
7015,2023-10-14,India,"Google Ads",Tablet
7016,2023-04-05,Germany,"Google Ads",Desktop
7017,2023-06-22,Germany,Referral,Desktop
7018,2023-02-04,UK,Organic,Desktop
7019,2023-01-08,Germany,"Google Ads",Mobile
7020,2023-03-02,Australia,"Facebook Ads",Mobile
7021,2023-07-03,Canada,"LinkedIn Ads",Desktop
7022,2023-07-21,India,"LinkedIn Ads",Tablet
7023,2024-01-31,India,"Facebook Ads",Tablet
7024,2023-12-15,UK,Organic,Mobile
7025,2023-06-11,Canada,"LinkedIn Ads",Desktop
7026,2024-03-31,Australia,Organic,Desktop
7027,2024-05-14,Germany,Referral,Desktop
7028,2023-05-28,USA,Referral,Mobile
7029,2024-04-15,USA,"Facebook Ads",Tablet
7030,2023-10-23,UK,"LinkedIn Ads",Mobile
7031,2023-01-24,India,Organic,Desktop
7032,2024-05-28,USA,"LinkedIn Ads",Tablet
7033,2024-02-15,India,"LinkedIn Ads",Tablet
7034,2023-08-31,USA,"Google Ads",Mobile
7035,2024-02-18,Germany,Organic,Desktop
7036,2024-02-24,India,Organic,Tablet
7037,2024-02-12,USA,Referral,Tablet
7038,2023-03-19,USA,Referral,Desktop
7039,2023-06-28,India,"Google Ads",Desktop
7040,2023-02-09,Australia,"LinkedIn Ads",Desktop
7041,2024-05-09,USA,Referral,Mobile
7042,2024-02-29,Australia,"LinkedIn Ads",Tablet
7043,2024-01-04,USA,"Google Ads",Mobile
7044,2023-10-08,UK,"LinkedIn Ads",Desktop
7045,2024-03-31,Germany,"Google Ads",Desktop
7046,2023-07-03,India,"Google Ads",Desktop
7047,2024-01-06,Australia,Referral,Tablet
7048,2024-03-13,Canada,Organic,Desktop
7049,2023-08-21,Canada,Organic,Mobile
7050,2023-07-03,Germany,Referral,Tablet
7051,2023-08-18,Canada,"LinkedIn Ads",Desktop
7052,2024-01-05,Canada,Organic,Tablet
7053,2023-05-06,Germany,"LinkedIn Ads",Desktop
7054,2023-10-20,USA,"Google Ads",Mobile
7055,2023-08-30,UK,Organic,Desktop
7056,2023-05-24,UK,"LinkedIn Ads",Desktop
7057,2024-05-02,Canada,"Google Ads",Mobile
7058,2024-01-04,USA,"Facebook Ads",Mobile
7059,2023-01-24,India,"Google Ads",Desktop
7060,2024-04-16,UK,Organic,Desktop
7061,2023-08-13,USA,Referral,Mobile
7062,2023-10-21,India,"Facebook Ads",Desktop
7063,2024-04-28,UK,"Facebook Ads",Desktop
7064,2023-05-21,UK,"Facebook Ads",Mobile
7065,2023-07-11,Australia,"LinkedIn Ads",Desktop
7066,2023-08-27,India,"Facebook Ads",Desktop
7067,2024-02-11,India,"Google Ads",Mobile
7068,2023-07-22,Australia,Referral,Desktop
7069,2023-10-19,Australia,"LinkedIn Ads",Mobile
7070,2024-05-30,USA,"LinkedIn Ads",Tablet
7071,2023-04-17,Australia,Organic,Desktop
7072,2023-09-18,UK,Referral,Tablet
7073,2023-12-04,Australia,Organic,Tablet
7074,2023-08-24,Germany,"LinkedIn Ads",Mobile
7075,2024-04-21,UK,Referral,Mobile
7076,2024-01-26,Canada,Organic,Mobile
7077,2023-02-20,Australia,Referral,Tablet
7078,2024-03-30,India,"LinkedIn Ads",Desktop
7079,2024-02-01,Germany,Organic,Tablet
7080,2023-09-01,Australia,Organic,Mobile
7081,2023-07-23,Canada,Organic,Desktop
7082,2024-06-12,USA,Organic,Tablet
7083,2023-09-11,USA,"LinkedIn Ads",Mobile
7084,2023-01-11,Australia,"Facebook Ads",Tablet
7085,2023-12-20,Australia,"Facebook Ads",Tablet
7086,2024-03-18,Canada,"Facebook Ads",Tablet
7087,2024-05-13,USA,"Facebook Ads",Desktop
7088,2023-07-28,India,"Facebook Ads",Mobile
7089,2023-12-21,India,"LinkedIn Ads",Tablet
7090,2023-07-07,USA,Referral,Mobile
7091,2023-12-18,Australia,"LinkedIn Ads",Desktop
7092,2023-05-06,Canada,"Facebook Ads",Tablet
7093,2023-12-25,USA,Organic,Mobile
7094,2024-03-30,USA,"LinkedIn Ads",Tablet
7095,2023-06-13,Canada,"LinkedIn Ads",Mobile
7096,2023-08-19,USA,"LinkedIn Ads",Mobile
7097,2024-03-06,Australia,"LinkedIn Ads",Tablet
7098,2023-08-28,UK,Organic,Mobile
7099,2023-04-11,Australia,"Facebook Ads",Mobile
7100,2023-12-13,Canada,"Facebook Ads",Tablet
7101,2023-12-19,USA,"Facebook Ads",Desktop
7102,2023-09-13,UK,"Facebook Ads",Mobile
7103,2023-03-04,Germany,Organic,Tablet
7104,2023-11-28,India,"Facebook Ads",Mobile
7105,2024-05-22,USA,Organic,Mobile
7106,2023-04-25,Germany,"Facebook Ads",Tablet
7107,2023-09-26,Australia,"LinkedIn Ads",Mobile
7108,2023-12-25,India,"LinkedIn Ads",Tablet
7109,2023-08-13,India,"Facebook Ads",Tablet
7110,2023-07-08,USA,Referral,Mobile
7111,2023-12-17,Germany,Referral,Desktop
7112,2024-05-28,Australia,"Google Ads",Mobile
7113,2023-06-16,Canada,Referral,Desktop
7114,2023-11-05,India,"Facebook Ads",Desktop
7115,2023-08-16,Germany,Referral,Desktop
7116,2024-05-31,Canada,Organic,Tablet
7117,2023-11-11,Australia,Organic,Tablet
7118,2023-12-27,Australia,"Google Ads",Mobile
7119,2023-12-08,Germany,"Google Ads",Mobile
7120,2024-05-05,Australia,"Facebook Ads",Tablet
7121,2023-07-01,USA,"Facebook Ads",Mobile
7122,2023-12-21,Germany,Organic,Desktop
7123,2023-07-09,Australia,"LinkedIn Ads",Desktop
7124,2023-12-28,UK,"Google Ads",Mobile
7125,2023-11-01,India,"LinkedIn Ads",Desktop
7126,2024-03-12,Germany,Organic,Tablet
7127,2023-05-02,Canada,Referral,Tablet
7128,2024-05-13,Germany,"LinkedIn Ads",Tablet
7129,2023-09-24,UK,Organic,Tablet
7130,2023-08-22,UK,"Facebook Ads",Tablet
7131,2024-03-26,Canada,"Google Ads",Tablet
7132,2024-01-08,Canada,Referral,Tablet
7133,2023-08-11,Australia,Organic,Mobile
7134,2024-02-13,Germany,Organic,Mobile
7135,2023-10-27,Australia,"LinkedIn Ads",Mobile
7136,2023-08-02,USA,"Facebook Ads",Tablet
7137,2024-04-01,Australia,Referral,Tablet
7138,2024-06-25,UK,"Google Ads",Tablet
7139,2023-10-04,India,Referral,Mobile
7140,2024-02-05,UK,"Google Ads",Tablet
7141,2023-05-05,UK,"Facebook Ads",Mobile
7142,2023-06-25,India,Organic,Mobile
7143,2024-02-22,Canada,Referral,Tablet
7144,2023-04-22,Canada,"LinkedIn Ads",Tablet
7145,2023-10-31,India,Organic,Desktop
7146,2023-12-29,Australia,Referral,Tablet
7147,2024-04-14,Germany,Organic,Tablet
7148,2024-02-19,Canada,Organic,Mobile
7149,2024-05-14,India,"LinkedIn Ads",Mobile
7150,2023-01-29,Australia,Organic,Desktop
7151,2023-06-06,UK,Organic,Tablet
7152,2023-07-14,Germany,Organic,Mobile
7153,2023-03-13,India,Organic,Mobile
7154,2023-10-31,UK,Referral,Desktop
7155,2023-08-05,UK,"Google Ads",Mobile
7156,2024-02-06,UK,"Google Ads",Desktop
7157,2023-01-23,Australia,"Facebook Ads",Tablet
7158,2023-02-06,India,Referral,Tablet
7159,2023-07-10,USA,"Google Ads",Desktop
7160,2023-05-05,Australia,Organic,Mobile
7161,2023-05-06,India,"LinkedIn Ads",Desktop
7162,2023-05-01,Australia,"Google Ads",Mobile
7163,2024-03-07,India,Organic,Mobile
7164,2024-05-09,India,Organic,Mobile
7165,2024-03-15,USA,"Facebook Ads",Desktop
7166,2024-01-22,Germany,Organic,Tablet
7167,2023-06-05,UK,"LinkedIn Ads",Tablet
7168,2023-03-11,UK,Referral,Desktop
7169,2024-02-02,USA,"Google Ads",Tablet
7170,2024-03-28,USA,"LinkedIn Ads",Mobile
7171,2024-03-05,Germany,"LinkedIn Ads",Mobile
7172,2024-05-28,USA,"Google Ads",Tablet
7173,2023-06-10,India,"LinkedIn Ads",Desktop
7174,2023-05-30,Canada,"LinkedIn Ads",Tablet
7175,2023-07-26,India,Organic,Desktop
7176,2024-04-03,Germany,"Facebook Ads",Desktop
7177,2023-11-26,USA,"Facebook Ads",Mobile
7178,2023-08-17,India,"Google Ads",Mobile
7179,2024-04-07,Germany,Organic,Tablet
7180,2023-11-18,India,"Google Ads",Tablet
7181,2023-11-23,Germany,"Facebook Ads",Tablet
7182,2023-01-30,Canada,"Facebook Ads",Tablet
7183,2023-09-16,Germany,"Facebook Ads",Tablet
7184,2023-05-26,India,"LinkedIn Ads",Tablet
7185,2024-05-20,UK,Organic,Mobile
7186,2023-08-25,Germany,"Facebook Ads",Tablet
7187,2023-02-03,Canada,"Facebook Ads",Desktop
7188,2023-10-15,India,Organic,Mobile
7189,2023-10-31,India,"Facebook Ads",Tablet
7190,2023-05-18,UK,Organic,Tablet
7191,2023-01-28,Australia,"LinkedIn Ads",Mobile
7192,2023-04-02,India,Referral,Tablet
7193,2023-03-14,USA,"LinkedIn Ads",Tablet
7194,2024-06-14,Australia,Referral,Desktop
7195,2024-02-01,USA,Referral,Desktop
7196,2023-03-11,Australia,"LinkedIn Ads",Mobile
7197,2023-12-26,UK,"Google Ads",Mobile
7198,2023-03-27,USA,"Facebook Ads",Tablet
7199,2024-05-11,India,Organic,Tablet
7200,2023-12-13,Australia,"Google Ads",Tablet
7201,2023-07-25,UK,"Facebook Ads",Mobile
7202,2023-02-08,USA,Organic,Mobile
7203,2023-02-12,Australia,"LinkedIn Ads",Desktop
7204,2023-10-26,UK,"Google Ads",Desktop
7205,2024-06-05,Germany,Organic,Mobile
7206,2023-08-02,Australia,"LinkedIn Ads",Desktop
7207,2023-09-20,Australia,Referral,Tablet
7208,2023-03-19,USA,"Facebook Ads",Mobile
7209,2024-02-15,UK,"Google Ads",Desktop
7210,2023-09-27,Canada,"LinkedIn Ads",Desktop
7211,2023-03-10,UK,Organic,Mobile
7212,2024-06-17,USA,"Facebook Ads",Tablet
7213,2023-02-25,India,"Google Ads",Desktop
7214,2024-06-21,USA,Organic,Tablet
7215,2023-10-09,Germany,Organic,Desktop
7216,2023-09-12,India,Referral,Mobile
7217,2024-04-30,India,"Google Ads",Desktop
7218,2024-02-21,India,Referral,Desktop
7219,2023-07-27,USA,"Google Ads",Desktop
7220,2024-01-27,Australia,Referral,Tablet
7221,2023-10-22,Canada,Organic,Mobile
7222,2023-10-24,Canada,"LinkedIn Ads",Tablet
7223,2024-02-02,USA,"Google Ads",Tablet
7224,2023-06-12,UK,Referral,Tablet
7225,2023-07-13,India,Organic,Desktop
7226,2023-12-01,USA,"Facebook Ads",Desktop
7227,2023-11-02,Germany,"Facebook Ads",Desktop
7228,2024-06-16,Germany,"Facebook Ads",Mobile
7229,2023-05-29,Australia,Referral,Tablet
7230,2023-07-13,Canada,Organic,Mobile
7231,2023-07-16,Australia,Referral,Tablet
7232,2023-03-12,Canada,"Google Ads",Mobile
7233,2023-07-26,Germany,Referral,Desktop
7234,2024-04-07,India,"Google Ads",Tablet
7235,2023-10-14,Germany,Organic,Tablet
7236,2024-01-03,UK,"Google Ads",Mobile
7237,2023-08-17,India,Referral,Mobile
7238,2024-01-28,Canada,Organic,Tablet
7239,2023-02-24,Australia,Referral,Tablet
7240,2024-06-15,UK,"LinkedIn Ads",Desktop
7241,2024-05-25,Canada,"LinkedIn Ads",Tablet
7242,2023-07-26,Germany,"LinkedIn Ads",Desktop
7243,2023-07-12,UK,"Google Ads",Tablet
7244,2023-03-20,Canada,Organic,Tablet
7245,2023-10-22,USA,Organic,Tablet
7246,2024-06-13,USA,"Google Ads",Tablet
7247,2024-06-05,Germany,"LinkedIn Ads",Mobile
7248,2023-07-11,UK,Referral,Tablet
7249,2023-12-15,USA,"Facebook Ads",Desktop
7250,2024-02-08,USA,"LinkedIn Ads",Mobile
7251,2023-11-02,Canada,Referral,Desktop
7252,2023-11-20,USA,Referral,Mobile
7253,2023-03-06,USA,"Google Ads",Desktop
7254,2023-04-03,Canada,"LinkedIn Ads",Tablet
7255,2024-05-24,India,"Facebook Ads",Tablet
7256,2024-03-08,Canada,"Google Ads",Tablet
7257,2023-10-11,UK,"LinkedIn Ads",Desktop
7258,2023-08-29,Australia,Organic,Mobile
7259,2023-05-21,USA,"LinkedIn Ads",Desktop
7260,2023-12-29,UK,"LinkedIn Ads",Desktop
7261,2024-02-01,India,"Facebook Ads",Tablet
7262,2023-12-06,Canada,"LinkedIn Ads",Desktop
7263,2023-01-16,USA,"Facebook Ads",Mobile
7264,2024-02-18,Australia,Organic,Mobile
7265,2023-03-22,USA,Referral,Desktop
7266,2023-05-22,UK,Organic,Mobile
7267,2023-10-16,USA,Referral,Tablet
7268,2023-01-11,USA,Referral,Mobile
7269,2023-04-17,India,"LinkedIn Ads",Tablet
7270,2024-05-30,Canada,"LinkedIn Ads",Desktop
7271,2024-01-30,UK,"LinkedIn Ads",Tablet
7272,2023-12-26,USA,Referral,Mobile
7273,2023-07-22,Canada,Organic,Mobile
7274,2023-08-05,Germany,Organic,Tablet
7275,2024-06-02,India,Organic,Mobile
7276,2023-09-03,Canada,"Google Ads",Tablet
7277,2024-03-14,UK,"Facebook Ads",Tablet
7278,2023-11-21,Australia,"Facebook Ads",Desktop
7279,2023-05-02,USA,"LinkedIn Ads",Desktop
7280,2023-09-19,Canada,"Google Ads",Tablet
7281,2024-02-20,India,"LinkedIn Ads",Desktop
7282,2023-12-06,India,"Facebook Ads",Tablet
7283,2023-04-12,Australia,"LinkedIn Ads",Mobile
7284,2024-05-23,Germany,Organic,Desktop
7285,2024-06-06,India,"LinkedIn Ads",Desktop
7286,2023-05-30,Germany,Referral,Mobile
7287,2023-10-20,UK,"Facebook Ads",Tablet
7288,2023-11-02,UK,Referral,Mobile
7289,2024-05-24,UK,"Facebook Ads",Desktop
7290,2023-08-07,Australia,"LinkedIn Ads",Tablet
7291,2023-02-10,Canada,"Google Ads",Desktop
7292,2023-05-18,Canada,"Facebook Ads",Mobile
7293,2023-06-17,India,"Google Ads",Desktop
7294,2023-04-17,USA,Organic,Mobile
7295,2023-07-12,UK,Referral,Desktop
7296,2023-10-04,Germany,Referral,Mobile
7297,2024-04-03,India,"Google Ads",Desktop
7298,2023-07-14,Australia,"Google Ads",Desktop
7299,2023-04-18,Canada,"Facebook Ads",Desktop
7300,2024-05-25,USA,Referral,Tablet
7301,2023-05-19,UK,Organic,Tablet
7302,2023-09-03,India,Organic,Tablet
7303,2024-04-07,Germany,"LinkedIn Ads",Mobile
7304,2023-07-21,India,Referral,Mobile
7305,2023-08-07,Germany,Organic,Mobile
7306,2023-04-23,Canada,Organic,Mobile
7307,2023-11-22,UK,Organic,Tablet
7308,2023-12-07,Australia,"Google Ads",Tablet
7309,2023-02-07,Canada,"LinkedIn Ads",Tablet
7310,2023-08-20,USA,"Google Ads",Tablet
7311,2023-10-16,UK,Referral,Tablet
7312,2023-03-08,Australia,"Facebook Ads",Tablet
7313,2024-04-20,Australia,"Google Ads",Desktop
7314,2023-09-21,USA,"Google Ads",Mobile
7315,2023-12-15,Germany,Referral,Desktop
7316,2023-01-26,USA,"Google Ads",Mobile
7317,2024-03-28,UK,"Facebook Ads",Desktop
7318,2023-10-15,Canada,"LinkedIn Ads",Tablet
7319,2024-05-17,UK,"LinkedIn Ads",Mobile
7320,2023-12-07,Australia,Organic,Mobile
7321,2023-04-26,USA,"LinkedIn Ads",Desktop
7322,2024-06-21,India,"Google Ads",Desktop
7323,2024-04-25,Australia,"Google Ads",Desktop
7324,2023-06-16,Australia,"Google Ads",Desktop
7325,2023-12-14,Australia,Referral,Desktop
7326,2023-03-30,USA,"Google Ads",Mobile
7327,2024-03-02,UK,"Google Ads",Desktop
7328,2023-11-20,Australia,Organic,Tablet
7329,2024-06-21,USA,Organic,Tablet
7330,2023-11-25,UK,Organic,Mobile
7331,2023-07-07,USA,"Google Ads",Tablet
7332,2023-09-30,UK,"Facebook Ads",Tablet
7333,2023-04-28,Germany,"Facebook Ads",Mobile
7334,2023-03-12,Germany,Referral,Mobile
7335,2024-06-05,Canada,Organic,Desktop
7336,2023-11-28,UK,"LinkedIn Ads",Mobile
7337,2024-06-24,Germany,Organic,Desktop
7338,2023-03-17,USA,"Facebook Ads",Mobile
7339,2023-04-27,Australia,Organic,Desktop
7340,2023-09-12,Canada,"Google Ads",Desktop
7341,2023-05-12,UK,"Google Ads",Tablet
7342,2023-02-07,Canada,"LinkedIn Ads",Tablet
7343,2023-11-24,Australia,"Google Ads",Tablet
7344,2023-05-03,Germany,Referral,Tablet
7345,2024-05-07,Canada,"Google Ads",Mobile
7346,2024-01-23,USA,"Facebook Ads",Mobile
7347,2023-12-21,Germany,Organic,Tablet
7348,2023-05-19,Germany,"LinkedIn Ads",Desktop
7349,2023-06-22,India,"LinkedIn Ads",Tablet
7350,2024-03-03,Germany,"Google Ads",Desktop
7351,2023-08-20,Canada,"Google Ads",Tablet
7352,2023-07-05,UK,"LinkedIn Ads",Tablet
7353,2024-06-23,India,"Google Ads",Mobile
7354,2024-06-22,USA,"Google Ads",Desktop
7355,2023-07-19,Australia,Referral,Desktop
7356,2023-07-16,India,"Google Ads",Tablet
7357,2023-07-12,Germany,Referral,Tablet
7358,2023-12-22,USA,"Google Ads",Mobile
7359,2024-03-03,USA,"Google Ads",Tablet
7360,2023-12-08,USA,Referral,Mobile
7361,2024-04-01,India,Referral,Mobile
7362,2024-01-04,Germany,Organic,Tablet
7363,2023-02-07,USA,"Facebook Ads",Mobile
7364,2023-12-12,Australia,"Facebook Ads",Mobile
7365,2023-02-05,UK,"LinkedIn Ads",Desktop
7366,2023-03-23,USA,"Facebook Ads",Mobile
7367,2024-06-21,Canada,"Facebook Ads",Mobile
7368,2024-06-16,Australia,"Facebook Ads",Desktop
7369,2024-03-22,India,"Facebook Ads",Tablet
7370,2024-05-18,UK,"LinkedIn Ads",Desktop
7371,2023-02-28,Australia,"Facebook Ads",Tablet
7372,2024-03-14,Australia,"Google Ads",Desktop
7373,2024-03-31,Germany,Referral,Tablet
7374,2023-10-14,Germany,"Facebook Ads",Tablet
7375,2023-07-05,UK,Organic,Desktop
7376,2023-10-09,India,Organic,Tablet
7377,2024-04-16,USA,Organic,Tablet
7378,2024-01-14,Australia,"LinkedIn Ads",Tablet
7379,2024-04-05,UK,Referral,Desktop
7380,2023-08-20,Australia,"LinkedIn Ads",Tablet
7381,2024-03-30,UK,"LinkedIn Ads",Mobile
7382,2024-06-15,UK,Referral,Desktop
7383,2023-12-02,Canada,"LinkedIn Ads",Tablet
7384,2024-03-14,Germany,Organic,Tablet
7385,2024-05-31,USA,Organic,Mobile
7386,2023-11-17,USA,Organic,Tablet
7387,2023-08-11,USA,Organic,Tablet
7388,2024-05-15,USA,Referral,Tablet
7389,2024-03-24,Australia,"LinkedIn Ads",Tablet
7390,2024-06-12,UK,"Google Ads",Mobile
7391,2023-04-04,UK,"Facebook Ads",Tablet
7392,2023-03-17,India,Referral,Tablet
7393,2023-01-28,Australia,"Facebook Ads",Mobile
7394,2023-11-30,USA,Organic,Desktop
7395,2023-06-01,India,Organic,Desktop
7396,2023-03-29,UK,"LinkedIn Ads",Tablet
7397,2024-01-27,Australia,"LinkedIn Ads",Mobile
7398,2023-11-23,Canada,Referral,Tablet
7399,2024-03-12,USA,Organic,Mobile
7400,2023-07-09,India,"Facebook Ads",Tablet
7401,2023-06-04,USA,"Facebook Ads",Mobile
7402,2023-06-03,Australia,"Facebook Ads",Mobile
7403,2024-03-19,Australia,"LinkedIn Ads",Tablet
7404,2023-02-05,Canada,"Google Ads",Mobile
7405,2024-06-05,Germany,"LinkedIn Ads",Tablet
7406,2023-02-01,USA,Referral,Tablet
7407,2023-11-23,Canada,"LinkedIn Ads",Mobile
7408,2024-02-16,Australia,"LinkedIn Ads",Mobile
7409,2024-05-31,India,Organic,Tablet
7410,2023-06-22,USA,"Facebook Ads",Tablet
7411,2023-10-13,India,"Google Ads",Tablet
7412,2023-12-23,UK,Referral,Tablet
7413,2023-12-31,USA,"Facebook Ads",Tablet
7414,2023-02-13,India,"LinkedIn Ads",Desktop
7415,2023-09-07,UK,"Facebook Ads",Tablet
7416,2023-12-14,UK,Referral,Tablet
7417,2023-09-23,India,"Facebook Ads",Tablet
7418,2023-07-18,USA,Referral,Desktop
7419,2023-11-13,UK,"Google Ads",Tablet
7420,2024-06-30,USA,"LinkedIn Ads",Mobile
7421,2023-09-16,Canada,Organic,Mobile
7422,2023-01-18,Australia,"Google Ads",Desktop
7423,2023-08-17,USA,"Facebook Ads",Tablet
7424,2024-05-11,Germany,"LinkedIn Ads",Tablet
7425,2023-12-05,UK,"LinkedIn Ads",Desktop
7426,2023-11-26,UK,"Google Ads",Tablet
7427,2024-05-15,India,"Google Ads",Desktop
7428,2023-07-01,UK,Referral,Desktop
7429,2023-04-10,Germany,Referral,Mobile
7430,2023-09-21,India,Referral,Mobile
7431,2024-05-25,Australia,"Facebook Ads",Tablet
7432,2024-06-22,Canada,Referral,Desktop
7433,2023-08-14,USA,"Google Ads",Tablet
7434,2024-03-14,Germany,"Google Ads",Tablet
7435,2023-10-11,UK,Referral,Tablet
7436,2023-07-05,Germany,Organic,Mobile
7437,2024-01-13,UK,"Google Ads",Desktop
7438,2024-05-22,Germany,"LinkedIn Ads",Desktop
7439,2023-05-16,UK,"LinkedIn Ads",Tablet
7440,2023-02-14,Australia,"LinkedIn Ads",Desktop
7441,2023-02-18,Germany,Referral,Desktop
7442,2023-11-19,India,Organic,Tablet
7443,2023-09-26,Australia,Referral,Desktop
7444,2023-02-20,USA,"Facebook Ads",Desktop
7445,2023-08-25,UK,Organic,Desktop
7446,2024-05-11,USA,Referral,Mobile
7447,2024-03-06,Germany,Organic,Desktop
7448,2023-02-04,Australia,"Facebook Ads",Mobile
7449,2023-09-29,India,Referral,Tablet
7450,2023-02-11,Australia,Referral,Mobile
7451,2024-02-04,Canada,Referral,Tablet
7452,2023-07-23,UK,Organic,Desktop
7453,2023-04-09,Australia,"Google Ads",Mobile
7454,2023-02-17,Australia,Organic,Desktop
7455,2023-03-31,USA,"Facebook Ads",Tablet
7456,2024-05-29,India,Organic,Tablet
7457,2024-01-25,Australia,Referral,Mobile
7458,2024-06-22,UK,"LinkedIn Ads",Mobile
7459,2023-12-20,Australia,"Google Ads",Mobile
7460,2023-05-15,Germany,"Google Ads",Mobile
7461,2023-11-17,India,Organic,Desktop
7462,2023-02-22,Canada,"LinkedIn Ads",Tablet
7463,2024-04-20,India,"Google Ads",Tablet
7464,2024-03-05,USA,"Facebook Ads",Mobile
7465,2023-02-01,India,Referral,Mobile
7466,2023-07-13,India,Organic,Mobile
7467,2024-02-26,Germany,"LinkedIn Ads",Mobile
7468,2024-05-27,USA,"LinkedIn Ads",Desktop
7469,2024-04-06,Australia,Referral,Mobile
7470,2023-12-19,Germany,"LinkedIn Ads",Mobile
7471,2023-06-09,Australia,Referral,Desktop
7472,2023-12-14,UK,Organic,Mobile
7473,2023-01-15,Canada,"Facebook Ads",Mobile
7474,2023-08-22,India,"Facebook Ads",Tablet
7475,2023-09-29,UK,"Google Ads",Mobile
7476,2023-11-01,Germany,Referral,Tablet
7477,2023-10-05,Germany,"Google Ads",Tablet
7478,2023-09-06,Germany,Organic,Tablet
7479,2023-03-02,Germany,"LinkedIn Ads",Mobile
7480,2023-05-10,Germany,"Facebook Ads",Desktop
7481,2024-03-17,Australia,"LinkedIn Ads",Mobile
7482,2024-03-04,Canada,Referral,Tablet
7483,2024-01-14,USA,Organic,Mobile
7484,2023-04-05,UK,"Google Ads",Desktop
7485,2023-11-29,Australia,Organic,Mobile
7486,2023-07-09,USA,"Facebook Ads",Mobile
7487,2024-01-10,Canada,"Facebook Ads",Desktop
7488,2023-01-30,UK,"LinkedIn Ads",Desktop
7489,2023-06-21,Germany,Referral,Tablet
7490,2024-05-30,India,Organic,Desktop
7491,2024-02-14,USA,"Google Ads",Tablet
7492,2023-06-26,India,"Google Ads",Tablet
7493,2023-09-25,Germany,Organic,Tablet
7494,2024-03-02,Canada,"LinkedIn Ads",Tablet
7495,2023-09-17,UK,"Facebook Ads",Mobile
7496,2023-12-02,Australia,Referral,Tablet
7497,2023-07-10,UK,"LinkedIn Ads",Desktop
7498,2024-01-01,USA,"Facebook Ads",Desktop
7499,2023-01-30,UK,"Google Ads",Tablet
7500,2024-05-13,Canada,Referral,Desktop
7501,2023-07-23,Canada,"Facebook Ads",Desktop
7502,2023-04-14,UK,"LinkedIn Ads",Tablet
7503,2024-01-08,India,Organic,Tablet
7504,2023-08-07,Canada,"LinkedIn Ads",Mobile
7505,2023-12-30,UK,"Google Ads",Mobile
7506,2024-05-09,India,"LinkedIn Ads",Desktop
7507,2024-05-13,India,"LinkedIn Ads",Tablet
7508,2023-06-04,USA,Organic,Mobile
7509,2023-12-07,USA,"LinkedIn Ads",Mobile
7510,2024-01-19,USA,"Facebook Ads",Desktop
7511,2023-02-19,Australia,Referral,Mobile
7512,2023-11-30,India,Organic,Mobile
7513,2023-02-17,Canada,"LinkedIn Ads",Tablet
7514,2024-01-09,Australia,"Google Ads",Tablet
7515,2023-11-17,UK,"Facebook Ads",Desktop
7516,2023-06-20,USA,"LinkedIn Ads",Desktop
7517,2023-12-14,UK,Organic,Desktop
7518,2023-04-05,Canada,"Google Ads",Tablet
7519,2023-07-27,USA,Organic,Tablet
7520,2023-05-29,UK,"Facebook Ads",Desktop
7521,2024-01-01,UK,"Google Ads",Tablet
7522,2024-06-08,Germany,"Facebook Ads",Tablet
7523,2023-07-07,Australia,"Google Ads",Mobile
7524,2023-11-07,Canada,Organic,Mobile
7525,2024-06-09,UK,"Google Ads",Tablet
7526,2024-03-26,Canada,Referral,Desktop
7527,2023-12-12,Germany,"LinkedIn Ads",Mobile
7528,2024-06-25,USA,"Google Ads",Desktop
7529,2023-10-02,USA,Referral,Desktop
7530,2023-07-04,Canada,Referral,Mobile
7531,2023-12-20,India,"Facebook Ads",Desktop
7532,2024-04-30,UK,"LinkedIn Ads",Mobile
7533,2024-06-12,UK,"LinkedIn Ads",Desktop
7534,2024-02-01,UK,Organic,Mobile
7535,2024-06-15,UK,Organic,Desktop
7536,2024-03-27,India,"LinkedIn Ads",Tablet
7537,2024-06-26,Germany,Organic,Tablet
7538,2024-06-19,Germany,"Google Ads",Mobile
7539,2024-02-01,UK,Organic,Desktop
7540,2024-04-15,Canada,"Google Ads",Tablet
7541,2023-06-10,UK,"LinkedIn Ads",Tablet
7542,2023-04-26,UK,Referral,Desktop
7543,2023-04-14,Australia,"Google Ads",Desktop
7544,2023-01-15,Germany,Organic,Desktop
7545,2023-12-05,Germany,Organic,Desktop
7546,2023-01-09,Canada,"LinkedIn Ads",Tablet
7547,2023-10-18,Australia,Organic,Desktop
7548,2023-10-15,USA,Referral,Mobile
7549,2023-08-25,Germany,"LinkedIn Ads",Mobile
7550,2023-10-23,India,Referral,Tablet
7551,2023-12-08,India,"Facebook Ads",Mobile
7552,2023-11-11,USA,"LinkedIn Ads",Desktop
7553,2023-10-11,Australia,Organic,Tablet
7554,2023-10-15,India,"Facebook Ads",Tablet
7555,2024-02-11,Germany,Referral,Mobile
7556,2023-04-05,USA,"Google Ads",Mobile
7557,2024-01-16,USA,"Facebook Ads",Tablet
7558,2023-11-18,Australia,"Google Ads",Mobile
7559,2023-12-19,Canada,"Facebook Ads",Desktop
7560,2023-10-25,USA,"LinkedIn Ads",Desktop
7561,2024-01-29,USA,"Google Ads",Desktop
7562,2023-05-17,UK,Referral,Tablet
7563,2023-08-14,Australia,"LinkedIn Ads",Desktop
7564,2023-10-17,Canada,"LinkedIn Ads",Tablet
7565,2024-02-25,Germany,"Google Ads",Tablet
7566,2024-06-03,Australia,"Facebook Ads",Desktop
7567,2024-01-09,Australia,"LinkedIn Ads",Tablet
7568,2024-04-22,Canada,Organic,Desktop
7569,2023-12-20,Australia,Referral,Desktop
7570,2023-04-26,India,"Google Ads",Mobile
7571,2023-07-17,USA,Referral,Mobile
7572,2023-03-02,India,"Facebook Ads",Tablet
7573,2023-10-13,USA,"LinkedIn Ads",Desktop
7574,2024-03-20,India,"Facebook Ads",Desktop
7575,2024-02-19,Canada,Organic,Mobile
7576,2023-02-12,India,Referral,Tablet
7577,2023-01-31,USA,"Google Ads",Desktop
7578,2023-02-22,Canada,"Google Ads",Mobile
7579,2023-01-09,Germany,Referral,Mobile
7580,2023-01-18,USA,"Facebook Ads",Desktop
7581,2024-02-28,USA,"Facebook Ads",Tablet
7582,2023-02-19,India,"LinkedIn Ads",Tablet
7583,2023-04-25,USA,"LinkedIn Ads",Desktop
7584,2024-05-24,Australia,Referral,Desktop
7585,2024-06-30,UK,"LinkedIn Ads",Mobile
7586,2024-02-23,Canada,Referral,Tablet
7587,2024-04-28,India,"LinkedIn Ads",Mobile
7588,2024-05-01,UK,"Google Ads",Tablet
7589,2023-10-24,USA,Referral,Mobile
7590,2023-03-09,India,"Google Ads",Tablet
7591,2023-08-30,Australia,"Facebook Ads",Mobile
7592,2023-06-07,Canada,"Facebook Ads",Desktop
7593,2023-08-24,UK,Referral,Tablet
7594,2024-03-29,Canada,"Facebook Ads",Desktop
7595,2024-03-31,India,"Google Ads",Mobile
7596,2023-03-04,UK,"Facebook Ads",Tablet
7597,2023-09-07,USA,Referral,Desktop
7598,2024-02-11,UK,"Google Ads",Tablet
7599,2023-09-28,Germany,"Facebook Ads",Mobile
7600,2023-07-17,Canada,Referral,Mobile
7601,2023-12-24,Germany,"LinkedIn Ads",Tablet
7602,2023-01-22,Canada,Referral,Mobile
7603,2023-11-05,India,"Google Ads",Tablet
7604,2023-03-12,India,Organic,Tablet
7605,2024-03-16,Australia,Organic,Mobile
7606,2024-01-17,Australia,"LinkedIn Ads",Desktop
7607,2024-02-12,UK,Referral,Tablet
7608,2024-01-01,UK,"LinkedIn Ads",Tablet
7609,2023-09-12,Canada,Organic,Mobile
7610,2023-06-28,Australia,"Google Ads",Desktop
7611,2023-05-22,India,"Facebook Ads",Mobile
7612,2024-02-12,USA,"Facebook Ads",Tablet
7613,2023-06-12,USA,"LinkedIn Ads",Mobile
7614,2024-01-31,USA,Organic,Tablet
7615,2023-11-06,Canada,Referral,Mobile
7616,2023-08-23,India,"Google Ads",Desktop
7617,2023-05-22,Australia,"LinkedIn Ads",Mobile
7618,2023-06-22,USA,"Google Ads",Tablet
7619,2024-04-09,Germany,"Facebook Ads",Desktop
7620,2023-12-24,USA,"Google Ads",Mobile
7621,2024-04-13,USA,"Facebook Ads",Mobile
7622,2023-08-30,UK,"LinkedIn Ads",Desktop
7623,2024-04-19,Germany,"LinkedIn Ads",Desktop
7624,2024-02-07,USA,Organic,Desktop
7625,2024-03-05,Canada,"Facebook Ads",Tablet
7626,2023-11-13,Germany,Referral,Desktop
7627,2023-12-25,Canada,Referral,Tablet
7628,2023-11-17,India,Organic,Desktop
7629,2023-12-03,Canada,"Google Ads",Mobile
7630,2023-01-31,UK,"Facebook Ads",Desktop
7631,2023-05-13,Germany,"Facebook Ads",Mobile
7632,2023-06-16,India,Organic,Desktop
7633,2023-03-27,India,"LinkedIn Ads",Tablet
7634,2023-06-27,USA,Organic,Mobile
7635,2023-11-04,India,"LinkedIn Ads",Tablet
7636,2023-08-27,USA,Referral,Tablet
7637,2024-03-05,Canada,"Google Ads",Tablet
7638,2023-11-25,UK,Organic,Mobile
7639,2024-01-25,UK,"LinkedIn Ads",Mobile
7640,2024-03-23,UK,"Facebook Ads",Desktop
7641,2024-05-05,Canada,Referral,Mobile
7642,2024-02-03,Australia,Organic,Mobile
7643,2023-10-26,Australia,Organic,Desktop
7644,2023-08-05,USA,"Facebook Ads",Tablet
7645,2023-11-20,Canada,Organic,Desktop
7646,2023-11-27,Australia,"Facebook Ads",Tablet
7647,2023-12-21,USA,"Facebook Ads",Desktop
7648,2024-06-07,Australia,Organic,Mobile
7649,2023-01-09,India,Referral,Tablet
7650,2023-04-02,Australia,"LinkedIn Ads",Tablet
7651,2023-08-04,Australia,"LinkedIn Ads",Mobile
7652,2024-03-09,Australia,Organic,Mobile
7653,2023-10-27,India,Referral,Tablet
7654,2023-03-13,Canada,"Facebook Ads",Tablet
7655,2023-05-31,India,"LinkedIn Ads",Desktop
7656,2023-04-18,UK,Organic,Desktop
7657,2024-01-14,India,Referral,Mobile
7658,2024-02-16,USA,Organic,Mobile
7659,2023-04-27,Germany,Organic,Desktop
7660,2023-06-01,India,"Facebook Ads",Tablet
7661,2023-09-06,Australia,"Facebook Ads",Mobile
7662,2023-10-23,USA,"LinkedIn Ads",Desktop
7663,2023-05-04,Germany,"Facebook Ads",Mobile
7664,2024-06-14,Canada,"Google Ads",Tablet
7665,2023-03-31,UK,"Google Ads",Mobile
7666,2023-03-03,Germany,"Google Ads",Mobile
7667,2023-08-19,Australia,"Facebook Ads",Desktop
7668,2023-03-08,Australia,Organic,Mobile
7669,2024-01-06,India,"Facebook Ads",Tablet
7670,2023-12-14,Germany,Organic,Desktop
7671,2023-10-10,UK,"Google Ads",Mobile
7672,2023-02-17,Australia,Referral,Tablet
7673,2023-12-01,Germany,Referral,Desktop
7674,2023-06-04,Canada,"Google Ads",Desktop
7675,2023-08-30,Germany,"LinkedIn Ads",Desktop
7676,2023-11-01,India,Referral,Tablet
7677,2024-02-02,UK,"Facebook Ads",Tablet
7678,2023-11-02,USA,Referral,Desktop
7679,2023-08-15,UK,Organic,Desktop
7680,2023-04-05,USA,Referral,Mobile
7681,2024-03-20,UK,"LinkedIn Ads",Tablet
7682,2024-03-15,Canada,"Facebook Ads",Mobile
7683,2024-06-09,India,Organic,Mobile
7684,2024-01-19,India,"Google Ads",Desktop
7685,2023-09-19,Germany,Organic,Mobile
7686,2024-03-02,UK,Referral,Desktop
7687,2023-03-03,India,"Google Ads",Tablet
7688,2023-07-25,Canada,Organic,Desktop
7689,2023-03-16,USA,"LinkedIn Ads",Desktop
7690,2023-04-06,Australia,"LinkedIn Ads",Tablet
7691,2023-02-14,Australia,Organic,Tablet
7692,2024-02-26,Canada,"LinkedIn Ads",Desktop
7693,2023-09-04,USA,"Google Ads",Tablet
7694,2023-01-17,Australia,"LinkedIn Ads",Mobile
7695,2024-05-27,India,"LinkedIn Ads",Mobile
7696,2023-05-09,India,"Google Ads",Desktop
7697,2024-05-12,USA,"LinkedIn Ads",Tablet
7698,2023-09-19,Canada,"Google Ads",Tablet
7699,2024-05-14,Australia,Referral,Mobile
7700,2024-03-11,India,"LinkedIn Ads",Mobile
7701,2023-12-08,Germany,Referral,Desktop
7702,2023-12-07,Germany,Referral,Desktop
7703,2024-02-05,USA,"Facebook Ads",Tablet
7704,2023-10-11,Canada,"Facebook Ads",Tablet
7705,2023-03-27,USA,"Facebook Ads",Desktop
7706,2023-02-25,India,"Facebook Ads",Mobile
7707,2023-04-08,India,Referral,Mobile
7708,2023-06-13,Germany,"LinkedIn Ads",Tablet
7709,2023-07-15,Canada,"Google Ads",Tablet
7710,2024-01-25,India,"Google Ads",Desktop
7711,2023-05-20,Canada,"Google Ads",Tablet
7712,2024-05-24,Canada,"Facebook Ads",Mobile
7713,2023-02-25,India,"Facebook Ads",Desktop
7714,2024-05-12,UK,Organic,Desktop
7715,2023-01-11,Germany,"LinkedIn Ads",Tablet
7716,2024-01-06,India,Organic,Desktop
7717,2024-04-04,USA,"Facebook Ads",Mobile
7718,2024-04-11,Australia,"Facebook Ads",Desktop
7719,2023-12-21,Canada,Referral,Mobile
7720,2023-12-07,Germany,Referral,Tablet
7721,2024-02-02,USA,"Facebook Ads",Desktop
7722,2024-02-24,USA,"LinkedIn Ads",Desktop
7723,2024-01-24,Germany,Referral,Desktop
7724,2023-08-01,Canada,"LinkedIn Ads",Desktop
7725,2023-01-26,USA,Referral,Tablet
7726,2023-05-02,USA,"LinkedIn Ads",Desktop
7727,2023-05-13,UK,"Facebook Ads",Mobile
7728,2024-05-13,Germany,"Google Ads",Mobile
7729,2024-05-03,Canada,"Google Ads",Desktop
7730,2023-11-21,Australia,"Facebook Ads",Mobile
7731,2023-02-22,Germany,"Google Ads",Tablet
7732,2023-08-31,Canada,"LinkedIn Ads",Mobile
7733,2023-10-20,USA,"Google Ads",Mobile
7734,2024-02-22,UK,Organic,Desktop
7735,2023-01-24,Australia,Organic,Mobile
7736,2023-07-09,Canada,Organic,Mobile
7737,2023-06-24,India,Organic,Mobile
7738,2024-03-14,USA,"Google Ads",Mobile
7739,2023-01-13,Germany,Organic,Tablet
7740,2023-06-15,Germany,Organic,Desktop
7741,2024-05-07,Canada,"Google Ads",Tablet
7742,2023-04-02,Canada,Referral,Desktop
7743,2023-02-20,UK,"Google Ads",Mobile
7744,2023-10-10,USA,"LinkedIn Ads",Tablet
7745,2024-02-16,Germany,"LinkedIn Ads",Mobile
7746,2024-02-22,USA,Referral,Tablet
7747,2023-05-06,USA,Referral,Desktop
7748,2023-12-22,USA,"Facebook Ads",Tablet
7749,2023-04-17,Canada,"Google Ads",Desktop
7750,2023-12-17,USA,Referral,Desktop
7751,2023-07-24,Germany,Organic,Mobile
7752,2024-01-30,Germany,"Facebook Ads",Mobile
7753,2023-02-27,India,"Facebook Ads",Desktop
7754,2024-05-24,UK,Organic,Desktop
7755,2023-04-23,UK,Organic,Desktop
7756,2023-10-03,India,"LinkedIn Ads",Tablet
7757,2023-12-04,Australia,"Facebook Ads",Tablet
7758,2023-05-09,USA,Referral,Tablet
7759,2023-12-02,UK,Organic,Mobile
7760,2023-09-20,UK,"Facebook Ads",Mobile
7761,2024-04-08,Australia,Organic,Desktop
7762,2024-05-27,Canada,"LinkedIn Ads",Tablet
7763,2023-12-14,Germany,Referral,Tablet
7764,2024-03-04,UK,Referral,Mobile
7765,2023-03-01,India,"Google Ads",Tablet
7766,2024-01-01,India,"Facebook Ads",Tablet
7767,2023-07-23,India,Organic,Desktop
7768,2024-03-10,USA,"Facebook Ads",Mobile
7769,2024-06-27,Germany,"Facebook Ads",Tablet
7770,2023-07-26,India,"Facebook Ads",Tablet
7771,2024-02-05,Germany,Referral,Mobile
7772,2023-04-30,Canada,"Facebook Ads",Desktop
7773,2024-06-03,Germany,"Google Ads",Desktop
7774,2024-04-15,USA,Organic,Tablet
7775,2024-05-13,Germany,"LinkedIn Ads",Tablet
7776,2023-06-26,India,Referral,Mobile
7777,2024-01-23,Germany,"LinkedIn Ads",Desktop
7778,2023-07-01,India,Referral,Mobile
7779,2023-11-19,Canada,"Google Ads",Mobile
7780,2023-04-17,Australia,"Facebook Ads",Mobile
7781,2023-12-12,USA,Referral,Mobile
7782,2023-11-25,USA,"Google Ads",Tablet
7783,2023-09-29,Australia,"Google Ads",Tablet
7784,2023-11-26,Canada,"Facebook Ads",Mobile
7785,2023-07-23,Canada,Referral,Tablet
7786,2024-04-11,Germany,"Google Ads",Mobile
7787,2024-01-13,UK,Organic,Mobile
7788,2024-05-09,Germany,"Google Ads",Mobile
7789,2024-04-19,India,"Google Ads",Tablet
7790,2024-06-05,UK,Organic,Tablet
7791,2024-02-15,USA,"Facebook Ads",Tablet
7792,2023-05-26,Canada,"Google Ads",Tablet
7793,2023-03-25,Germany,"LinkedIn Ads",Mobile
7794,2023-08-17,India,"Facebook Ads",Mobile
7795,2023-06-16,USA,"Facebook Ads",Desktop
7796,2024-05-26,Germany,"Facebook Ads",Mobile
7797,2023-02-03,India,Organic,Tablet
7798,2023-11-17,UK,"LinkedIn Ads",Desktop
7799,2024-01-02,Australia,"Facebook Ads",Desktop
7800,2024-02-18,USA,Referral,Tablet
7801,2023-02-04,Australia,Organic,Desktop
7802,2023-04-02,USA,Referral,Desktop
7803,2024-02-03,Australia,"Facebook Ads",Mobile
7804,2023-10-27,Australia,Organic,Mobile
7805,2023-12-06,Canada,"LinkedIn Ads",Tablet
7806,2024-05-25,Australia,Organic,Tablet
7807,2023-08-15,India,"LinkedIn Ads",Mobile
7808,2023-11-21,Germany,"Facebook Ads",Mobile
7809,2024-03-18,Germany,Referral,Desktop
7810,2024-04-25,Canada,"Google Ads",Desktop
7811,2023-08-11,Australia,"Facebook Ads",Desktop
7812,2023-06-15,USA,"Google Ads",Tablet
7813,2023-07-07,USA,"Facebook Ads",Desktop
7814,2024-05-16,USA,Organic,Desktop
7815,2023-02-06,Germany,"Google Ads",Mobile
7816,2024-02-06,India,"Google Ads",Desktop
7817,2023-01-09,USA,"Facebook Ads",Tablet
7818,2023-06-18,Germany,"Facebook Ads",Tablet
7819,2023-07-03,Canada,Organic,Tablet
7820,2024-01-10,India,Organic,Tablet
7821,2023-02-27,UK,Organic,Mobile
7822,2023-04-30,India,Referral,Desktop
7823,2023-11-19,Canada,"LinkedIn Ads",Desktop
7824,2023-10-10,UK,Referral,Mobile
7825,2024-02-19,USA,"Facebook Ads",Desktop
7826,2024-05-10,Australia,"Facebook Ads",Tablet
7827,2024-04-09,India,Organic,Tablet
7828,2024-01-27,Germany,"LinkedIn Ads",Mobile
7829,2023-04-13,UK,Referral,Mobile
7830,2023-02-10,Germany,"Facebook Ads",Mobile
7831,2023-07-20,UK,"Google Ads",Tablet
7832,2023-08-17,Australia,Organic,Desktop
7833,2023-11-18,Australia,Organic,Tablet
7834,2023-05-08,India,Referral,Tablet
7835,2023-08-03,USA,"Google Ads",Tablet
7836,2023-05-06,UK,"LinkedIn Ads",Mobile
7837,2024-01-10,Australia,"LinkedIn Ads",Desktop
7838,2024-06-14,Canada,"Google Ads",Mobile
7839,2023-12-25,USA,"Facebook Ads",Desktop
7840,2023-03-29,Germany,Referral,Desktop
7841,2023-05-20,Germany,"LinkedIn Ads",Tablet
7842,2023-10-03,Canada,"Facebook Ads",Mobile
7843,2023-07-07,USA,"Google Ads",Tablet
7844,2023-09-17,Canada,"LinkedIn Ads",Mobile
7845,2024-04-19,Australia,Organic,Tablet
7846,2023-12-12,Canada,Referral,Mobile
7847,2023-03-23,UK,"Google Ads",Tablet
7848,2024-03-12,UK,Referral,Tablet
7849,2023-11-08,USA,Referral,Tablet
7850,2024-04-07,Canada,Referral,Desktop
7851,2024-02-14,India,"LinkedIn Ads",Tablet
7852,2024-06-15,India,"Facebook Ads",Desktop
7853,2023-05-05,USA,Organic,Tablet
7854,2024-04-08,USA,Referral,Desktop
7855,2023-05-25,Canada,"Google Ads",Mobile
7856,2023-07-16,Australia,Referral,Mobile
7857,2024-04-27,Australia,Referral,Mobile
7858,2023-02-28,Germany,"LinkedIn Ads",Mobile
7859,2023-05-19,USA,"Google Ads",Mobile
7860,2023-05-04,Canada,"Facebook Ads",Desktop
7861,2023-08-17,Germany,Organic,Desktop
7862,2023-07-24,Australia,Organic,Mobile
7863,2023-08-03,UK,Organic,Desktop
7864,2023-03-13,Canada,"Google Ads",Desktop
7865,2023-07-31,Canada,"LinkedIn Ads",Tablet
7866,2023-03-28,USA,"Google Ads",Mobile
7867,2023-10-01,Germany,Referral,Desktop
7868,2024-01-30,USA,Organic,Tablet
7869,2023-08-21,UK,Organic,Mobile
7870,2023-02-20,Australia,Referral,Mobile
7871,2023-09-24,UK,"Google Ads",Tablet
7872,2023-09-01,Germany,Referral,Mobile
7873,2024-05-25,UK,Organic,Tablet
7874,2023-08-18,Australia,"LinkedIn Ads",Mobile
7875,2023-05-30,India,"Facebook Ads",Mobile
7876,2023-02-22,Canada,"LinkedIn Ads",Desktop
7877,2024-03-26,India,Referral,Tablet
7878,2023-08-01,India,Organic,Tablet
7879,2024-06-23,India,Referral,Tablet
7880,2024-06-10,USA,Organic,Desktop
7881,2023-07-29,Germany,"Google Ads",Mobile
7882,2023-12-13,Germany,Referral,Desktop
7883,2024-06-26,Germany,Referral,Desktop
7884,2023-10-04,UK,"Google Ads",Tablet
7885,2023-01-23,Canada,Organic,Tablet
7886,2023-08-11,USA,"Facebook Ads",Tablet
7887,2023-10-22,Canada,"LinkedIn Ads",Tablet
7888,2023-12-07,Germany,Organic,Desktop
7889,2023-12-08,Germany,"Facebook Ads",Tablet
7890,2023-06-01,USA,"Facebook Ads",Mobile
7891,2023-05-17,Australia,Referral,Desktop
7892,2023-11-27,India,"LinkedIn Ads",Mobile
7893,2023-08-10,Germany,"Google Ads",Desktop
7894,2024-02-22,Australia,"Facebook Ads",Tablet
7895,2023-12-09,Canada,"Facebook Ads",Mobile
7896,2023-01-08,Australia,"LinkedIn Ads",Desktop
7897,2023-04-28,India,"LinkedIn Ads",Desktop
7898,2024-03-30,India,"LinkedIn Ads",Mobile
7899,2023-05-22,Australia,"Google Ads",Desktop
7900,2023-10-20,Canada,"LinkedIn Ads",Tablet
7901,2023-01-28,USA,"Facebook Ads",Desktop
7902,2024-06-03,Germany,"LinkedIn Ads",Desktop
7903,2023-04-09,USA,"Google Ads",Mobile
7904,2023-10-08,Australia,"Google Ads",Tablet
7905,2024-05-24,UK,Organic,Mobile
7906,2023-12-31,Australia,Referral,Desktop
7907,2024-01-15,USA,Referral,Mobile
7908,2024-03-10,UK,Referral,Mobile
7909,2023-10-26,Australia,"LinkedIn Ads",Desktop
7910,2024-02-28,USA,Referral,Desktop
7911,2023-02-24,Canada,"LinkedIn Ads",Desktop
7912,2024-03-14,Germany,Organic,Desktop
7913,2024-01-24,USA,"Google Ads",Tablet
7914,2023-06-12,Germany,Organic,Tablet
7915,2023-10-23,Canada,Organic,Desktop
7916,2024-04-06,Canada,"Facebook Ads",Mobile
7917,2023-06-13,UK,Referral,Tablet
7918,2024-04-07,Australia,"Google Ads",Tablet
7919,2024-03-11,UK,Referral,Mobile
7920,2023-07-29,USA,"Facebook Ads",Desktop
7921,2023-01-31,USA,Referral,Desktop
7922,2024-02-26,Canada,Organic,Desktop
7923,2024-05-23,India,"Google Ads",Desktop
7924,2023-07-12,USA,"LinkedIn Ads",Desktop
7925,2023-12-01,Australia,"Google Ads",Tablet
7926,2024-02-28,India,Organic,Tablet
7927,2024-02-19,Australia,"LinkedIn Ads",Mobile
7928,2023-11-12,UK,"Facebook Ads",Mobile
7929,2024-01-09,Germany,"LinkedIn Ads",Desktop
7930,2023-12-20,Canada,Organic,Tablet
7931,2023-06-11,Germany,Referral,Mobile
7932,2023-06-04,Australia,Referral,Mobile
7933,2024-03-31,Australia,"LinkedIn Ads",Tablet
7934,2023-10-21,USA,"LinkedIn Ads",Mobile
7935,2023-06-23,USA,"Facebook Ads",Desktop
7936,2024-06-24,Australia,"Facebook Ads",Desktop
7937,2023-10-30,UK,"Facebook Ads",Mobile
7938,2023-03-01,USA,"Google Ads",Desktop
7939,2023-06-07,Germany,"Facebook Ads",Mobile
7940,2024-05-12,Germany,"Google Ads",Tablet
7941,2023-01-29,USA,Organic,Mobile
7942,2023-03-11,India,Referral,Mobile
7943,2023-05-26,USA,"Google Ads",Tablet
7944,2023-02-21,UK,"Facebook Ads",Tablet
7945,2023-03-15,USA,Referral,Mobile
7946,2024-01-01,Canada,Organic,Mobile
7947,2023-06-09,Australia,"Google Ads",Desktop
7948,2023-08-23,USA,Organic,Mobile
7949,2024-04-28,Canada,"LinkedIn Ads",Tablet
7950,2023-04-06,India,Organic,Mobile
7951,2023-06-06,India,"Google Ads",Mobile
7952,2023-09-11,UK,Referral,Mobile
7953,2023-05-16,UK,Organic,Desktop
7954,2024-03-17,Germany,"LinkedIn Ads",Mobile
7955,2023-10-18,India,"LinkedIn Ads",Mobile
7956,2023-08-11,UK,"Facebook Ads",Desktop
7957,2024-02-23,Canada,Organic,Mobile
7958,2024-03-07,USA,"Google Ads",Tablet
7959,2023-12-14,UK,"LinkedIn Ads",Desktop
7960,2023-02-01,Germany,"LinkedIn Ads",Tablet
7961,2023-08-12,Germany,"LinkedIn Ads",Desktop
7962,2024-01-01,Australia,"Facebook Ads",Tablet
7963,2023-02-19,Australia,"LinkedIn Ads",Desktop
7964,2024-06-13,UK,"LinkedIn Ads",Desktop
7965,2023-10-14,Canada,Organic,Mobile
7966,2024-01-14,India,Organic,Desktop
7967,2023-02-26,Canada,"LinkedIn Ads",Mobile
7968,2024-05-27,Australia,Referral,Desktop
7969,2024-02-23,Germany,Organic,Mobile
7970,2023-06-19,USA,"LinkedIn Ads",Desktop
7971,2023-12-20,Germany,"Google Ads",Mobile
7972,2023-04-30,India,"Google Ads",Mobile
7973,2023-04-02,Canada,"LinkedIn Ads",Mobile
7974,2023-12-15,UK,Referral,Tablet
7975,2023-10-08,UK,"Facebook Ads",Mobile
7976,2023-07-13,Australia,"Facebook Ads",Mobile
7977,2023-05-02,USA,"LinkedIn Ads",Mobile
7978,2024-06-14,UK,Organic,Mobile
7979,2024-06-08,Germany,"Facebook Ads",Tablet
7980,2023-10-06,Canada,"LinkedIn Ads",Desktop
7981,2023-09-27,UK,Referral,Tablet
7982,2023-11-06,Canada,"Google Ads",Mobile
7983,2023-05-24,USA,"LinkedIn Ads",Tablet
7984,2023-08-11,UK,"Facebook Ads",Desktop
7985,2023-04-02,Germany,"Facebook Ads",Tablet
7986,2023-06-10,USA,"Google Ads",Desktop
7987,2023-10-03,Germany,"Facebook Ads",Mobile
7988,2023-11-06,UK,"Facebook Ads",Desktop
7989,2023-12-03,India,"Google Ads",Mobile
7990,2023-04-21,Canada,"Facebook Ads",Tablet
7991,2023-10-05,Germany,"Facebook Ads",Tablet
7992,2023-11-18,Canada,"Facebook Ads",Tablet
7993,2023-12-10,Canada,"LinkedIn Ads",Tablet
7994,2023-12-02,India,"Google Ads",Mobile
7995,2023-09-04,Australia,Organic,Mobile
7996,2023-02-01,Canada,Organic,Tablet
7997,2023-08-03,USA,"Google Ads",Tablet
7998,2023-11-17,USA,Referral,Tablet
7999,2023-09-27,Canada,"Facebook Ads",Tablet
8000,2023-05-04,India,Organic,Tablet
8001,2024-05-16,Canada,Referral,Tablet
8002,2023-09-30,India,Referral,Mobile
8003,2023-06-30,Australia,Referral,Desktop
8004,2023-02-20,Australia,"Facebook Ads",Tablet
8005,2024-01-17,Australia,Referral,Desktop
8006,2023-09-10,India,"LinkedIn Ads",Mobile
8007,2024-06-04,USA,Organic,Desktop
8008,2023-04-14,UK,Referral,Mobile
8009,2023-03-24,USA,Referral,Desktop
8010,2023-10-28,Germany,Referral,Desktop
8011,2024-04-08,Canada,Organic,Desktop
8012,2023-01-26,USA,"Google Ads",Desktop
8013,2024-03-06,UK,"Facebook Ads",Desktop
8014,2024-01-24,Germany,"LinkedIn Ads",Desktop
8015,2024-04-29,UK,"LinkedIn Ads",Tablet
8016,2023-08-06,Canada,"LinkedIn Ads",Desktop
8017,2023-05-28,USA,"LinkedIn Ads",Mobile
8018,2023-11-24,Australia,"Google Ads",Desktop
8019,2023-09-12,Canada,"Google Ads",Mobile
8020,2024-06-27,Canada,"Facebook Ads",Desktop
8021,2023-10-15,Australia,"Google Ads",Desktop
8022,2024-02-26,Germany,"LinkedIn Ads",Tablet
8023,2023-09-10,India,Organic,Tablet
8024,2023-07-19,USA,Referral,Desktop
8025,2023-04-11,India,Organic,Tablet
8026,2024-06-26,Australia,Referral,Desktop
8027,2023-05-19,USA,Referral,Mobile
8028,2023-01-19,Germany,"Google Ads",Desktop
8029,2023-12-20,Canada,"Facebook Ads",Tablet
8030,2023-03-02,India,Organic,Tablet
8031,2024-04-20,UK,Referral,Tablet
8032,2023-07-20,Canada,Organic,Mobile
8033,2023-12-12,UK,Referral,Tablet
8034,2024-05-28,India,"Google Ads",Desktop
8035,2024-03-03,India,"Facebook Ads",Mobile
8036,2023-11-16,India,"Facebook Ads",Tablet
8037,2024-06-24,Australia,"Google Ads",Mobile
8038,2023-06-03,USA,"LinkedIn Ads",Tablet
8039,2023-03-09,Canada,Referral,Tablet
8040,2024-04-21,Australia,"LinkedIn Ads",Tablet
8041,2023-02-24,Australia,"Facebook Ads",Mobile
8042,2023-11-06,USA,"Google Ads",Desktop
8043,2023-10-28,Canada,"Facebook Ads",Tablet
8044,2023-05-12,USA,"LinkedIn Ads",Tablet
8045,2023-01-20,India,Organic,Tablet
8046,2023-04-21,UK,"Facebook Ads",Mobile
8047,2023-06-22,Canada,"Google Ads",Desktop
8048,2023-06-16,Australia,"Google Ads",Tablet
8049,2024-03-03,Germany,"Facebook Ads",Tablet
8050,2023-11-03,Germany,"LinkedIn Ads",Tablet
8051,2024-06-15,USA,Organic,Desktop
8052,2023-12-01,Canada,"Facebook Ads",Mobile
8053,2023-05-27,USA,Organic,Tablet
8054,2024-02-17,Australia,"LinkedIn Ads",Mobile
8055,2024-06-27,USA,"LinkedIn Ads",Tablet
8056,2023-10-08,Australia,"LinkedIn Ads",Tablet
8057,2024-02-09,Australia,"LinkedIn Ads",Tablet
8058,2023-09-19,Australia,"LinkedIn Ads",Tablet
8059,2023-04-23,Germany,"Facebook Ads",Desktop
8060,2024-03-08,Germany,Organic,Tablet
8061,2023-12-02,Germany,Organic,Mobile
8062,2024-02-23,UK,Referral,Mobile
8063,2023-09-23,Canada,"Google Ads",Mobile
8064,2023-11-01,UK,"Google Ads",Tablet
8065,2023-09-15,Australia,Organic,Mobile
8066,2023-09-15,Canada,Organic,Tablet
8067,2023-07-03,Australia,"Google Ads",Desktop
8068,2024-03-28,UK,Organic,Tablet
8069,2024-04-29,UK,"LinkedIn Ads",Mobile
8070,2023-01-26,Germany,"Google Ads",Desktop
8071,2023-02-15,Germany,"LinkedIn Ads",Mobile
8072,2023-03-26,Canada,Organic,Tablet
8073,2023-12-16,Germany,Organic,Mobile
8074,2023-09-15,USA,"Google Ads",Mobile
8075,2023-11-12,Germany,Referral,Desktop
8076,2024-01-19,USA,Organic,Mobile
8077,2023-08-06,Australia,Referral,Desktop
8078,2023-11-25,USA,"Google Ads",Tablet
8079,2024-04-11,India,Organic,Tablet
8080,2023-05-11,UK,"Facebook Ads",Desktop
8081,2023-01-08,USA,Referral,Mobile
8082,2024-03-14,Australia,Organic,Tablet
8083,2024-01-24,India,"Facebook Ads",Desktop
8084,2023-07-29,Australia,Referral,Mobile
8085,2024-04-19,USA,Referral,Tablet
8086,2023-12-09,Canada,Referral,Desktop
8087,2023-12-10,USA,"LinkedIn Ads",Mobile
8088,2023-11-10,Canada,"LinkedIn Ads",Desktop
8089,2023-04-10,Canada,Organic,Mobile
8090,2023-10-10,USA,"LinkedIn Ads",Desktop
8091,2024-04-13,India,Referral,Tablet
8092,2024-04-03,India,Referral,Mobile
8093,2023-07-13,Germany,Organic,Tablet
8094,2023-06-09,UK,"Facebook Ads",Tablet
8095,2024-01-18,Germany,"Google Ads",Tablet
8096,2024-01-30,UK,"LinkedIn Ads",Desktop
8097,2023-05-11,Canada,"Google Ads",Tablet
8098,2023-07-23,Australia,"LinkedIn Ads",Tablet
8099,2023-09-22,India,Organic,Tablet
8100,2023-08-31,Australia,Referral,Mobile
8101,2023-03-11,India,"LinkedIn Ads",Mobile
8102,2023-04-07,Canada,Referral,Tablet
8103,2024-04-03,UK,"LinkedIn Ads",Mobile
8104,2023-11-08,Australia,Referral,Desktop
8105,2023-07-26,Germany,"LinkedIn Ads",Mobile
8106,2024-04-05,UK,Organic,Desktop
8107,2024-03-06,Germany,Organic,Desktop
8108,2023-09-04,Canada,Organic,Tablet
8109,2024-02-05,Canada,"LinkedIn Ads",Mobile
8110,2023-08-20,India,"LinkedIn Ads",Mobile
8111,2023-11-12,UK,"Facebook Ads",Mobile
8112,2024-02-03,Canada,"Facebook Ads",Desktop
8113,2023-07-06,Germany,"LinkedIn Ads",Desktop
8114,2023-02-06,UK,"Facebook Ads",Mobile
8115,2023-06-15,India,"Facebook Ads",Mobile
8116,2024-02-27,USA,"LinkedIn Ads",Desktop
8117,2024-05-07,USA,Organic,Tablet
8118,2023-10-25,USA,Referral,Mobile
8119,2024-06-09,USA,Referral,Desktop
8120,2023-07-19,UK,"LinkedIn Ads",Desktop
8121,2023-05-27,Australia,Organic,Desktop
8122,2024-03-03,UK,Referral,Tablet
8123,2024-05-25,Germany,Referral,Tablet
8124,2023-12-16,USA,"Google Ads",Desktop
8125,2024-02-27,Australia,Organic,Desktop
8126,2023-03-17,USA,"Facebook Ads",Tablet
8127,2023-04-16,Australia,Organic,Desktop
8128,2024-05-05,UK,Referral,Desktop
8129,2023-01-08,Germany,"Facebook Ads",Desktop
8130,2023-07-30,Germany,"LinkedIn Ads",Desktop
8131,2023-01-27,UK,"LinkedIn Ads",Desktop
8132,2023-05-17,UK,Organic,Tablet
8133,2023-10-21,India,Organic,Desktop
8134,2023-06-15,UK,"Google Ads",Mobile
8135,2023-02-22,Canada,Referral,Desktop
8136,2023-09-03,UK,"Facebook Ads",Mobile
8137,2023-07-03,UK,"Facebook Ads",Tablet
8138,2023-12-10,USA,"Google Ads",Tablet
8139,2023-08-18,Australia,Organic,Desktop
8140,2024-03-26,Australia,Organic,Mobile
8141,2024-02-29,India,Referral,Desktop
8142,2023-05-20,USA,"LinkedIn Ads",Mobile
8143,2023-10-10,Germany,"Google Ads",Mobile
8144,2023-11-29,UK,"Google Ads",Desktop
8145,2023-03-17,India,"Facebook Ads",Tablet
8146,2024-02-02,Germany,"Google Ads",Tablet
8147,2023-12-28,Canada,"Facebook Ads",Desktop
8148,2023-03-19,UK,"Google Ads",Mobile
8149,2023-10-10,Australia,Referral,Tablet
8150,2023-05-21,USA,Organic,Desktop
8151,2023-02-06,India,"Google Ads",Mobile
8152,2023-05-21,USA,"Google Ads",Desktop
8153,2024-01-20,UK,"Facebook Ads",Tablet
8154,2023-12-02,India,"Google Ads",Mobile
8155,2023-09-03,Australia,Organic,Mobile
8156,2024-03-21,India,Organic,Tablet
8157,2023-02-03,India,Referral,Mobile
8158,2023-06-05,UK,"LinkedIn Ads",Tablet
8159,2023-05-22,Germany,"Facebook Ads",Mobile
8160,2023-02-06,Canada,"LinkedIn Ads",Mobile
8161,2024-04-24,Australia,"Google Ads",Tablet
8162,2023-01-22,UK,Referral,Tablet
8163,2023-09-01,Germany,Referral,Mobile
8164,2023-06-24,Germany,Referral,Tablet
8165,2023-01-09,India,"LinkedIn Ads",Desktop
8166,2024-01-07,Australia,Referral,Desktop
8167,2024-06-28,Canada,"Google Ads",Tablet
8168,2024-03-21,Germany,"Google Ads",Tablet
8169,2023-11-09,UK,"Facebook Ads",Tablet
8170,2023-11-04,UK,Organic,Tablet
8171,2023-11-24,India,Organic,Desktop
8172,2023-08-16,Australia,"Facebook Ads",Tablet
8173,2023-11-21,UK,"LinkedIn Ads",Mobile
8174,2024-04-11,UK,Referral,Desktop
8175,2024-05-05,Australia,Organic,Desktop
8176,2023-07-17,Germany,"LinkedIn Ads",Mobile
8177,2023-08-09,India,"Facebook Ads",Mobile
8178,2024-04-21,Germany,Referral,Tablet
8179,2024-01-23,UK,"Facebook Ads",Tablet
8180,2023-11-29,USA,"Facebook Ads",Desktop
8181,2024-01-03,Canada,"Facebook Ads",Tablet
8182,2023-11-16,USA,Referral,Desktop
8183,2023-05-28,Germany,"Google Ads",Mobile
8184,2023-12-18,India,Referral,Tablet
8185,2024-04-09,UK,"Google Ads",Mobile
8186,2023-11-17,Canada,Referral,Tablet
8187,2023-09-07,UK,Referral,Mobile
8188,2023-07-14,Australia,"LinkedIn Ads",Desktop
8189,2023-04-23,USA,"LinkedIn Ads",Desktop
8190,2023-08-13,Canada,"Google Ads",Tablet
8191,2023-04-20,Canada,Referral,Tablet
8192,2023-08-27,Australia,"Facebook Ads",Mobile
8193,2024-01-23,India,"Facebook Ads",Tablet
8194,2024-06-26,India,"Google Ads",Desktop
8195,2024-02-16,India,Referral,Tablet
8196,2023-11-22,Canada,Referral,Mobile
8197,2023-02-22,Australia,"Facebook Ads",Tablet
8198,2024-05-21,Germany,Referral,Desktop
8199,2024-05-11,Australia,"Facebook Ads",Mobile
8200,2024-03-31,UK,"LinkedIn Ads",Mobile
8201,2023-01-28,Germany,Organic,Desktop
8202,2023-09-03,India,"Facebook Ads",Tablet
8203,2023-06-25,India,Referral,Tablet
8204,2024-03-12,USA,Referral,Tablet
8205,2023-02-26,Australia,Organic,Mobile
8206,2023-11-29,Germany,Organic,Mobile
8207,2024-04-29,Australia,"Google Ads",Mobile
8208,2023-12-25,UK,Referral,Mobile
8209,2023-03-29,Germany,Organic,Desktop
8210,2024-06-14,Germany,Referral,Mobile
8211,2023-04-13,USA,"LinkedIn Ads",Desktop
8212,2024-05-20,Germany,"LinkedIn Ads",Tablet
8213,2023-09-27,UK,Referral,Mobile
8214,2023-09-23,Canada,Organic,Desktop
8215,2023-11-07,USA,"LinkedIn Ads",Desktop
8216,2023-09-20,Germany,"Google Ads",Desktop
8217,2023-09-02,UK,Organic,Desktop
8218,2023-02-20,UK,Referral,Mobile
8219,2023-12-10,USA,"LinkedIn Ads",Tablet
8220,2023-05-26,Australia,"Facebook Ads",Desktop
8221,2024-05-03,Germany,"Google Ads",Tablet
8222,2023-04-01,Australia,Organic,Tablet
8223,2024-02-21,UK,Organic,Desktop
8224,2023-09-23,Canada,"LinkedIn Ads",Desktop
8225,2023-02-18,Australia,"LinkedIn Ads",Desktop
8226,2023-12-13,UK,"LinkedIn Ads",Desktop
8227,2023-02-22,India,"Facebook Ads",Mobile
8228,2023-02-12,UK,"Facebook Ads",Tablet
8229,2023-10-25,Canada,"Facebook Ads",Mobile
8230,2024-05-25,Canada,"Facebook Ads",Mobile
8231,2023-12-06,Germany,"LinkedIn Ads",Desktop
8232,2024-04-17,UK,"LinkedIn Ads",Tablet
8233,2024-01-18,India,"Google Ads",Desktop
8234,2023-12-05,Australia,"LinkedIn Ads",Mobile
8235,2023-01-08,Australia,"Google Ads",Mobile
8236,2024-04-30,Australia,"LinkedIn Ads",Tablet
8237,2023-04-18,India,"LinkedIn Ads",Tablet
8238,2024-03-23,Canada,Organic,Tablet
8239,2023-01-18,USA,"Google Ads",Mobile
8240,2023-03-15,USA,"Google Ads",Mobile
8241,2024-01-13,Germany,Organic,Tablet
8242,2023-11-10,Germany,"Facebook Ads",Tablet
8243,2024-04-12,USA,"Facebook Ads",Desktop
8244,2023-12-11,Germany,Referral,Tablet
8245,2023-06-28,India,Referral,Mobile
8246,2023-05-05,Canada,"Google Ads",Mobile
8247,2024-04-18,UK,Referral,Desktop
8248,2023-07-28,Canada,Organic,Mobile
8249,2023-06-04,Canada,"Facebook Ads",Desktop
8250,2023-07-28,India,"LinkedIn Ads",Desktop
8251,2023-09-23,Germany,"LinkedIn Ads",Desktop
8252,2023-06-06,Canada,"Google Ads",Mobile
8253,2024-03-24,UK,"Google Ads",Mobile
8254,2024-03-11,Australia,Referral,Tablet
8255,2024-04-22,India,"LinkedIn Ads",Desktop
8256,2023-11-04,UK,Organic,Tablet
8257,2023-11-04,USA,Referral,Tablet
8258,2023-07-28,Germany,Referral,Tablet
8259,2024-02-27,India,Organic,Mobile
8260,2023-10-12,India,Organic,Mobile
8261,2024-02-07,Germany,Organic,Tablet
8262,2023-12-30,UK,"Google Ads",Mobile
8263,2023-11-30,Canada,Referral,Mobile
8264,2024-06-27,UK,Referral,Tablet
8265,2023-08-19,UK,"Facebook Ads",Desktop
8266,2023-04-03,Canada,Organic,Mobile
8267,2023-05-13,Germany,"LinkedIn Ads",Desktop
8268,2023-09-08,Germany,"Google Ads",Tablet
8269,2024-03-25,UK,"LinkedIn Ads",Mobile
8270,2024-05-06,USA,Organic,Desktop
8271,2023-11-28,USA,"Google Ads",Desktop
8272,2024-02-10,UK,Organic,Desktop
8273,2024-06-13,Canada,"LinkedIn Ads",Tablet
8274,2023-05-21,Australia,"Google Ads",Tablet
8275,2023-11-03,UK,Referral,Desktop
8276,2023-10-15,UK,"Facebook Ads",Tablet
8277,2023-05-11,India,"LinkedIn Ads",Tablet
8278,2023-07-14,Australia,"Google Ads",Tablet
8279,2023-04-11,Canada,"LinkedIn Ads",Desktop
8280,2024-03-16,Australia,"LinkedIn Ads",Mobile
8281,2024-02-12,Germany,"Google Ads",Desktop
8282,2023-05-12,USA,"LinkedIn Ads",Desktop
8283,2024-02-15,USA,"Facebook Ads",Tablet
8284,2023-11-19,UK,"Facebook Ads",Desktop
8285,2023-09-15,Australia,"Google Ads",Tablet
8286,2023-01-30,UK,"Facebook Ads",Mobile
8287,2023-09-15,USA,"Facebook Ads",Desktop
8288,2024-05-07,Canada,"LinkedIn Ads",Tablet
8289,2023-08-03,India,"Facebook Ads",Desktop
8290,2023-03-07,Canada,"Google Ads",Mobile
8291,2023-03-23,Canada,Organic,Tablet
8292,2023-04-23,Germany,"Google Ads",Mobile
8293,2024-01-01,Germany,"LinkedIn Ads",Mobile
8294,2024-03-21,Canada,"Google Ads",Mobile
8295,2023-09-24,Australia,"Google Ads",Desktop
8296,2023-06-28,UK,"Facebook Ads",Desktop
8297,2023-04-23,Australia,"LinkedIn Ads",Desktop
8298,2023-01-30,UK,"Facebook Ads",Mobile
8299,2023-07-22,USA,"Google Ads",Tablet
8300,2024-03-08,Australia,"LinkedIn Ads",Desktop
8301,2024-02-09,USA,"Google Ads",Desktop
8302,2023-06-24,Australia,"LinkedIn Ads",Desktop
8303,2024-03-02,Germany,"Google Ads",Desktop
8304,2024-01-15,UK,Organic,Tablet
8305,2023-03-27,Germany,"Google Ads",Desktop
8306,2023-07-09,Germany,Referral,Mobile
8307,2024-06-03,India,"Facebook Ads",Mobile
8308,2023-08-03,Germany,Referral,Mobile
8309,2024-05-07,Australia,"Facebook Ads",Tablet
8310,2023-12-08,USA,"LinkedIn Ads",Desktop
8311,2024-06-15,India,Organic,Mobile
8312,2023-08-12,USA,"Facebook Ads",Tablet
8313,2023-12-24,India,"LinkedIn Ads",Tablet
8314,2023-04-12,UK,"Facebook Ads",Tablet
8315,2023-01-15,Canada,Organic,Mobile
8316,2024-02-18,Canada,Organic,Mobile
8317,2023-05-27,Canada,Referral,Tablet
8318,2023-07-18,Australia,Referral,Mobile
8319,2023-05-17,UK,Organic,Desktop
8320,2023-04-15,Germany,"Facebook Ads",Mobile
8321,2024-06-19,Germany,Referral,Mobile
8322,2023-07-25,India,"Facebook Ads",Tablet
8323,2024-04-27,USA,"Facebook Ads",Mobile
8324,2023-07-25,USA,"Google Ads",Tablet
8325,2024-05-29,Germany,Referral,Tablet
8326,2024-02-10,UK,Referral,Desktop
8327,2023-02-16,Canada,"LinkedIn Ads",Tablet
8328,2023-02-19,India,Referral,Tablet
8329,2023-06-29,UK,"Google Ads",Mobile
8330,2024-01-08,Canada,"Google Ads",Tablet
8331,2024-01-12,Canada,Organic,Desktop
8332,2023-06-28,Germany,"LinkedIn Ads",Desktop
8333,2023-04-19,UK,Referral,Desktop
8334,2024-05-14,USA,"Google Ads",Desktop
8335,2024-03-26,India,"LinkedIn Ads",Desktop
8336,2023-01-18,Australia,Organic,Mobile
8337,2023-08-03,UK,"Google Ads",Desktop
8338,2023-02-09,India,"Facebook Ads",Mobile
8339,2024-06-04,India,"Facebook Ads",Desktop
8340,2024-01-05,USA,"Google Ads",Mobile
8341,2023-12-21,India,"Facebook Ads",Desktop
8342,2023-02-28,UK,Organic,Desktop
8343,2023-02-09,Canada,"Google Ads",Tablet
8344,2023-10-24,Germany,"LinkedIn Ads",Mobile
8345,2024-03-07,USA,"Facebook Ads",Desktop
8346,2023-03-17,India,"LinkedIn Ads",Tablet
8347,2023-10-04,India,"LinkedIn Ads",Mobile
8348,2023-06-03,USA,Referral,Mobile
8349,2024-05-26,USA,Organic,Tablet
8350,2023-03-25,Canada,"Facebook Ads",Desktop
8351,2023-06-26,India,Referral,Mobile
8352,2023-05-20,Australia,"LinkedIn Ads",Mobile
8353,2023-08-06,Germany,"Google Ads",Tablet
8354,2023-11-28,UK,"LinkedIn Ads",Tablet
8355,2023-08-25,UK,"LinkedIn Ads",Tablet
8356,2023-01-09,Australia,Referral,Desktop
8357,2023-10-20,Canada,Referral,Mobile
8358,2023-12-03,Canada,"Facebook Ads",Mobile
8359,2023-01-19,Australia,"Google Ads",Mobile
8360,2024-05-19,Canada,Organic,Tablet
8361,2024-01-17,Germany,"Facebook Ads",Mobile
8362,2024-02-22,UK,Referral,Desktop
8363,2023-08-02,Australia,"LinkedIn Ads",Desktop
8364,2023-11-12,Canada,Referral,Desktop
8365,2024-03-20,Germany,"Google Ads",Mobile
8366,2023-02-06,Canada,"Google Ads",Tablet
8367,2024-06-09,Australia,"LinkedIn Ads",Mobile
8368,2023-02-20,Germany,"Facebook Ads",Tablet
8369,2023-01-12,Australia,"LinkedIn Ads",Tablet
8370,2024-01-13,Germany,Organic,Desktop
8371,2023-01-19,Canada,Referral,Mobile
8372,2023-08-16,India,"Facebook Ads",Mobile
8373,2023-12-25,Canada,Organic,Tablet
8374,2023-06-30,Australia,"Google Ads",Mobile
8375,2024-05-25,USA,"Google Ads",Desktop
8376,2023-10-16,Germany,"Google Ads",Mobile
8377,2023-05-07,Australia,"LinkedIn Ads",Mobile
8378,2023-08-26,UK,"Google Ads",Desktop
8379,2024-06-17,Germany,Referral,Desktop
8380,2023-03-04,UK,"Facebook Ads",Tablet
8381,2023-12-31,Germany,Referral,Tablet
8382,2023-02-23,Germany,Organic,Tablet
8383,2023-05-19,Canada,Organic,Tablet
8384,2024-04-28,India,"Google Ads",Desktop
8385,2024-03-04,Germany,"Google Ads",Tablet
8386,2024-03-22,Australia,"Google Ads",Mobile
8387,2023-01-09,Canada,"Facebook Ads",Mobile
8388,2024-01-18,UK,"LinkedIn Ads",Mobile
8389,2023-09-30,USA,"LinkedIn Ads",Mobile
8390,2023-08-08,Canada,Referral,Mobile
8391,2023-10-09,USA,"LinkedIn Ads",Desktop
8392,2023-07-15,India,"Google Ads",Tablet
8393,2023-11-13,Germany,"Facebook Ads",Mobile
8394,2023-04-14,India,Referral,Desktop
8395,2024-04-15,Canada,"Google Ads",Desktop
8396,2024-06-18,USA,"Facebook Ads",Tablet
8397,2023-05-16,Canada,"Google Ads",Tablet
8398,2023-07-03,Australia,"Google Ads",Tablet
8399,2024-04-05,Canada,Organic,Mobile
8400,2024-04-15,USA,"Facebook Ads",Tablet
8401,2023-09-19,USA,Referral,Desktop
8402,2023-03-28,Germany,"Google Ads",Mobile
8403,2023-06-12,Germany,Referral,Desktop
8404,2023-09-08,Australia,"LinkedIn Ads",Tablet
8405,2023-04-27,Germany,Referral,Mobile
8406,2023-06-06,India,"Google Ads",Mobile
8407,2023-07-31,USA,"Google Ads",Mobile
8408,2024-03-14,USA,Referral,Mobile
8409,2023-01-25,UK,"Facebook Ads",Tablet
8410,2023-02-11,Australia,"Facebook Ads",Mobile
8411,2024-03-08,UK,Referral,Desktop
8412,2023-02-16,Canada,Organic,Tablet
8413,2023-04-11,Germany,Organic,Mobile
8414,2023-09-09,UK,Referral,Mobile
8415,2024-03-02,USA,Organic,Desktop
8416,2024-02-03,USA,"Facebook Ads",Tablet
8417,2023-08-21,USA,Organic,Desktop
8418,2023-03-19,UK,Referral,Tablet
8419,2023-08-16,Australia,"Facebook Ads",Desktop
8420,2024-04-04,Germany,"Facebook Ads",Desktop
8421,2023-10-19,Germany,Referral,Desktop
8422,2024-03-18,USA,"Facebook Ads",Mobile
8423,2024-03-18,Canada,Referral,Tablet
8424,2023-11-17,India,"Google Ads",Tablet
8425,2023-02-18,Australia,Organic,Mobile
8426,2023-05-28,India,"LinkedIn Ads",Desktop
8427,2023-01-08,Canada,"Facebook Ads",Mobile
8428,2023-10-28,USA,Organic,Desktop
8429,2024-06-07,India,Referral,Desktop
8430,2023-11-05,USA,"Facebook Ads",Desktop
8431,2024-02-18,Canada,Referral,Tablet
8432,2023-03-20,Australia,"Google Ads",Mobile
8433,2024-02-23,Germany,"Facebook Ads",Desktop
8434,2023-07-08,India,Organic,Desktop
8435,2023-05-06,Germany,Referral,Tablet
8436,2024-01-17,Germany,"Google Ads",Tablet
8437,2023-03-11,Germany,"Google Ads",Desktop
8438,2023-01-28,India,"Facebook Ads",Mobile
8439,2024-03-01,Germany,"Facebook Ads",Mobile
8440,2023-10-28,Canada,Referral,Tablet
8441,2023-03-02,Australia,Organic,Desktop
8442,2024-06-28,UK,Referral,Tablet
8443,2023-10-04,Canada,"LinkedIn Ads",Desktop
8444,2023-07-15,UK,Organic,Desktop
8445,2024-03-31,UK,Referral,Desktop
8446,2023-08-13,Canada,Referral,Desktop
8447,2024-05-30,Germany,"LinkedIn Ads",Desktop
8448,2024-03-19,Germany,"Google Ads",Desktop
8449,2024-06-18,Canada,Referral,Tablet
8450,2023-09-18,UK,Organic,Desktop
8451,2023-11-13,USA,Referral,Tablet
8452,2023-03-23,USA,"Google Ads",Mobile
8453,2024-05-18,UK,"Facebook Ads",Tablet
8454,2023-10-09,Canada,"Facebook Ads",Desktop
8455,2023-09-23,UK,Referral,Tablet
8456,2024-06-01,USA,"Facebook Ads",Desktop
8457,2023-10-24,Australia,Organic,Desktop
8458,2023-01-29,Australia,Referral,Desktop
8459,2023-07-19,India,"Facebook Ads",Mobile
8460,2023-05-16,Canada,Organic,Desktop
8461,2024-04-26,India,Referral,Tablet
8462,2023-11-01,UK,Organic,Tablet
8463,2023-10-07,UK,"LinkedIn Ads",Mobile
8464,2023-01-11,UK,"Facebook Ads",Tablet
8465,2024-01-16,Canada,Organic,Tablet
8466,2023-11-10,UK,"Facebook Ads",Desktop
8467,2024-01-08,USA,"LinkedIn Ads",Mobile
8468,2023-03-18,USA,Referral,Mobile
8469,2024-03-13,Canada,Organic,Tablet
8470,2024-01-16,Australia,Referral,Desktop
8471,2023-11-21,Australia,"LinkedIn Ads",Mobile
8472,2023-01-18,UK,"Facebook Ads",Tablet
8473,2024-05-11,Australia,"Facebook Ads",Desktop
8474,2024-04-16,USA,Referral,Tablet
8475,2023-10-02,UK,Referral,Desktop
8476,2023-07-15,India,Referral,Desktop
8477,2024-05-31,India,"LinkedIn Ads",Tablet
8478,2023-07-07,Australia,Referral,Mobile
8479,2023-04-21,Germany,"Google Ads",Desktop
8480,2024-01-04,UK,"Facebook Ads",Tablet
8481,2024-04-13,India,"Google Ads",Mobile
8482,2023-06-23,USA,"Facebook Ads",Desktop
8483,2023-10-14,UK,Referral,Desktop
8484,2024-05-29,USA,Organic,Tablet
8485,2023-07-30,India,Referral,Mobile
8486,2023-01-11,Australia,"Google Ads",Tablet
8487,2024-03-01,Australia,Referral,Mobile
8488,2023-05-19,UK,"LinkedIn Ads",Desktop
8489,2024-05-14,Germany,Referral,Tablet
8490,2024-04-03,USA,Referral,Desktop
8491,2024-05-17,Canada,"Google Ads",Mobile
8492,2023-06-17,UK,"LinkedIn Ads",Tablet
8493,2023-07-13,UK,"Facebook Ads",Mobile
8494,2024-02-28,Canada,"LinkedIn Ads",Mobile
8495,2023-05-15,Australia,Organic,Mobile
8496,2023-08-10,USA,"Facebook Ads",Desktop
8497,2023-12-07,Germany,Organic,Desktop
8498,2023-05-23,UK,Referral,Tablet
8499,2024-02-19,India,Organic,Tablet
8500,2023-04-29,Germany,Organic,Desktop
8501,2023-06-18,India,"Google Ads",Tablet
8502,2023-12-27,India,"Facebook Ads",Desktop
8503,2023-04-27,USA,"Facebook Ads",Mobile
8504,2023-10-26,India,Referral,Desktop
8505,2023-07-25,Germany,Organic,Tablet
8506,2023-03-14,Australia,Referral,Mobile
8507,2023-12-14,UK,"Google Ads",Mobile
8508,2023-10-16,UK,"Google Ads",Desktop
8509,2024-03-17,Australia,Referral,Tablet
8510,2024-02-21,Germany,"Google Ads",Desktop
8511,2024-06-24,India,"Facebook Ads",Tablet
8512,2023-09-17,Germany,"Google Ads",Mobile
8513,2024-01-30,India,"Google Ads",Mobile
8514,2023-06-14,India,"Google Ads",Desktop
8515,2023-02-23,India,Referral,Mobile
8516,2023-03-24,Canada,"Google Ads",Mobile
8517,2024-02-26,USA,"LinkedIn Ads",Desktop
8518,2023-12-28,USA,"Google Ads",Desktop
8519,2023-08-24,Germany,Organic,Desktop
8520,2023-07-10,Canada,Referral,Mobile
8521,2024-03-15,UK,"Facebook Ads",Tablet
8522,2024-06-28,Australia,"Facebook Ads",Mobile
8523,2024-04-01,Germany,"Facebook Ads",Tablet
8524,2023-05-11,USA,Referral,Mobile
8525,2023-09-15,Australia,Referral,Mobile
8526,2023-11-01,USA,Referral,Tablet
8527,2023-01-30,USA,"Facebook Ads",Desktop
8528,2023-06-28,Canada,"Facebook Ads",Desktop
8529,2023-05-01,USA,"LinkedIn Ads",Tablet
8530,2024-04-05,India,Organic,Mobile
8531,2023-08-17,Germany,"Google Ads",Mobile
8532,2023-02-15,Canada,"Google Ads",Mobile
8533,2024-04-05,Germany,Referral,Desktop
8534,2023-02-28,Australia,"Facebook Ads",Desktop
8535,2023-02-22,Canada,"LinkedIn Ads",Desktop
8536,2023-02-16,UK,"Google Ads",Desktop
8537,2023-10-07,USA,"LinkedIn Ads",Tablet
8538,2024-04-13,USA,"LinkedIn Ads",Desktop
8539,2023-03-24,Canada,"LinkedIn Ads",Tablet
8540,2023-08-03,India,Referral,Mobile
8541,2023-04-17,Australia,"Google Ads",Desktop
8542,2023-02-12,USA,"LinkedIn Ads",Mobile
8543,2023-06-06,Germany,"Facebook Ads",Mobile
8544,2023-07-31,Australia,"LinkedIn Ads",Tablet
8545,2023-02-20,UK,Organic,Desktop
8546,2023-01-17,Germany,Organic,Desktop
8547,2024-03-03,India,Referral,Desktop
8548,2023-11-19,Australia,Organic,Tablet
8549,2024-06-28,UK,Referral,Tablet
8550,2024-05-15,USA,Organic,Tablet
8551,2023-01-22,Germany,Organic,Tablet
8552,2023-10-01,Canada,"LinkedIn Ads",Mobile
8553,2023-06-13,India,"Google Ads",Mobile
8554,2023-09-18,Australia,Organic,Tablet
8555,2024-06-02,Germany,Organic,Desktop
8556,2024-06-01,Australia,Referral,Tablet
8557,2023-03-19,Canada,"Google Ads",Desktop
8558,2023-04-03,Australia,Organic,Tablet
8559,2024-02-26,Australia,"Google Ads",Mobile
8560,2023-02-15,Australia,Organic,Tablet
8561,2023-07-22,Canada,Organic,Tablet
8562,2023-02-27,India,Referral,Mobile
8563,2023-01-24,Canada,"Facebook Ads",Desktop
8564,2024-06-20,India,"Google Ads",Desktop
8565,2023-07-28,UK,"Facebook Ads",Desktop
8566,2023-01-28,Canada,"Facebook Ads",Tablet
8567,2023-04-17,UK,"LinkedIn Ads",Desktop
8568,2023-09-30,Australia,"Google Ads",Desktop
8569,2023-01-18,Canada,"Facebook Ads",Tablet
8570,2023-06-13,India,"Google Ads",Desktop
8571,2024-03-23,USA,"LinkedIn Ads",Desktop
8572,2024-02-07,India,"Google Ads",Tablet
8573,2024-06-22,UK,Organic,Mobile
8574,2023-09-23,Germany,"Google Ads",Desktop
8575,2023-03-08,Australia,Organic,Mobile
8576,2024-05-10,India,"Google Ads",Mobile
8577,2023-01-08,Germany,Organic,Desktop
8578,2023-07-31,India,Referral,Desktop
8579,2024-01-15,UK,"Google Ads",Mobile
8580,2023-08-19,India,"Facebook Ads",Desktop
8581,2023-08-29,USA,Referral,Mobile
8582,2024-06-24,Australia,Referral,Desktop
8583,2024-02-12,UK,Organic,Tablet
8584,2023-08-13,Australia,Organic,Tablet
8585,2023-05-11,Germany,"Google Ads",Desktop
8586,2024-04-27,UK,Organic,Tablet
8587,2023-12-26,Canada,"LinkedIn Ads",Tablet
8588,2023-05-23,Germany,"Facebook Ads",Tablet
8589,2023-04-20,Canada,Referral,Tablet
8590,2023-11-08,USA,Organic,Mobile
8591,2023-06-28,USA,"Facebook Ads",Tablet
8592,2023-06-27,Germany,Organic,Desktop
8593,2023-10-03,Germany,"Google Ads",Tablet
8594,2024-03-11,USA,"LinkedIn Ads",Desktop
8595,2024-05-01,Germany,"Google Ads",Desktop
8596,2023-03-20,Australia,Organic,Tablet
8597,2023-07-04,UK,Organic,Desktop
8598,2023-12-31,USA,"Facebook Ads",Desktop
8599,2023-09-18,UK,"Google Ads",Desktop
8600,2023-06-18,UK,"Google Ads",Mobile
8601,2024-05-10,USA,Referral,Tablet
8602,2024-05-29,India,"Google Ads",Desktop
8603,2023-03-03,Germany,"Facebook Ads",Tablet
8604,2024-04-11,Germany,Organic,Mobile
8605,2023-01-28,USA,"Facebook Ads",Tablet
8606,2023-03-16,Canada,"Google Ads",Mobile
8607,2023-08-13,UK,"Facebook Ads",Desktop
8608,2024-05-14,Canada,"LinkedIn Ads",Tablet
8609,2023-08-13,Australia,"LinkedIn Ads",Desktop
8610,2023-07-13,UK,"Facebook Ads",Mobile
8611,2023-03-11,Australia,"LinkedIn Ads",Tablet
8612,2023-12-07,Canada,"Facebook Ads",Desktop
8613,2023-09-28,UK,"Facebook Ads",Desktop
8614,2023-02-14,Germany,"Facebook Ads",Desktop
8615,2023-05-16,Australia,"Google Ads",Mobile
8616,2023-06-11,UK,"LinkedIn Ads",Mobile
8617,2023-06-24,India,Referral,Tablet
8618,2023-01-16,USA,Referral,Mobile
8619,2024-02-04,USA,"Google Ads",Desktop
8620,2023-07-28,Australia,"LinkedIn Ads",Mobile
8621,2023-09-25,UK,Referral,Tablet
8622,2023-01-17,USA,"LinkedIn Ads",Mobile
8623,2023-03-26,UK,Organic,Tablet
8624,2023-11-17,Germany,"Facebook Ads",Desktop
8625,2023-11-05,India,"Google Ads",Desktop
8626,2023-05-25,India,Organic,Desktop
8627,2024-02-17,Germany,"LinkedIn Ads",Tablet
8628,2023-03-10,India,"Facebook Ads",Desktop
8629,2023-06-23,USA,"Facebook Ads",Desktop
8630,2024-04-11,UK,Referral,Desktop
8631,2024-04-02,Germany,Organic,Mobile
8632,2023-09-24,USA,Referral,Mobile
8633,2024-06-18,India,"Facebook Ads",Desktop
8634,2023-03-19,Australia,Organic,Desktop
8635,2023-03-16,Germany,"LinkedIn Ads",Mobile
8636,2023-12-03,Germany,"LinkedIn Ads",Tablet
8637,2023-10-10,India,"LinkedIn Ads",Desktop
8638,2023-07-30,USA,"Google Ads",Mobile
8639,2023-12-06,India,Organic,Desktop
8640,2023-05-21,Germany,"LinkedIn Ads",Desktop
8641,2023-11-10,Germany,"LinkedIn Ads",Tablet
8642,2024-04-09,India,"Google Ads",Tablet
8643,2024-06-09,UK,Organic,Desktop
8644,2024-03-26,USA,"Facebook Ads",Tablet
8645,2024-04-09,Germany,Referral,Tablet
8646,2023-01-11,Canada,Referral,Tablet
8647,2024-01-11,USA,Referral,Desktop
8648,2024-04-19,UK,"LinkedIn Ads",Tablet
8649,2024-05-09,Australia,"Facebook Ads",Tablet
8650,2023-05-21,Canada,"Google Ads",Mobile
8651,2023-02-25,Canada,"LinkedIn Ads",Desktop
8652,2024-03-20,Australia,"LinkedIn Ads",Tablet
8653,2023-05-12,India,Referral,Tablet
8654,2023-09-18,India,Referral,Desktop
8655,2024-04-25,Australia,Organic,Desktop
8656,2023-02-24,India,Referral,Mobile
8657,2023-09-28,Canada,"Google Ads",Mobile
8658,2023-09-28,UK,"Google Ads",Mobile
8659,2024-01-10,Canada,"Facebook Ads",Desktop
8660,2024-03-29,UK,Referral,Mobile
8661,2024-03-24,USA,Organic,Desktop
8662,2024-03-05,India,"Google Ads",Tablet
8663,2023-06-09,Australia,Organic,Desktop
8664,2023-04-24,Australia,Organic,Desktop
8665,2023-06-20,UK,Referral,Desktop
8666,2024-02-16,Canada,"LinkedIn Ads",Mobile
8667,2024-03-26,Canada,"LinkedIn Ads",Tablet
8668,2023-08-14,UK,Referral,Mobile
8669,2024-04-12,Australia,Referral,Mobile
8670,2023-05-22,USA,Referral,Mobile
8671,2023-02-10,USA,Referral,Mobile
8672,2023-10-10,UK,"LinkedIn Ads",Mobile
8673,2023-11-23,Germany,"Google Ads",Mobile
8674,2023-10-19,USA,"LinkedIn Ads",Tablet
8675,2023-03-15,UK,"Google Ads",Mobile
8676,2023-03-19,UK,"LinkedIn Ads",Tablet
8677,2023-07-16,Australia,"Google Ads",Tablet
8678,2023-04-12,USA,Organic,Mobile
8679,2023-05-18,Germany,"Google Ads",Tablet
8680,2023-06-08,UK,Organic,Tablet
8681,2024-06-14,Canada,Organic,Tablet
8682,2023-06-19,Australia,"Google Ads",Tablet
8683,2023-12-20,USA,"LinkedIn Ads",Tablet
8684,2023-11-23,USA,"Google Ads",Mobile
8685,2024-04-21,Australia,"Facebook Ads",Desktop
8686,2023-04-15,UK,"Facebook Ads",Desktop
8687,2023-12-19,Canada,Organic,Desktop
8688,2024-02-01,India,"Google Ads",Tablet
8689,2024-04-19,Canada,"Google Ads",Desktop
8690,2024-06-24,Germany,"LinkedIn Ads",Mobile
8691,2024-02-08,India,"LinkedIn Ads",Mobile
8692,2023-12-23,USA,"Google Ads",Desktop
8693,2023-07-21,USA,Organic,Mobile
8694,2023-09-30,India,"Google Ads",Desktop
8695,2023-11-04,USA,Referral,Desktop
8696,2023-11-07,Canada,Referral,Desktop
8697,2023-06-23,Australia,"Facebook Ads",Tablet
8698,2024-03-13,Australia,"Google Ads",Desktop
8699,2023-11-29,UK,Referral,Mobile
8700,2023-02-24,India,Referral,Desktop
8701,2023-01-25,Germany,"LinkedIn Ads",Mobile
8702,2024-02-14,UK,"Facebook Ads",Mobile
8703,2023-05-19,Germany,"Google Ads",Mobile
8704,2023-05-27,Australia,"Facebook Ads",Desktop
8705,2023-07-14,Australia,"Google Ads",Tablet
8706,2023-11-11,Germany,"Google Ads",Mobile
8707,2024-05-20,Germany,"Facebook Ads",Desktop
8708,2023-08-15,India,"Google Ads",Desktop
8709,2023-08-04,Canada,"Google Ads",Desktop
8710,2023-01-28,India,"Google Ads",Tablet
8711,2023-10-15,UK,Referral,Tablet
8712,2023-07-20,USA,"Google Ads",Desktop
8713,2024-04-27,USA,"LinkedIn Ads",Desktop
8714,2023-10-11,India,Referral,Desktop
8715,2023-04-17,Australia,Referral,Mobile
8716,2023-06-19,Germany,"Facebook Ads",Mobile
8717,2024-05-10,UK,Organic,Tablet
8718,2023-09-30,Germany,Organic,Desktop
8719,2023-06-17,India,"LinkedIn Ads",Desktop
8720,2024-03-25,USA,"Facebook Ads",Tablet
8721,2023-12-18,Germany,"LinkedIn Ads",Desktop
8722,2024-04-16,Canada,"Facebook Ads",Desktop
8723,2023-04-22,Canada,"Google Ads",Tablet
8724,2023-01-10,Australia,"Facebook Ads",Mobile
8725,2024-01-31,India,"LinkedIn Ads",Tablet
8726,2023-11-14,India,Organic,Mobile
8727,2024-05-11,Canada,"Google Ads",Mobile
8728,2024-04-15,Australia,"Google Ads",Desktop
8729,2023-03-07,USA,"Google Ads",Mobile
8730,2023-01-30,Australia,"Google Ads",Desktop
8731,2023-12-30,Australia,Referral,Desktop
8732,2024-03-28,UK,"Facebook Ads",Tablet
8733,2023-09-19,UK,Organic,Desktop
8734,2024-01-22,Australia,"Google Ads",Mobile
8735,2023-11-01,USA,Referral,Tablet
8736,2023-06-17,India,Organic,Desktop
8737,2023-12-09,India,"Facebook Ads",Desktop
8738,2023-12-18,Canada,"Facebook Ads",Tablet
8739,2024-02-14,USA,Referral,Tablet
8740,2023-03-22,Australia,Referral,Mobile
8741,2024-05-04,Canada,"Google Ads",Desktop
8742,2023-05-16,USA,Referral,Desktop
8743,2024-02-01,USA,"Facebook Ads",Tablet
8744,2023-07-01,Australia,"LinkedIn Ads",Desktop
8745,2024-05-20,Germany,"Google Ads",Mobile
8746,2024-02-09,UK,"Google Ads",Tablet
8747,2023-08-19,Canada,"LinkedIn Ads",Desktop
8748,2023-03-31,UK,"LinkedIn Ads",Mobile
8749,2023-04-05,Germany,Organic,Desktop
8750,2024-04-22,Canada,"Google Ads",Tablet
8751,2023-08-12,India,Referral,Tablet
8752,2024-03-01,India,Organic,Tablet
8753,2023-07-09,Germany,Referral,Mobile
8754,2024-01-25,Canada,Referral,Desktop
8755,2024-05-27,India,"Google Ads",Mobile
8756,2023-08-10,USA,Referral,Desktop
8757,2023-05-29,Canada,Referral,Tablet
8758,2023-10-25,Canada,Organic,Desktop
8759,2024-03-13,Australia,Organic,Desktop
8760,2023-01-12,India,"Facebook Ads",Desktop
8761,2023-07-28,Canada,"Facebook Ads",Desktop
8762,2024-04-09,USA,Organic,Tablet
8763,2023-01-16,UK,"Facebook Ads",Mobile
8764,2023-12-10,UK,Organic,Tablet
8765,2023-08-12,India,"Facebook Ads",Mobile
8766,2024-01-15,Canada,"Facebook Ads",Desktop
8767,2024-02-25,India,Referral,Mobile
8768,2023-12-13,USA,Organic,Tablet
8769,2023-01-26,India,Organic,Desktop
8770,2023-11-24,UK,Organic,Mobile
8771,2023-07-21,Australia,"Google Ads",Mobile
8772,2023-11-12,Germany,"LinkedIn Ads",Desktop
8773,2023-06-01,Canada,"Facebook Ads",Mobile
8774,2024-05-28,USA,"Google Ads",Tablet
8775,2023-05-23,Australia,Organic,Mobile
8776,2023-03-30,Germany,"Google Ads",Tablet
8777,2023-04-03,UK,"LinkedIn Ads",Tablet
8778,2023-06-11,Canada,Organic,Desktop
8779,2024-05-27,Australia,Organic,Mobile
8780,2023-03-29,Australia,Referral,Tablet
8781,2023-10-17,Australia,Organic,Mobile
8782,2023-01-28,India,"Google Ads",Desktop
8783,2023-10-11,Australia,"Facebook Ads",Mobile
8784,2023-11-27,USA,"Facebook Ads",Mobile
8785,2024-05-22,USA,Referral,Tablet
8786,2024-05-15,UK,"Facebook Ads",Mobile
8787,2023-09-09,Australia,"Facebook Ads",Desktop
8788,2023-10-17,India,"Google Ads",Desktop
8789,2023-09-17,UK,"Facebook Ads",Desktop
8790,2023-07-20,Canada,Organic,Desktop
8791,2024-06-16,India,"LinkedIn Ads",Tablet
8792,2023-07-05,UK,Organic,Mobile
8793,2024-03-30,Australia,"LinkedIn Ads",Desktop
8794,2024-02-17,Canada,Referral,Tablet
8795,2023-07-26,Germany,Referral,Tablet
8796,2023-04-10,UK,"Facebook Ads",Mobile
8797,2023-11-18,Australia,Organic,Desktop
8798,2023-09-14,Canada,"Facebook Ads",Tablet
8799,2023-08-29,India,Organic,Tablet
8800,2023-05-18,Germany,"LinkedIn Ads",Tablet
8801,2024-03-16,USA,"Facebook Ads",Mobile
8802,2023-06-02,Germany,"Google Ads",Mobile
8803,2023-05-26,Germany,"Google Ads",Desktop
8804,2023-06-21,Germany,"Facebook Ads",Mobile
8805,2023-01-11,India,"Google Ads",Mobile
8806,2023-02-15,USA,Organic,Mobile
8807,2023-10-23,India,Organic,Desktop
8808,2024-01-18,Australia,"LinkedIn Ads",Desktop
8809,2023-05-07,Germany,"Facebook Ads",Desktop
8810,2024-05-16,USA,"LinkedIn Ads",Desktop
8811,2023-09-23,Australia,Referral,Desktop
8812,2023-09-12,UK,"LinkedIn Ads",Desktop
8813,2023-11-29,UK,Organic,Desktop
8814,2023-02-24,USA,"LinkedIn Ads",Mobile
8815,2023-08-08,Australia,"Google Ads",Desktop
8816,2024-06-29,Canada,"Google Ads",Tablet
8817,2023-11-03,Canada,Referral,Tablet
8818,2023-05-22,Australia,"Facebook Ads",Tablet
8819,2023-11-04,Germany,"Google Ads",Tablet
8820,2023-09-30,UK,Referral,Desktop
8821,2024-04-25,Canada,Referral,Tablet
8822,2023-03-26,USA,"Facebook Ads",Tablet
8823,2023-07-22,Canada,Organic,Mobile
8824,2024-02-03,Australia,Organic,Mobile
8825,2023-12-30,Germany,"LinkedIn Ads",Tablet
8826,2024-04-08,India,Referral,Mobile
8827,2023-12-10,India,"LinkedIn Ads",Desktop
8828,2024-02-06,Australia,"Google Ads",Mobile
8829,2023-05-06,UK,Referral,Desktop
8830,2024-06-21,UK,Referral,Tablet
8831,2023-09-14,India,Referral,Mobile
8832,2024-04-23,UK,Referral,Tablet
8833,2024-05-15,Canada,"Google Ads",Desktop
8834,2023-12-03,India,"LinkedIn Ads",Desktop
8835,2024-05-05,Germany,"Google Ads",Mobile
8836,2023-07-18,USA,Referral,Desktop
8837,2024-01-22,India,"Google Ads",Mobile
8838,2024-01-07,India,"Facebook Ads",Mobile
8839,2023-03-07,USA,"LinkedIn Ads",Tablet
8840,2023-04-22,India,"Google Ads",Tablet
8841,2024-06-22,Germany,Referral,Tablet
8842,2023-04-10,Canada,"Google Ads",Mobile
8843,2023-06-06,Canada,"Google Ads",Tablet
8844,2024-01-30,Australia,"Facebook Ads",Mobile
8845,2024-06-29,Canada,Referral,Desktop
8846,2023-09-27,Australia,Organic,Desktop
8847,2024-01-20,Canada,Referral,Desktop
8848,2023-03-24,Germany,Organic,Tablet
8849,2023-02-18,USA,Referral,Desktop
8850,2024-06-12,Germany,"Facebook Ads",Mobile
8851,2023-05-24,USA,Organic,Tablet
8852,2023-01-24,Australia,"Google Ads",Mobile
8853,2024-03-18,Canada,"Facebook Ads",Mobile
8854,2023-07-04,India,Organic,Mobile
8855,2023-11-17,USA,"LinkedIn Ads",Mobile
8856,2024-06-29,India,"Facebook Ads",Tablet
8857,2024-06-15,USA,Organic,Desktop
8858,2023-02-24,Canada,"Google Ads",Tablet
8859,2023-11-07,USA,Referral,Mobile
8860,2023-02-01,UK,"LinkedIn Ads",Desktop
8861,2024-04-03,UK,Referral,Mobile
8862,2024-02-03,Canada,Referral,Desktop
8863,2023-12-05,Germany,Referral,Tablet
8864,2024-05-13,UK,"LinkedIn Ads",Desktop
8865,2023-12-02,USA,Organic,Tablet
8866,2024-04-10,India,Organic,Tablet
8867,2024-06-28,Canada,"Facebook Ads",Desktop
8868,2024-02-13,Germany,Organic,Mobile
8869,2023-06-11,India,"Google Ads",Mobile
8870,2023-02-06,India,Referral,Mobile
8871,2023-07-23,UK,"LinkedIn Ads",Mobile
8872,2023-01-14,UK,Organic,Tablet
8873,2024-02-05,Germany,"LinkedIn Ads",Mobile
8874,2023-06-29,Germany,Organic,Mobile
8875,2024-03-06,India,Referral,Desktop
8876,2023-04-16,Australia,"LinkedIn Ads",Tablet
8877,2023-10-20,India,"LinkedIn Ads",Mobile
8878,2024-02-21,Australia,"Facebook Ads",Tablet
8879,2023-10-18,India,"Google Ads",Tablet
8880,2024-05-16,UK,Referral,Mobile
8881,2023-01-10,Australia,"Google Ads",Tablet
8882,2023-02-25,Germany,"LinkedIn Ads",Tablet
8883,2023-08-06,USA,"Facebook Ads",Tablet
8884,2024-02-17,UK,Referral,Tablet
8885,2023-10-31,Germany,"Google Ads",Desktop
8886,2023-05-09,USA,Referral,Tablet
8887,2023-02-02,India,"Google Ads",Desktop
8888,2023-03-23,UK,Organic,Tablet
8889,2024-04-02,Canada,Organic,Tablet
8890,2023-10-28,Canada,Organic,Mobile
8891,2023-07-03,India,"Google Ads",Tablet
8892,2024-01-21,Canada,Organic,Desktop
8893,2023-08-23,Germany,"Facebook Ads",Desktop
8894,2023-09-15,UK,"Google Ads",Tablet
8895,2024-06-04,India,"Facebook Ads",Tablet
8896,2023-03-06,Canada,Organic,Mobile
8897,2023-06-26,India,"Google Ads",Tablet
8898,2024-04-02,UK,"Facebook Ads",Desktop
8899,2023-07-30,UK,"Facebook Ads",Mobile
8900,2023-02-14,UK,"Google Ads",Desktop
8901,2023-05-21,USA,Referral,Mobile
8902,2023-04-16,Canada,Organic,Mobile
8903,2024-06-27,USA,"LinkedIn Ads",Mobile
8904,2023-02-07,Canada,Organic,Mobile
8905,2023-04-13,India,Referral,Desktop
8906,2023-11-27,Australia,Referral,Desktop
8907,2024-02-01,Canada,"LinkedIn Ads",Tablet
8908,2023-09-02,Australia,Referral,Tablet
8909,2024-06-16,Germany,"LinkedIn Ads",Desktop
8910,2023-03-06,Australia,"LinkedIn Ads",Desktop
8911,2024-03-15,Germany,"Google Ads",Tablet
8912,2024-01-13,Germany,Organic,Desktop
8913,2024-04-10,UK,"LinkedIn Ads",Tablet
8914,2023-05-23,USA,"LinkedIn Ads",Tablet
8915,2023-08-12,Australia,"Facebook Ads",Tablet
8916,2024-06-07,Canada,"Google Ads",Mobile
8917,2023-10-10,India,Organic,Desktop
8918,2023-02-05,Canada,Referral,Tablet
8919,2023-06-22,Canada,Referral,Tablet
8920,2024-05-08,Germany,"LinkedIn Ads",Mobile
8921,2023-08-01,Canada,"Facebook Ads",Desktop
8922,2024-05-29,Canada,Referral,Mobile
8923,2024-03-31,USA,Referral,Tablet
8924,2023-07-13,Canada,Organic,Tablet
8925,2023-07-05,UK,"LinkedIn Ads",Desktop
8926,2023-03-14,Germany,"LinkedIn Ads",Mobile
8927,2023-11-12,Germany,"Google Ads",Tablet
8928,2023-09-11,UK,Referral,Tablet
8929,2024-06-24,UK,"Google Ads",Mobile
8930,2023-01-15,Germany,"LinkedIn Ads",Mobile
8931,2024-05-13,UK,Organic,Mobile
8932,2023-09-02,Australia,"LinkedIn Ads",Tablet
8933,2023-01-20,USA,"LinkedIn Ads",Mobile
8934,2023-08-20,UK,Organic,Mobile
8935,2024-03-27,India,Organic,Mobile
8936,2023-09-17,Canada,"Facebook Ads",Tablet
8937,2023-02-28,India,"Facebook Ads",Tablet
8938,2023-08-04,Australia,"LinkedIn Ads",Desktop
8939,2024-06-24,India,Organic,Desktop
8940,2023-11-01,UK,Referral,Tablet
8941,2023-06-17,Germany,"LinkedIn Ads",Tablet
8942,2024-02-14,UK,Organic,Desktop
8943,2023-12-25,India,Organic,Mobile
8944,2024-03-11,India,Organic,Tablet
8945,2024-02-27,USA,"Facebook Ads",Tablet
8946,2023-06-06,India,Organic,Mobile
8947,2023-06-03,UK,"LinkedIn Ads",Desktop
8948,2023-05-05,India,"LinkedIn Ads",Tablet
8949,2024-06-21,USA,"Google Ads",Mobile
8950,2023-12-10,UK,Organic,Mobile
8951,2023-05-18,UK,Organic,Mobile
8952,2023-09-22,UK,"LinkedIn Ads",Mobile
8953,2023-04-21,Australia,Referral,Desktop
8954,2023-06-20,India,"LinkedIn Ads",Tablet
8955,2024-01-12,UK,"LinkedIn Ads",Desktop
8956,2023-04-07,UK,Referral,Mobile
8957,2023-10-01,Germany,Organic,Desktop
8958,2023-03-08,Germany,"Google Ads",Tablet
8959,2023-05-11,UK,Referral,Tablet
8960,2023-06-05,Australia,"Google Ads",Desktop
8961,2024-05-15,India,Referral,Tablet
8962,2023-08-10,India,Referral,Desktop
8963,2023-01-18,Canada,Organic,Tablet
8964,2023-11-24,Australia,"Facebook Ads",Tablet
8965,2023-03-07,India,Organic,Tablet
8966,2023-06-02,USA,Referral,Tablet
8967,2023-03-25,USA,Organic,Mobile
8968,2024-06-06,India,Referral,Tablet
8969,2023-03-05,India,Referral,Tablet
8970,2023-01-20,India,"Google Ads",Mobile
8971,2023-06-19,Australia,Organic,Tablet
8972,2023-09-01,UK,"Google Ads",Desktop
8973,2024-05-13,Canada,Referral,Mobile
8974,2024-03-22,Canada,Referral,Tablet
8975,2023-11-10,Australia,"Facebook Ads",Tablet
8976,2024-03-23,Germany,Referral,Tablet
8977,2024-06-25,Germany,Referral,Mobile
8978,2023-05-31,Germany,Referral,Tablet
8979,2024-02-06,Canada,Referral,Desktop
8980,2023-07-29,Canada,Organic,Tablet
8981,2023-01-16,India,Referral,Mobile
8982,2023-03-20,Australia,Referral,Mobile
8983,2023-04-02,Germany,Organic,Tablet
8984,2024-01-12,Germany,Referral,Mobile
8985,2023-02-22,Canada,Organic,Desktop
8986,2024-05-16,UK,Organic,Mobile
8987,2023-07-31,USA,Referral,Desktop
8988,2024-04-19,Canada,Referral,Tablet
8989,2024-03-21,Canada,Organic,Mobile
8990,2024-01-21,Canada,"LinkedIn Ads",Desktop
8991,2023-11-15,Canada,"Google Ads",Desktop
8992,2023-07-04,Canada,"LinkedIn Ads",Desktop
8993,2023-05-29,USA,Referral,Mobile
8994,2023-04-01,India,"LinkedIn Ads",Tablet
8995,2023-02-23,India,"Facebook Ads",Tablet
8996,2023-04-25,UK,"Facebook Ads",Desktop
8997,2023-03-04,USA,"Facebook Ads",Tablet
8998,2023-12-01,Germany,"Google Ads",Desktop
8999,2023-12-04,Australia,Referral,Desktop
9000,2024-01-06,UK,"LinkedIn Ads",Desktop
9001,2024-04-18,Germany,"Google Ads",Desktop
9002,2023-07-05,Australia,"Facebook Ads",Tablet
9003,2024-05-19,India,"LinkedIn Ads",Desktop
9004,2023-10-05,USA,"Google Ads",Desktop
9005,2024-04-06,India,Referral,Tablet
9006,2023-09-25,USA,"Google Ads",Mobile
9007,2023-01-20,USA,"Google Ads",Mobile
9008,2023-07-02,Canada,Referral,Mobile
9009,2023-07-29,USA,Organic,Desktop
9010,2023-09-20,Germany,Referral,Mobile
9011,2024-01-09,Australia,"Facebook Ads",Mobile
9012,2024-01-30,Australia,Referral,Tablet
9013,2023-12-19,Australia,"Google Ads",Tablet
9014,2023-06-06,Canada,Referral,Mobile
9015,2023-02-07,Germany,"Google Ads",Mobile
9016,2024-06-12,USA,"LinkedIn Ads",Tablet
9017,2024-03-29,USA,"LinkedIn Ads",Tablet
9018,2024-05-15,USA,"Google Ads",Tablet
9019,2023-08-31,Australia,"Facebook Ads",Desktop
9020,2023-09-03,Canada,"Google Ads",Mobile
9021,2023-11-16,Australia,Organic,Tablet
9022,2024-03-26,Germany,"Google Ads",Desktop
9023,2023-01-08,Australia,Referral,Mobile
9024,2023-07-31,Germany,"Google Ads",Desktop
9025,2023-12-13,Canada,"LinkedIn Ads",Tablet
9026,2023-06-19,India,"Google Ads",Mobile
9027,2023-05-14,Canada,"Facebook Ads",Desktop
9028,2024-03-14,India,"Facebook Ads",Tablet
9029,2023-05-20,UK,"Facebook Ads",Mobile
9030,2023-10-06,UK,"Facebook Ads",Desktop
9031,2023-09-11,USA,Referral,Desktop
9032,2023-02-03,Germany,Referral,Mobile
9033,2023-07-31,Australia,"LinkedIn Ads",Tablet
9034,2023-04-23,Canada,Organic,Desktop
9035,2023-11-26,UK,Organic,Tablet
9036,2023-10-01,India,Referral,Desktop
9037,2023-09-28,UK,"Google Ads",Desktop
9038,2023-12-19,USA,"LinkedIn Ads",Mobile
9039,2023-11-02,USA,"Facebook Ads",Mobile
9040,2024-02-17,Germany,Referral,Desktop
9041,2023-10-29,Germany,"Facebook Ads",Mobile
9042,2023-02-19,UK,Referral,Tablet
9043,2024-02-10,USA,Referral,Desktop
9044,2023-12-06,Australia,Organic,Tablet
9045,2023-01-30,Canada,"Facebook Ads",Desktop
9046,2024-06-08,USA,"LinkedIn Ads",Tablet
9047,2023-02-14,UK,"Facebook Ads",Desktop
9048,2024-03-16,UK,"Facebook Ads",Mobile
9049,2023-03-10,USA,"Facebook Ads",Mobile
9050,2024-03-06,Canada,"Google Ads",Desktop
9051,2023-04-08,Germany,"Facebook Ads",Tablet
9052,2023-12-03,UK,"LinkedIn Ads",Tablet
9053,2023-12-21,UK,"Facebook Ads",Desktop
9054,2023-12-13,UK,"LinkedIn Ads",Desktop
9055,2023-11-23,Germany,Referral,Mobile
9056,2023-01-08,Canada,"Facebook Ads",Mobile
9057,2024-02-08,USA,"Google Ads",Tablet
9058,2023-08-10,USA,Organic,Desktop
9059,2023-08-31,UK,Organic,Desktop
9060,2024-01-31,Canada,"LinkedIn Ads",Desktop
9061,2023-09-29,UK,"LinkedIn Ads",Desktop
9062,2023-11-03,Canada,Referral,Desktop
9063,2023-05-20,Canada,"LinkedIn Ads",Tablet
9064,2023-04-06,UK,"Google Ads",Mobile
9065,2024-04-20,Germany,"LinkedIn Ads",Mobile
9066,2023-03-30,Canada,"Facebook Ads",Tablet
9067,2023-04-09,USA,"LinkedIn Ads",Desktop
9068,2023-03-22,India,Referral,Desktop
9069,2024-06-26,India,Referral,Tablet
9070,2023-05-07,USA,"LinkedIn Ads",Tablet
9071,2024-04-29,Canada,Referral,Mobile
9072,2024-05-11,India,"LinkedIn Ads",Desktop
9073,2023-12-22,India,Referral,Tablet
9074,2023-11-13,India,Organic,Tablet
9075,2023-06-22,USA,"Facebook Ads",Desktop
9076,2023-09-03,Germany,"Google Ads",Tablet
9077,2023-06-30,Canada,Organic,Tablet
9078,2024-05-15,USA,Referral,Mobile
9079,2023-08-21,Germany,"Facebook Ads",Tablet
9080,2023-05-04,Australia,Referral,Mobile
9081,2023-08-07,Canada,"LinkedIn Ads",Mobile
9082,2023-11-05,Germany,Organic,Desktop
9083,2023-10-16,Australia,"Google Ads",Tablet
9084,2023-12-02,Australia,"Facebook Ads",Tablet
9085,2024-02-07,Canada,"LinkedIn Ads",Tablet
9086,2024-03-14,India,"LinkedIn Ads",Mobile
9087,2023-08-30,Germany,"Facebook Ads",Mobile
9088,2023-02-23,Canada,Organic,Desktop
9089,2023-09-03,India,"Facebook Ads",Mobile
9090,2023-12-17,Germany,"Facebook Ads",Mobile
9091,2023-10-17,Canada,Organic,Desktop
9092,2023-06-02,Germany,Organic,Desktop
9093,2024-03-20,Australia,"LinkedIn Ads",Desktop
9094,2024-02-23,USA,"LinkedIn Ads",Desktop
9095,2023-12-17,Germany,Organic,Tablet
9096,2024-03-27,UK,"Facebook Ads",Desktop
9097,2023-11-16,Australia,"Google Ads",Tablet
9098,2024-01-09,Germany,"LinkedIn Ads",Mobile
9099,2024-03-10,Germany,"LinkedIn Ads",Mobile
9100,2024-05-09,India,Organic,Tablet
9101,2023-11-30,India,Organic,Mobile
9102,2023-07-04,India,Referral,Desktop
9103,2023-08-01,India,"LinkedIn Ads",Mobile
9104,2023-03-24,Germany,Referral,Mobile
9105,2023-01-24,India,Organic,Tablet
9106,2024-06-21,Australia,Referral,Desktop
9107,2023-07-19,USA,"Facebook Ads",Tablet
9108,2023-06-26,Canada,"Facebook Ads",Tablet
9109,2023-02-25,India,Referral,Tablet
9110,2024-06-12,Germany,"LinkedIn Ads",Desktop
9111,2023-10-05,USA,Referral,Tablet
9112,2024-02-26,Germany,Organic,Tablet
9113,2023-09-23,UK,"Google Ads",Mobile
9114,2024-04-29,India,"Google Ads",Mobile
9115,2023-04-29,Germany,"Facebook Ads",Desktop
9116,2023-09-16,Canada,"Google Ads",Mobile
9117,2024-02-16,USA,Organic,Tablet
9118,2023-02-07,UK,"Facebook Ads",Tablet
9119,2023-02-13,USA,"Google Ads",Tablet
9120,2023-01-17,USA,"LinkedIn Ads",Mobile
9121,2023-01-24,Germany,Organic,Mobile
9122,2023-05-30,Australia,Organic,Mobile
9123,2023-10-31,USA,Organic,Desktop
9124,2023-03-11,Canada,"Facebook Ads",Tablet
9125,2023-07-12,Germany,Organic,Tablet
9126,2023-03-27,Germany,Referral,Desktop
9127,2023-12-18,India,Organic,Mobile
9128,2023-10-05,India,"Google Ads",Desktop
9129,2023-12-28,India,Organic,Mobile
9130,2023-12-03,USA,"LinkedIn Ads",Desktop
9131,2023-08-25,Australia,"LinkedIn Ads",Desktop
9132,2023-09-30,Australia,Organic,Mobile
9133,2023-12-21,UK,"Facebook Ads",Desktop
9134,2023-04-27,UK,"LinkedIn Ads",Tablet
9135,2023-05-13,Canada,Organic,Mobile
9136,2023-05-09,Canada,Referral,Tablet
9137,2023-10-23,Germany,Referral,Mobile
9138,2023-05-14,USA,"Google Ads",Mobile
9139,2024-03-19,India,"LinkedIn Ads",Tablet
9140,2024-06-12,Canada,"LinkedIn Ads",Tablet
9141,2023-11-05,USA,"Google Ads",Desktop
9142,2024-01-29,USA,Referral,Tablet
9143,2023-06-23,UK,"Google Ads",Mobile
9144,2024-03-30,India,"Facebook Ads",Desktop
9145,2023-01-20,Australia,"Facebook Ads",Tablet
9146,2024-04-14,Australia,"Google Ads",Mobile
9147,2024-03-07,UK,Organic,Mobile
9148,2024-01-01,Australia,"Google Ads",Desktop
9149,2024-03-14,Canada,Referral,Tablet
9150,2023-05-11,UK,Organic,Mobile
9151,2023-11-18,Canada,Referral,Mobile
9152,2023-04-19,Australia,"Google Ads",Desktop
9153,2023-09-03,UK,"Facebook Ads",Mobile
9154,2024-02-19,Australia,"Facebook Ads",Tablet
9155,2024-03-19,India,"Facebook Ads",Tablet
9156,2023-07-09,Canada,Organic,Desktop
9157,2023-02-09,Canada,"LinkedIn Ads",Desktop
9158,2024-02-07,UK,"Facebook Ads",Mobile
9159,2023-12-06,India,Referral,Desktop
9160,2023-07-04,Canada,Organic,Tablet
9161,2023-03-10,Canada,"LinkedIn Ads",Tablet
9162,2023-03-27,UK,"LinkedIn Ads",Tablet
9163,2023-09-03,India,Organic,Mobile
9164,2023-02-12,Germany,Organic,Desktop
9165,2024-03-16,UK,"Google Ads",Desktop
9166,2023-08-30,India,"Google Ads",Tablet
9167,2024-06-03,Canada,"Google Ads",Mobile
9168,2024-05-28,UK,Organic,Desktop
9169,2023-05-18,Canada,"LinkedIn Ads",Tablet
9170,2023-11-30,Canada,"Google Ads",Mobile
9171,2023-04-09,UK,"LinkedIn Ads",Tablet
9172,2024-05-13,Canada,"LinkedIn Ads",Tablet
9173,2023-05-22,UK,"Google Ads",Desktop
9174,2024-01-20,Germany,"Google Ads",Tablet
9175,2023-10-10,Canada,"LinkedIn Ads",Desktop
9176,2023-04-08,UK,"Google Ads",Mobile
9177,2023-06-02,UK,"Google Ads",Tablet
9178,2023-09-15,USA,"Google Ads",Desktop
9179,2023-09-02,India,"LinkedIn Ads",Desktop
9180,2023-04-19,Canada,"Facebook Ads",Mobile
9181,2023-07-22,UK,"LinkedIn Ads",Mobile
9182,2024-02-19,Australia,"Google Ads",Mobile
9183,2023-06-19,India,Referral,Mobile
9184,2023-03-20,UK,"Google Ads",Tablet
9185,2023-04-24,India,"LinkedIn Ads",Mobile
9186,2024-04-30,Canada,Organic,Desktop
9187,2024-02-29,Canada,Organic,Mobile
9188,2023-09-14,Germany,Referral,Desktop
9189,2023-09-07,USA,"Google Ads",Desktop
9190,2023-12-31,Canada,"Facebook Ads",Mobile
9191,2023-10-21,USA,Organic,Mobile
9192,2023-11-20,Australia,"Facebook Ads",Desktop
9193,2023-03-17,UK,"Google Ads",Tablet
9194,2023-11-24,Canada,Organic,Desktop
9195,2024-06-25,Germany,"Google Ads",Desktop
9196,2023-09-30,UK,Referral,Desktop
9197,2023-06-22,UK,"LinkedIn Ads",Tablet
9198,2024-05-05,Germany,"Google Ads",Tablet
9199,2023-10-01,Germany,Organic,Desktop
9200,2024-06-25,Canada,Referral,Mobile
9201,2024-02-24,Australia,"Facebook Ads",Tablet
9202,2024-03-11,India,Organic,Mobile
9203,2024-04-01,Canada,Organic,Mobile
9204,2023-06-17,Australia,"Google Ads",Mobile
9205,2023-11-16,UK,"Facebook Ads",Mobile
9206,2023-04-24,Australia,"Facebook Ads",Desktop
9207,2023-07-02,Canada,"Facebook Ads",Mobile
9208,2023-03-17,Canada,Referral,Desktop
9209,2024-04-25,Canada,"Google Ads",Tablet
9210,2024-03-19,Germany,"Facebook Ads",Tablet
9211,2023-04-02,India,"LinkedIn Ads",Mobile
9212,2024-01-29,USA,Organic,Mobile
9213,2023-07-23,Australia,"Facebook Ads",Tablet
9214,2024-02-01,Germany,"LinkedIn Ads",Mobile
9215,2023-02-16,UK,"LinkedIn Ads",Desktop
9216,2023-09-27,Australia,Organic,Mobile
9217,2024-06-13,Canada,Referral,Tablet
9218,2024-01-18,India,Referral,Desktop
9219,2023-01-20,Canada,Organic,Mobile
9220,2024-04-13,Australia,"Google Ads",Mobile
9221,2024-02-02,UK,"LinkedIn Ads",Desktop
9222,2024-05-04,Australia,"Facebook Ads",Mobile
9223,2024-01-09,UK,Organic,Desktop
9224,2024-05-19,USA,Organic,Tablet
9225,2023-07-01,USA,"Google Ads",Mobile
9226,2023-08-10,Germany,Organic,Mobile
9227,2023-06-17,Australia,"Google Ads",Mobile
9228,2024-06-12,Canada,Organic,Desktop
9229,2023-05-22,India,"Facebook Ads",Mobile
9230,2023-07-18,UK,Organic,Mobile
9231,2023-07-16,USA,"Google Ads",Tablet
9232,2024-02-15,Australia,"LinkedIn Ads",Desktop
9233,2023-08-16,Australia,Referral,Mobile
9234,2023-03-05,India,Referral,Desktop
9235,2023-11-28,Canada,"LinkedIn Ads",Mobile
9236,2024-02-04,India,"Facebook Ads",Desktop
9237,2023-03-20,Australia,Referral,Mobile
9238,2023-11-06,India,"Google Ads",Mobile
9239,2023-03-10,Australia,"Google Ads",Tablet
9240,2024-04-27,Australia,"LinkedIn Ads",Mobile
9241,2024-05-13,UK,"LinkedIn Ads",Desktop
9242,2023-04-22,Germany,"LinkedIn Ads",Desktop
9243,2024-05-04,USA,"LinkedIn Ads",Desktop
9244,2024-03-31,India,"Google Ads",Tablet
9245,2023-06-29,UK,"Google Ads",Mobile
9246,2024-04-03,UK,"LinkedIn Ads",Mobile
9247,2023-03-10,USA,Referral,Mobile
9248,2024-02-18,Germany,Organic,Desktop
9249,2024-02-12,Canada,Organic,Desktop
9250,2023-12-11,USA,Organic,Mobile
9251,2024-05-31,India,"LinkedIn Ads",Tablet
9252,2023-02-15,USA,Organic,Mobile
9253,2023-03-14,Australia,"LinkedIn Ads",Desktop
9254,2023-10-03,India,Referral,Mobile
9255,2023-08-27,Germany,"LinkedIn Ads",Tablet
9256,2023-07-09,India,"Facebook Ads",Desktop
9257,2023-02-05,UK,Organic,Desktop
9258,2023-12-26,USA,"Google Ads",Tablet
9259,2023-02-22,Germany,Organic,Desktop
9260,2023-06-20,Australia,"Facebook Ads",Tablet
9261,2023-05-05,UK,Referral,Mobile
9262,2023-05-31,India,"LinkedIn Ads",Desktop
9263,2024-04-17,Australia,"LinkedIn Ads",Tablet
9264,2023-08-16,Canada,"LinkedIn Ads",Desktop
9265,2023-07-10,Canada,Organic,Tablet
9266,2023-03-22,Germany,"Google Ads",Mobile
9267,2024-03-30,UK,"Google Ads",Desktop
9268,2023-01-16,Germany,"Google Ads",Mobile
9269,2024-03-20,India,Referral,Desktop
9270,2023-10-07,UK,"LinkedIn Ads",Tablet
9271,2023-08-26,India,"LinkedIn Ads",Tablet
9272,2024-06-30,Australia,"Facebook Ads",Desktop
9273,2024-05-16,Germany,Referral,Desktop
9274,2024-03-11,India,"LinkedIn Ads",Desktop
9275,2024-03-24,India,"LinkedIn Ads",Desktop
9276,2024-03-19,Canada,"LinkedIn Ads",Desktop
9277,2023-03-04,Germany,"LinkedIn Ads",Tablet
9278,2023-08-11,Canada,"LinkedIn Ads",Mobile
9279,2023-12-19,Germany,"LinkedIn Ads",Desktop
9280,2024-05-02,Germany,"Google Ads",Mobile
9281,2024-04-09,Canada,Organic,Tablet
9282,2024-04-06,India,Referral,Tablet
9283,2024-03-17,Canada,"Facebook Ads",Tablet
9284,2023-03-28,Germany,"Google Ads",Mobile
9285,2023-08-08,Australia,Referral,Desktop
9286,2023-02-22,UK,Organic,Desktop
9287,2023-10-09,India,Referral,Desktop
9288,2023-04-27,Australia,"Facebook Ads",Mobile
9289,2023-09-20,India,Organic,Mobile
9290,2023-11-25,Canada,"Google Ads",Desktop
9291,2024-03-24,Germany,Organic,Tablet
9292,2023-03-04,UK,"Facebook Ads",Mobile
9293,2023-03-30,Australia,"Google Ads",Mobile
9294,2023-08-26,Australia,"Facebook Ads",Mobile
9295,2023-05-24,Canada,"Facebook Ads",Tablet
9296,2023-04-01,Canada,Organic,Desktop
9297,2023-08-21,Canada,"Google Ads",Mobile
9298,2023-10-04,Canada,Referral,Tablet
9299,2023-05-11,Canada,Referral,Tablet
9300,2023-06-29,Germany,"LinkedIn Ads",Tablet
9301,2023-03-02,Australia,"Google Ads",Desktop
9302,2023-01-22,Germany,"LinkedIn Ads",Mobile
9303,2023-06-05,India,"Facebook Ads",Mobile
9304,2023-08-06,India,Referral,Mobile
9305,2024-04-08,India,"Google Ads",Desktop
9306,2024-04-03,India,Organic,Desktop
9307,2023-10-06,Germany,Referral,Tablet
9308,2023-02-22,India,"Facebook Ads",Tablet
9309,2023-12-11,UK,"Google Ads",Mobile
9310,2023-01-29,Germany,"Facebook Ads",Mobile
9311,2023-05-22,UK,"Google Ads",Tablet
9312,2024-05-28,Canada,"Google Ads",Mobile
9313,2023-02-20,UK,"Facebook Ads",Tablet
9314,2023-04-16,India,"Google Ads",Tablet
9315,2024-03-11,Canada,Organic,Tablet
9316,2023-06-03,Australia,"LinkedIn Ads",Desktop
9317,2023-11-19,UK,Referral,Desktop
9318,2024-02-19,Germany,"Google Ads",Tablet
9319,2023-06-11,UK,Organic,Tablet
9320,2024-04-29,UK,Referral,Desktop
9321,2023-04-04,UK,"Google Ads",Mobile
9322,2023-11-01,Canada,"Facebook Ads",Mobile
9323,2024-03-07,UK,"Google Ads",Desktop
9324,2024-02-07,Canada,Organic,Desktop
9325,2024-03-18,Australia,"Google Ads",Mobile
9326,2024-03-28,USA,"LinkedIn Ads",Desktop
9327,2024-01-31,Australia,Referral,Tablet
9328,2024-01-07,Australia,"LinkedIn Ads",Tablet
9329,2023-02-21,UK,Organic,Desktop
9330,2023-07-19,USA,Organic,Mobile
9331,2024-06-10,USA,"Google Ads",Desktop
9332,2023-10-15,Canada,"Google Ads",Desktop
9333,2024-05-18,UK,Referral,Desktop
9334,2024-06-22,Canada,Referral,Mobile
9335,2023-01-31,USA,"Google Ads",Tablet
9336,2024-06-29,Australia,"Google Ads",Desktop
9337,2023-10-28,UK,"Facebook Ads",Mobile
9338,2024-05-25,Canada,"Facebook Ads",Desktop
9339,2023-01-30,UK,"Google Ads",Mobile
9340,2023-09-02,Australia,"Google Ads",Mobile
9341,2023-05-16,Canada,Organic,Tablet
9342,2023-03-21,USA,"LinkedIn Ads",Tablet
9343,2024-06-09,India,Organic,Tablet
9344,2023-10-22,India,Organic,Mobile
9345,2024-03-07,Canada,Referral,Tablet
9346,2023-08-22,USA,"LinkedIn Ads",Mobile
9347,2023-08-01,USA,Referral,Desktop
9348,2024-02-26,Australia,"Facebook Ads",Mobile
9349,2023-01-14,Canada,"Facebook Ads",Mobile
9350,2024-02-16,India,"Facebook Ads",Tablet
9351,2024-01-23,UK,Organic,Mobile
9352,2023-01-18,USA,Organic,Tablet
9353,2023-03-20,Australia,Referral,Desktop
9354,2024-05-10,USA,"LinkedIn Ads",Mobile
9355,2023-10-03,UK,"LinkedIn Ads",Desktop
9356,2023-12-11,Canada,Referral,Desktop
9357,2024-05-08,UK,"Facebook Ads",Desktop
9358,2024-01-05,Germany,"Google Ads",Desktop
9359,2023-09-20,Canada,Organic,Mobile
9360,2024-01-07,USA,Referral,Mobile
9361,2023-10-11,India,"LinkedIn Ads",Desktop
9362,2023-12-07,USA,"Google Ads",Desktop
9363,2024-05-05,Australia,"Google Ads",Tablet
9364,2023-06-20,Canada,Organic,Tablet
9365,2023-12-08,Germany,Referral,Mobile
9366,2024-02-01,UK,Organic,Mobile
9367,2023-08-09,UK,"Google Ads",Mobile
9368,2023-11-27,Australia,Referral,Desktop
9369,2023-07-15,USA,"Facebook Ads",Desktop
9370,2023-01-30,India,"Facebook Ads",Tablet
9371,2024-01-16,India,Referral,Desktop
9372,2023-06-09,Australia,Referral,Desktop
9373,2024-03-25,Australia,"Facebook Ads",Mobile
9374,2023-06-30,Canada,"Google Ads",Desktop
9375,2023-04-25,India,Referral,Desktop
9376,2023-11-29,USA,"Google Ads",Tablet
9377,2023-11-08,India,Organic,Tablet
9378,2023-12-04,Canada,"Google Ads",Tablet
9379,2023-07-08,Australia,"Google Ads",Mobile
9380,2024-04-16,Germany,"Google Ads",Mobile
9381,2023-10-26,India,Organic,Tablet
9382,2023-11-26,UK,Referral,Mobile
9383,2023-03-13,Germany,"Google Ads",Tablet
9384,2024-01-30,Canada,Referral,Tablet
9385,2023-10-13,Germany,Organic,Tablet
9386,2024-05-24,Germany,"LinkedIn Ads",Desktop
9387,2023-03-28,Canada,"LinkedIn Ads",Desktop
9388,2023-09-15,Australia,Organic,Tablet
9389,2024-04-06,India,"LinkedIn Ads",Mobile
9390,2023-11-20,UK,Referral,Mobile
9391,2023-10-19,Canada,"Google Ads",Desktop
9392,2023-11-22,India,"LinkedIn Ads",Mobile
9393,2024-04-03,India,"LinkedIn Ads",Tablet
9394,2023-10-31,USA,Organic,Mobile
9395,2024-05-17,Germany,Organic,Mobile
9396,2023-10-11,USA,"Facebook Ads",Tablet
9397,2023-07-10,Australia,"LinkedIn Ads",Desktop
9398,2024-03-29,USA,"LinkedIn Ads",Desktop
9399,2024-04-01,Australia,"LinkedIn Ads",Desktop
9400,2024-04-07,USA,"LinkedIn Ads",Mobile
9401,2023-09-05,Canada,"Google Ads",Mobile
9402,2023-03-12,Germany,Organic,Tablet
9403,2023-05-22,India,"Facebook Ads",Desktop
9404,2023-01-16,India,"LinkedIn Ads",Tablet
9405,2023-02-03,India,"LinkedIn Ads",Tablet
9406,2023-11-16,Germany,"Google Ads",Mobile
9407,2023-02-24,USA,"Google Ads",Tablet
9408,2024-05-26,Australia,"Facebook Ads",Desktop
9409,2024-06-26,Germany,"Facebook Ads",Mobile
9410,2023-09-11,Germany,Referral,Mobile
9411,2023-10-31,USA,Referral,Mobile
9412,2023-07-07,Canada,"LinkedIn Ads",Mobile
9413,2023-02-23,India,"Google Ads",Desktop
9414,2024-05-25,India,"Facebook Ads",Tablet
9415,2024-02-15,USA,Referral,Desktop
9416,2024-01-30,Germany,"Facebook Ads",Mobile
9417,2023-12-18,Australia,Referral,Tablet
9418,2023-04-17,Canada,"Facebook Ads",Tablet
9419,2023-10-12,Canada,Organic,Desktop
9420,2023-09-17,Canada,Organic,Tablet
9421,2023-10-09,Canada,Organic,Mobile
9422,2024-03-23,USA,"Facebook Ads",Mobile
9423,2023-10-16,India,Referral,Mobile
9424,2023-10-01,UK,Organic,Tablet
9425,2023-04-14,Australia,"LinkedIn Ads",Mobile
9426,2024-02-29,Australia,"Facebook Ads",Mobile
9427,2023-04-12,India,Organic,Mobile
9428,2023-08-04,UK,Organic,Tablet
9429,2023-07-30,Canada,"Google Ads",Tablet
9430,2023-05-21,India,"Google Ads",Mobile
9431,2023-01-19,Canada,Organic,Desktop
9432,2024-05-19,Canada,"LinkedIn Ads",Tablet
9433,2023-12-08,UK,Organic,Desktop
9434,2023-12-17,USA,"Facebook Ads",Tablet
9435,2023-05-04,India,Referral,Desktop
9436,2024-03-30,India,"LinkedIn Ads",Mobile
9437,2023-09-25,Australia,Organic,Tablet
9438,2024-02-18,Canada,"Facebook Ads",Desktop
9439,2024-05-11,Canada,"Facebook Ads",Mobile
9440,2023-12-03,Germany,Organic,Mobile
9441,2023-01-15,India,"Facebook Ads",Desktop
9442,2024-05-27,India,"Google Ads",Tablet
9443,2024-04-04,India,"Facebook Ads",Tablet
9444,2023-02-18,USA,"Google Ads",Mobile
9445,2023-10-06,Canada,Organic,Desktop
9446,2024-04-19,India,Organic,Tablet
9447,2023-06-25,India,"Google Ads",Mobile
9448,2024-05-22,Australia,Referral,Tablet
9449,2023-12-18,Germany,Organic,Desktop
9450,2024-03-07,India,Referral,Mobile
9451,2024-06-17,Canada,"Facebook Ads",Tablet
9452,2023-03-20,Australia,Referral,Tablet
9453,2023-11-15,Australia,Organic,Tablet
9454,2023-12-25,Canada,Referral,Mobile
9455,2023-05-01,Germany,"Facebook Ads",Mobile
9456,2023-01-22,USA,Referral,Mobile
9457,2023-02-11,Canada,Referral,Mobile
9458,2024-06-08,India,Organic,Tablet
9459,2023-02-07,India,"LinkedIn Ads",Desktop
9460,2023-06-14,India,"Facebook Ads",Tablet
9461,2023-08-10,Australia,Referral,Tablet
9462,2023-12-10,Germany,"Facebook Ads",Mobile
9463,2023-09-15,India,"LinkedIn Ads",Desktop
9464,2024-02-14,UK,"Google Ads",Desktop
9465,2023-11-18,Germany,Organic,Mobile
9466,2023-11-15,UK,"Facebook Ads",Mobile
9467,2024-01-18,USA,"LinkedIn Ads",Mobile
9468,2024-03-09,Germany,"Facebook Ads",Tablet
9469,2024-02-13,India,Referral,Tablet
9470,2023-09-13,Australia,"Facebook Ads",Desktop
9471,2023-01-21,Germany,"LinkedIn Ads",Tablet
9472,2023-05-10,UK,Referral,Desktop
9473,2023-02-03,UK,"Facebook Ads",Tablet
9474,2023-04-27,India,"LinkedIn Ads",Mobile
9475,2024-01-25,India,"LinkedIn Ads",Desktop
9476,2023-07-04,USA,"LinkedIn Ads",Tablet
9477,2023-06-17,Germany,"Google Ads",Mobile
9478,2023-06-27,Germany,"Facebook Ads",Mobile
9479,2023-10-02,Australia,"Google Ads",Tablet
9480,2024-06-06,Canada,"Facebook Ads",Mobile
9481,2023-11-20,India,"LinkedIn Ads",Mobile
9482,2023-10-26,Germany,"Facebook Ads",Mobile
9483,2023-02-07,Australia,"Facebook Ads",Mobile
9484,2023-01-11,Canada,Organic,Mobile
9485,2024-06-06,Canada,"LinkedIn Ads",Desktop
9486,2023-05-02,Australia,"Google Ads",Tablet
9487,2023-09-30,India,Organic,Mobile
9488,2023-02-27,USA,"Facebook Ads",Tablet
9489,2024-03-20,Australia,Organic,Mobile
9490,2023-05-13,India,"Google Ads",Tablet
9491,2023-02-19,USA,Referral,Desktop
9492,2024-05-06,Canada,Organic,Desktop
9493,2023-04-10,UK,"LinkedIn Ads",Tablet
9494,2024-02-09,Germany,"Facebook Ads",Mobile
9495,2024-06-01,Australia,Referral,Mobile
9496,2023-04-08,India,Referral,Desktop
9497,2024-03-18,Canada,"Google Ads",Desktop
9498,2023-05-10,Germany,"Facebook Ads",Tablet
9499,2024-01-05,Canada,"Google Ads",Tablet
9500,2023-02-08,Canada,"LinkedIn Ads",Desktop
9501,2023-07-01,Canada,"LinkedIn Ads",Mobile
9502,2023-02-26,India,"LinkedIn Ads",Desktop
9503,2023-06-25,Australia,"Facebook Ads",Mobile
9504,2024-06-12,India,Organic,Mobile
9505,2023-02-03,Germany,"Google Ads",Mobile
9506,2023-01-14,USA,"Facebook Ads",Tablet
9507,2023-03-15,USA,"Google Ads",Mobile
9508,2024-02-25,Canada,"Google Ads",Desktop
9509,2023-04-26,India,"Google Ads",Tablet
9510,2023-05-07,India,"LinkedIn Ads",Mobile
9511,2024-02-29,India,"LinkedIn Ads",Desktop
9512,2023-09-07,India,"Facebook Ads",Desktop
9513,2023-10-08,Canada,"LinkedIn Ads",Tablet
9514,2024-01-18,USA,"Facebook Ads",Desktop
9515,2023-03-29,Germany,"Google Ads",Mobile
9516,2023-09-28,UK,"LinkedIn Ads",Tablet
9517,2023-05-10,Canada,Referral,Desktop
9518,2023-03-24,Germany,Referral,Desktop
9519,2024-03-28,Canada,Organic,Mobile
9520,2023-06-11,Germany,Organic,Tablet
9521,2024-06-01,India,Organic,Tablet
9522,2023-06-22,Australia,Referral,Desktop
9523,2024-04-26,Canada,Referral,Mobile
9524,2023-06-16,USA,"Google Ads",Desktop
9525,2024-01-18,India,"Google Ads",Mobile
9526,2023-04-04,India,Referral,Desktop
9527,2024-03-11,USA,"Google Ads",Tablet
9528,2023-05-02,India,"LinkedIn Ads",Desktop
9529,2024-02-10,Australia,Organic,Desktop
9530,2024-06-25,Australia,Referral,Desktop
9531,2024-04-23,USA,Referral,Desktop
9532,2024-01-30,Australia,Organic,Desktop
9533,2024-04-12,Australia,Organic,Desktop
9534,2024-04-11,India,"LinkedIn Ads",Desktop
9535,2024-05-23,Australia,Organic,Tablet
9536,2023-11-08,Australia,"Facebook Ads",Desktop
9537,2023-12-08,Australia,"Google Ads",Desktop
9538,2024-06-16,Australia,"Facebook Ads",Mobile
9539,2024-02-01,USA,Referral,Desktop
9540,2024-02-01,India,"Facebook Ads",Desktop
9541,2024-02-11,Canada,"LinkedIn Ads",Mobile
9542,2023-10-25,Australia,"Google Ads",Tablet
9543,2024-01-26,India,Organic,Tablet
9544,2023-12-19,Australia,"LinkedIn Ads",Mobile
9545,2023-11-16,Australia,Organic,Tablet
9546,2023-02-28,Canada,Referral,Tablet
9547,2023-06-19,India,"Google Ads",Desktop
9548,2024-06-12,Australia,"Google Ads",Desktop
9549,2023-09-16,USA,"LinkedIn Ads",Tablet
9550,2023-10-26,Australia,"Google Ads",Desktop
9551,2023-04-21,USA,"Facebook Ads",Desktop
9552,2023-04-14,Germany,"Google Ads",Tablet
9553,2024-05-22,India,"LinkedIn Ads",Desktop
9554,2024-03-07,Australia,Organic,Desktop
9555,2023-04-17,Canada,"Facebook Ads",Desktop
9556,2024-04-27,India,"LinkedIn Ads",Tablet
9557,2023-10-27,USA,Referral,Tablet
9558,2024-02-09,Germany,Referral,Desktop
9559,2023-01-29,UK,"Facebook Ads",Tablet
9560,2023-03-27,USA,Organic,Desktop
9561,2023-01-21,Germany,"Google Ads",Tablet
9562,2023-02-14,Germany,Organic,Desktop
9563,2023-11-23,Canada,"Google Ads",Desktop
9564,2023-06-30,Germany,Referral,Desktop
9565,2023-02-07,Australia,"Facebook Ads",Mobile
9566,2023-12-22,Canada,"Facebook Ads",Mobile
9567,2023-11-27,UK,"Facebook Ads",Desktop
9568,2024-03-09,Canada,Organic,Tablet
9569,2023-03-30,Australia,"LinkedIn Ads",Tablet
9570,2023-04-16,USA,Referral,Tablet
9571,2023-05-02,Germany,"Google Ads",Tablet
9572,2024-03-06,UK,"Facebook Ads",Tablet
9573,2023-01-26,Canada,"Facebook Ads",Desktop
9574,2024-04-06,USA,Referral,Mobile
9575,2024-03-01,Australia,Referral,Tablet
9576,2023-06-08,Australia,"Facebook Ads",Tablet
9577,2024-06-14,Australia,Referral,Desktop
9578,2023-05-29,USA,"LinkedIn Ads",Tablet
9579,2023-08-02,Australia,Organic,Mobile
9580,2023-04-10,Canada,Referral,Tablet
9581,2024-02-15,UK,Referral,Desktop
9582,2023-11-05,India,"LinkedIn Ads",Tablet
9583,2023-11-11,UK,Organic,Desktop
9584,2024-02-08,India,Referral,Desktop
9585,2023-03-25,USA,"Facebook Ads",Tablet
9586,2023-11-10,UK,Organic,Mobile
9587,2023-09-17,Canada,Organic,Tablet
9588,2023-12-25,India,"Facebook Ads",Tablet
9589,2024-03-28,USA,"Facebook Ads",Mobile
9590,2023-09-15,India,"Facebook Ads",Desktop
9591,2024-05-19,UK,"LinkedIn Ads",Mobile
9592,2024-03-06,Canada,Referral,Desktop
9593,2023-11-03,Canada,"Facebook Ads",Mobile
9594,2023-05-04,Australia,"Facebook Ads",Tablet
9595,2023-04-07,USA,"Facebook Ads",Mobile
9596,2023-01-27,UK,Organic,Tablet
9597,2023-09-05,India,"Google Ads",Tablet
9598,2023-09-16,Canada,Organic,Tablet
9599,2024-03-30,Germany,Referral,Tablet
9600,2024-02-04,Germany,Referral,Mobile
9601,2023-03-05,India,Referral,Mobile
9602,2023-10-17,Germany,"Facebook Ads",Mobile
9603,2024-01-24,UK,Organic,Desktop
9604,2023-11-07,Canada,"Google Ads",Tablet
9605,2023-01-22,India,"Google Ads",Desktop
9606,2023-06-09,UK,Organic,Mobile
9607,2023-10-06,Australia,Organic,Mobile
9608,2023-01-24,USA,Referral,Desktop
9609,2024-04-03,Australia,"LinkedIn Ads",Mobile
9610,2024-03-13,USA,Referral,Desktop
9611,2024-04-02,USA,Referral,Mobile
9612,2023-01-25,UK,Organic,Desktop
9613,2023-12-15,USA,"LinkedIn Ads",Desktop
9614,2023-02-17,Germany,"Google Ads",Tablet
9615,2024-04-11,UK,"LinkedIn Ads",Tablet
9616,2024-03-26,Germany,Referral,Desktop
9617,2024-06-05,India,Organic,Tablet
9618,2023-08-15,India,"LinkedIn Ads",Desktop
9619,2024-02-20,UK,Organic,Desktop
9620,2024-02-12,UK,Referral,Desktop
9621,2023-02-18,Germany,"LinkedIn Ads",Tablet
9622,2024-05-20,Canada,"Google Ads",Desktop
9623,2023-04-06,Germany,"Google Ads",Desktop
9624,2024-05-23,Canada,Organic,Tablet
9625,2023-04-12,Australia,Organic,Tablet
9626,2023-11-04,UK,Referral,Desktop
9627,2024-04-07,UK,"Facebook Ads",Tablet
9628,2023-02-24,USA,"Google Ads",Tablet
9629,2024-05-23,Australia,"Facebook Ads",Desktop
9630,2023-11-11,Canada,Organic,Desktop
9631,2023-01-10,Germany,Referral,Mobile
9632,2023-03-10,USA,"Facebook Ads",Mobile
9633,2023-12-28,India,"Facebook Ads",Mobile
9634,2024-03-01,Australia,"Google Ads",Mobile
9635,2024-03-17,Canada,"LinkedIn Ads",Desktop
9636,2023-11-19,Canada,"Google Ads",Desktop
9637,2023-08-05,Germany,Referral,Mobile
9638,2024-06-22,Canada,"LinkedIn Ads",Desktop
9639,2023-02-03,Australia,"LinkedIn Ads",Tablet
9640,2024-04-12,UK,Organic,Desktop
9641,2023-08-03,UK,"Facebook Ads",Desktop
9642,2023-05-07,Canada,"Google Ads",Desktop
9643,2024-01-28,UK,"Facebook Ads",Mobile
9644,2023-09-08,Australia,"Google Ads",Desktop
9645,2023-08-03,Canada,"LinkedIn Ads",Mobile
9646,2024-03-31,UK,"Facebook Ads",Desktop
9647,2023-11-08,UK,Referral,Desktop
9648,2024-05-06,Canada,"Google Ads",Mobile
9649,2023-09-07,UK,Referral,Mobile
9650,2023-03-22,USA,"LinkedIn Ads",Desktop
9651,2023-04-28,Germany,Organic,Mobile
9652,2023-07-22,Canada,Referral,Mobile
9653,2024-02-10,UK,Organic,Mobile
9654,2023-06-22,Germany,Referral,Desktop
9655,2023-03-13,USA,Referral,Mobile
9656,2023-04-14,Australia,Organic,Desktop
9657,2023-10-01,Australia,Organic,Mobile
9658,2024-05-29,Australia,Organic,Mobile
9659,2023-10-25,USA,"Google Ads",Mobile
9660,2023-12-24,Germany,"Facebook Ads",Tablet
9661,2023-10-25,Germany,Referral,Tablet
9662,2023-09-13,Australia,"Google Ads",Mobile
9663,2024-06-01,India,Organic,Tablet
9664,2024-01-02,USA,Organic,Desktop
9665,2024-06-21,Australia,"LinkedIn Ads",Mobile
9666,2023-10-02,Germany,"Facebook Ads",Tablet
9667,2024-06-12,UK,Referral,Mobile
9668,2024-01-14,India,"LinkedIn Ads",Tablet
9669,2023-01-22,USA,Organic,Desktop
9670,2023-02-06,Australia,"Facebook Ads",Tablet
9671,2024-06-02,UK,"LinkedIn Ads",Desktop
9672,2023-07-10,USA,"LinkedIn Ads",Tablet
9673,2024-04-18,Canada,Referral,Tablet
9674,2023-01-12,UK,Organic,Mobile
9675,2023-10-21,Germany,Referral,Tablet
9676,2024-06-04,Germany,"Facebook Ads",Mobile
9677,2023-10-18,Canada,"Facebook Ads",Desktop
9678,2024-05-08,Canada,"Facebook Ads",Mobile
9679,2024-05-04,Australia,"Google Ads",Desktop
9680,2024-06-14,Germany,"LinkedIn Ads",Desktop
9681,2023-07-02,India,Organic,Desktop
9682,2023-08-04,Australia,"LinkedIn Ads",Desktop
9683,2024-05-21,USA,Referral,Tablet
9684,2023-03-28,Canada,Organic,Tablet
9685,2024-01-08,UK,Referral,Tablet
9686,2023-12-22,Canada,"LinkedIn Ads",Tablet
9687,2023-07-04,Australia,"Facebook Ads",Tablet
9688,2023-01-30,UK,"LinkedIn Ads",Desktop
9689,2023-03-16,UK,"Google Ads",Mobile
9690,2023-03-13,Canada,Organic,Mobile
9691,2023-05-12,India,"LinkedIn Ads",Mobile
9692,2024-05-25,India,"LinkedIn Ads",Mobile
9693,2023-10-06,India,Referral,Desktop
9694,2024-02-28,Canada,Organic,Mobile
9695,2023-03-28,Canada,"Google Ads",Desktop
9696,2024-02-17,UK,"Facebook Ads",Tablet
9697,2023-01-09,India,"Facebook Ads",Desktop
9698,2024-04-02,USA,"LinkedIn Ads",Mobile
9699,2024-04-04,UK,"LinkedIn Ads",Mobile
9700,2023-04-14,India,"Google Ads",Tablet
9701,2023-07-24,UK,"Google Ads",Mobile
9702,2023-06-30,Australia,"Google Ads",Tablet
9703,2024-02-22,Australia,Referral,Desktop
9704,2023-07-01,Canada,"Facebook Ads",Mobile
9705,2023-10-10,India,"Google Ads",Tablet
9706,2024-02-15,India,Referral,Mobile
9707,2024-05-27,India,"Facebook Ads",Desktop
9708,2024-01-30,India,"Google Ads",Desktop
9709,2023-11-18,USA,"LinkedIn Ads",Tablet
9710,2024-01-29,Australia,"LinkedIn Ads",Desktop
9711,2024-02-10,India,Organic,Desktop
9712,2024-04-13,UK,Referral,Mobile
9713,2024-02-13,Canada,"Google Ads",Tablet
9714,2024-03-23,UK,Referral,Tablet
9715,2024-03-08,Germany,"Google Ads",Tablet
9716,2024-03-18,Canada,"Facebook Ads",Mobile
9717,2023-11-15,Canada,Referral,Mobile
9718,2023-04-26,India,"LinkedIn Ads",Desktop
9719,2024-04-06,Australia,Referral,Tablet
9720,2023-11-05,UK,"Facebook Ads",Mobile
9721,2024-05-31,USA,"Facebook Ads",Mobile
9722,2024-03-08,India,Referral,Tablet
9723,2024-04-15,Germany,Referral,Tablet
9724,2024-05-20,India,"LinkedIn Ads",Desktop
9725,2023-12-06,Germany,"Google Ads",Desktop
9726,2023-09-18,UK,"Google Ads",Desktop
9727,2023-11-20,Australia,Referral,Tablet
9728,2023-07-18,Canada,Organic,Tablet
9729,2023-12-29,USA,"Google Ads",Desktop
9730,2024-05-04,Germany,"LinkedIn Ads",Mobile
9731,2023-05-26,Australia,Organic,Mobile
9732,2024-06-03,Australia,"Google Ads",Tablet
9733,2023-02-13,Germany,Organic,Mobile
9734,2023-03-23,USA,Referral,Desktop
9735,2023-02-03,Germany,"LinkedIn Ads",Tablet
9736,2024-03-22,India,"Google Ads",Tablet
9737,2023-04-04,Australia,Organic,Tablet
9738,2023-10-31,Australia,"Google Ads",Tablet
9739,2023-06-03,Germany,"Facebook Ads",Tablet
9740,2023-12-11,UK,"Google Ads",Desktop
9741,2023-06-16,USA,Organic,Desktop
9742,2023-08-09,Germany,"Facebook Ads",Desktop
9743,2023-11-12,India,"Facebook Ads",Tablet
9744,2023-11-15,UK,"LinkedIn Ads",Tablet
9745,2023-03-18,India,"LinkedIn Ads",Mobile
9746,2023-06-21,UK,"LinkedIn Ads",Mobile
9747,2023-04-14,USA,"Google Ads",Desktop
9748,2023-03-17,Australia,"Google Ads",Mobile
9749,2024-06-06,Australia,"Facebook Ads",Mobile
9750,2023-04-15,USA,"LinkedIn Ads",Tablet
9751,2023-12-13,Australia,Referral,Tablet
9752,2024-05-28,Germany,"Google Ads",Mobile
9753,2024-02-03,India,"LinkedIn Ads",Tablet
9754,2023-01-27,Germany,"Google Ads",Desktop
9755,2024-05-07,Germany,Referral,Mobile
9756,2024-02-27,Germany,"LinkedIn Ads",Tablet
9757,2023-05-22,UK,Organic,Tablet
9758,2023-07-26,Canada,Organic,Tablet
9759,2023-12-17,Germany,"LinkedIn Ads",Mobile
9760,2023-08-14,UK,"LinkedIn Ads",Desktop
9761,2023-05-09,USA,"LinkedIn Ads",Tablet
9762,2023-11-01,India,Organic,Mobile
9763,2024-02-17,Australia,"LinkedIn Ads",Desktop
9764,2023-02-15,Australia,Referral,Mobile
9765,2024-06-09,Australia,"Facebook Ads",Tablet
9766,2024-04-08,Australia,Organic,Desktop
9767,2023-12-28,USA,"Facebook Ads",Mobile
9768,2024-01-10,USA,Organic,Desktop
9769,2023-01-12,Canada,Organic,Mobile
9770,2023-12-26,Australia,Referral,Desktop
9771,2023-10-01,UK,"Google Ads",Tablet
9772,2023-09-17,Australia,"LinkedIn Ads",Desktop
9773,2024-05-21,Germany,"Facebook Ads",Mobile
9774,2023-06-11,Canada,"LinkedIn Ads",Tablet
9775,2023-05-07,Germany,"Google Ads",Tablet
9776,2024-05-26,Canada,"Google Ads",Tablet
9777,2023-08-23,India,"Facebook Ads",Desktop
9778,2023-03-12,USA,Referral,Mobile
9779,2023-07-08,Canada,"Facebook Ads",Tablet
9780,2023-05-22,Canada,"Google Ads",Desktop
9781,2023-02-07,UK,"Google Ads",Tablet
9782,2023-06-14,India,"LinkedIn Ads",Tablet
9783,2023-04-23,India,"LinkedIn Ads",Desktop
9784,2024-05-21,Canada,"LinkedIn Ads",Desktop
9785,2023-08-31,Germany,"LinkedIn Ads",Mobile
9786,2024-04-08,Canada,"Facebook Ads",Tablet
9787,2023-05-29,Australia,Referral,Desktop
9788,2023-12-02,Australia,Referral,Desktop
9789,2023-05-05,India,"LinkedIn Ads",Desktop
9790,2023-11-11,India,"LinkedIn Ads",Mobile
9791,2024-05-12,UK,Referral,Mobile
9792,2024-03-07,Canada,"LinkedIn Ads",Desktop
9793,2023-04-21,Germany,Organic,Mobile
9794,2023-01-20,Germany,Organic,Tablet
9795,2023-12-11,India,"Facebook Ads",Mobile
9796,2023-05-17,Australia,"LinkedIn Ads",Mobile
9797,2023-08-13,UK,Organic,Desktop
9798,2023-05-28,USA,"LinkedIn Ads",Tablet
9799,2023-12-20,Canada,Referral,Mobile
9800,2024-04-23,Canada,"Google Ads",Mobile
9801,2024-01-11,Australia,"Google Ads",Mobile
9802,2023-02-03,Canada,"Facebook Ads",Desktop
9803,2023-03-24,USA,Referral,Desktop
9804,2023-11-30,Canada,"LinkedIn Ads",Desktop
9805,2023-02-11,USA,Referral,Tablet
9806,2023-06-06,USA,"Google Ads",Tablet
9807,2024-03-29,India,"Facebook Ads",Desktop
9808,2023-09-26,UK,"Google Ads",Tablet
9809,2023-06-05,Germany,"LinkedIn Ads",Desktop
9810,2023-11-17,Australia,Referral,Desktop
9811,2023-10-28,Germany,"LinkedIn Ads",Tablet
9812,2023-09-02,Australia,Organic,Desktop
9813,2024-06-07,USA,"LinkedIn Ads",Desktop
9814,2024-04-14,Germany,"Google Ads",Mobile
9815,2024-03-13,UK,Organic,Tablet
9816,2023-03-06,Australia,"LinkedIn Ads",Desktop
9817,2023-06-20,Australia,"LinkedIn Ads",Desktop
9818,2023-07-09,UK,"LinkedIn Ads",Desktop
9819,2024-05-01,UK,"Facebook Ads",Tablet
9820,2023-01-14,USA,"Facebook Ads",Tablet
9821,2024-05-21,Australia,"Google Ads",Desktop
9822,2023-10-13,India,Organic,Tablet
9823,2023-05-22,India,"LinkedIn Ads",Desktop
9824,2023-10-27,Germany,Organic,Mobile
9825,2024-01-19,Canada,Organic,Tablet
9826,2023-08-21,Canada,Organic,Desktop
9827,2023-08-13,Australia,"Google Ads",Mobile
9828,2024-05-14,Australia,Organic,Tablet
9829,2023-05-12,Australia,"LinkedIn Ads",Mobile
9830,2023-01-08,Canada,"Facebook Ads",Tablet
9831,2023-06-29,Canada,"LinkedIn Ads",Mobile
9832,2023-05-27,Canada,"Google Ads",Desktop
9833,2024-06-19,Canada,"Facebook Ads",Tablet
9834,2023-06-19,USA,"Google Ads",Tablet
9835,2023-05-15,USA,Referral,Tablet
9836,2023-09-11,India,"LinkedIn Ads",Desktop
9837,2023-11-19,UK,"Facebook Ads",Tablet
9838,2023-01-15,Germany,Referral,Tablet
9839,2023-02-03,USA,"Facebook Ads",Desktop
9840,2024-02-11,USA,Organic,Tablet
9841,2023-04-06,UK,"LinkedIn Ads",Tablet
9842,2023-11-04,USA,Referral,Mobile
9843,2023-08-27,Germany,"Google Ads",Desktop
9844,2024-05-30,USA,"LinkedIn Ads",Mobile
9845,2024-04-29,UK,Referral,Tablet
9846,2023-02-12,Germany,Referral,Mobile
9847,2024-04-29,USA,"LinkedIn Ads",Tablet
9848,2023-08-15,USA,"LinkedIn Ads",Mobile
9849,2023-06-21,Germany,"LinkedIn Ads",Tablet
9850,2023-07-12,UK,Organic,Tablet
9851,2023-07-15,Australia,Referral,Tablet
9852,2024-04-09,Germany,Referral,Tablet
9853,2023-01-11,Canada,Referral,Tablet
9854,2023-11-12,Australia,Referral,Desktop
9855,2023-07-13,India,"Google Ads",Tablet
9856,2023-03-09,USA,"Facebook Ads",Mobile
9857,2023-06-18,Canada,"Facebook Ads",Tablet
9858,2023-08-04,Canada,Referral,Desktop
9859,2024-04-07,Germany,"Google Ads",Desktop
9860,2023-06-02,India,Organic,Tablet
9861,2024-04-02,India,"LinkedIn Ads",Desktop
9862,2023-12-19,Germany,Organic,Mobile
9863,2024-05-11,Canada,"Facebook Ads",Desktop
9864,2023-04-15,USA,Organic,Mobile
9865,2023-04-03,India,"Google Ads",Tablet
9866,2023-01-14,India,"Google Ads",Desktop
9867,2023-03-03,USA,Organic,Mobile
9868,2023-09-21,UK,Referral,Desktop
9869,2023-02-17,Germany,"Facebook Ads",Desktop
9870,2024-04-20,India,"LinkedIn Ads",Mobile
9871,2023-02-15,USA,"Google Ads",Mobile
9872,2023-03-26,India,Organic,Tablet
9873,2024-03-08,USA,"Google Ads",Tablet
9874,2023-04-13,Canada,Organic,Mobile
9875,2023-04-09,India,Organic,Desktop
9876,2024-04-25,USA,Referral,Mobile
9877,2024-05-31,Germany,"Facebook Ads",Desktop
9878,2023-08-22,Canada,"LinkedIn Ads",Desktop
9879,2023-11-04,Australia,"Facebook Ads",Desktop
9880,2023-06-13,India,"LinkedIn Ads",Desktop
9881,2023-02-17,UK,Referral,Mobile
9882,2023-07-03,UK,"Google Ads",Tablet
9883,2023-01-27,UK,Organic,Desktop
9884,2024-04-07,Canada,Organic,Desktop
9885,2024-05-03,India,"Facebook Ads",Tablet
9886,2023-03-16,India,Referral,Desktop
9887,2023-08-01,Germany,Referral,Tablet
9888,2023-04-12,USA,Referral,Mobile
9889,2023-11-03,USA,Organic,Desktop
9890,2024-01-29,USA,"Google Ads",Desktop
9891,2023-04-08,India,Referral,Desktop
9892,2023-05-08,India,Referral,Desktop
9893,2024-04-06,Canada,Organic,Tablet
9894,2023-09-07,Australia,Organic,Tablet
9895,2023-03-03,India,"LinkedIn Ads",Mobile
9896,2023-04-26,Australia,Referral,Desktop
9897,2024-04-02,Canada,"Facebook Ads",Mobile
9898,2023-10-14,Germany,Organic,Desktop
9899,2023-08-02,USA,Organic,Tablet
9900,2023-01-25,Canada,Organic,Tablet
9901,2023-06-14,UK,"Facebook Ads",Tablet
9902,2023-07-16,India,Referral,Desktop
9903,2023-07-25,Germany,Organic,Mobile
9904,2024-06-24,UK,Organic,Mobile
9905,2023-09-13,UK,"Facebook Ads",Desktop
9906,2023-06-10,UK,Referral,Mobile
9907,2024-03-28,Australia,"Google Ads",Tablet
9908,2023-02-20,Germany,"Facebook Ads",Mobile
9909,2023-02-13,Germany,"Google Ads",Mobile
9910,2023-08-10,Germany,"Google Ads",Mobile
9911,2024-05-14,USA,"Google Ads",Desktop
9912,2023-02-16,UK,Referral,Mobile
9913,2023-12-02,Australia,Referral,Desktop
9914,2023-08-28,Canada,"LinkedIn Ads",Desktop
9915,2024-05-21,Germany,"Facebook Ads",Mobile
9916,2024-05-06,Canada,"Google Ads",Tablet
9917,2023-03-19,Germany,"Facebook Ads",Mobile
9918,2023-07-31,UK,"Google Ads",Tablet
9919,2023-12-24,Canada,Referral,Tablet
9920,2023-11-06,Canada,"Google Ads",Mobile
9921,2023-11-17,USA,"LinkedIn Ads",Tablet
9922,2023-07-10,Australia,"Google Ads",Desktop
9923,2024-04-27,USA,Organic,Tablet
9924,2023-11-27,Canada,"Facebook Ads",Mobile
9925,2023-07-25,Canada,Referral,Tablet
9926,2023-06-05,Canada,Referral,Mobile
9927,2024-06-16,Canada,Referral,Desktop
9928,2024-06-29,India,Referral,Tablet
9929,2024-06-11,Canada,"Facebook Ads",Mobile
9930,2024-06-08,UK,Organic,Tablet
9931,2023-02-14,India,Referral,Desktop
9932,2024-03-08,Australia,"LinkedIn Ads",Mobile
9933,2023-08-22,USA,"Google Ads",Mobile
9934,2024-03-18,USA,"LinkedIn Ads",Tablet
9935,2023-08-17,USA,Organic,Tablet
9936,2023-03-29,Canada,Organic,Tablet
9937,2024-02-25,India,Referral,Mobile
9938,2023-07-09,Canada,Referral,Mobile
9939,2024-01-30,India,"Google Ads",Desktop
9940,2023-09-11,India,Organic,Mobile
9941,2023-12-12,Canada,"Google Ads",Desktop
9942,2024-01-22,India,"Facebook Ads",Desktop
9943,2024-02-09,India,"Facebook Ads",Mobile
9944,2024-03-27,Australia,Referral,Mobile
9945,2023-07-11,Australia,"LinkedIn Ads",Desktop
9946,2024-01-17,USA,Organic,Tablet
9947,2023-06-21,UK,Organic,Mobile
9948,2024-04-12,Germany,Referral,Mobile
9949,2023-05-01,Australia,"Google Ads",Desktop
9950,2023-05-01,Canada,"Google Ads",Desktop
9951,2024-03-07,USA,"Google Ads",Tablet
9952,2023-10-05,UK,Organic,Tablet
9953,2024-04-18,India,Organic,Desktop
9954,2023-08-09,Australia,Referral,Tablet
9955,2023-03-22,India,"LinkedIn Ads",Mobile
9956,2023-02-12,Germany,Organic,Mobile
9957,2024-03-27,Australia,"Google Ads",Mobile
9958,2023-07-22,Canada,"LinkedIn Ads",Desktop
9959,2023-08-03,UK,"LinkedIn Ads",Desktop
9960,2024-05-03,Germany,"LinkedIn Ads",Tablet
9961,2023-10-09,Australia,Referral,Mobile
9962,2023-07-10,Australia,"Google Ads",Tablet
9963,2024-02-10,Australia,"Facebook Ads",Tablet
9964,2024-04-17,Canada,"Facebook Ads",Mobile
9965,2023-09-04,Germany,"LinkedIn Ads",Tablet
9966,2023-02-13,Canada,Referral,Mobile
9967,2023-09-30,Germany,"Google Ads",Tablet
9968,2023-06-15,Australia,"Google Ads",Desktop
9969,2023-03-08,UK,"Google Ads",Desktop
9970,2023-05-24,Australia,"Facebook Ads",Tablet
9971,2024-03-10,Germany,"LinkedIn Ads",Desktop
9972,2023-03-24,Canada,"LinkedIn Ads",Tablet
9973,2023-07-16,Australia,Organic,Mobile
9974,2023-04-27,Canada,"Google Ads",Mobile
9975,2023-01-21,India,Referral,Desktop
9976,2024-04-28,Germany,"Facebook Ads",Tablet
9977,2023-07-30,Australia,"Google Ads",Mobile
9978,2024-05-09,Canada,"Google Ads",Tablet
9979,2023-01-22,UK,"LinkedIn Ads",Desktop
9980,2024-03-25,India,"Facebook Ads",Desktop
9981,2023-11-05,Canada,"Facebook Ads",Desktop
9982,2023-10-04,UK,"Google Ads",Desktop
9983,2024-02-22,UK,"Google Ads",Mobile
9984,2023-10-11,USA,Organic,Mobile
9985,2023-04-28,India,Organic,Desktop
9986,2023-02-08,USA,"Google Ads",Tablet
9987,2023-05-20,Australia,Referral,Mobile
9988,2024-01-22,Australia,"LinkedIn Ads",Tablet
9989,2024-04-09,Germany,"Google Ads",Tablet
9990,2024-05-13,USA,Referral,Mobile
9991,2023-08-09,UK,"Google Ads",Mobile
9992,2023-10-23,Canada,"Google Ads",Desktop
9993,2024-04-03,USA,"LinkedIn Ads",Tablet
9994,2023-10-09,UK,"Google Ads",Mobile
9995,2024-03-31,Australia,Referral,Desktop
9996,2023-08-26,India,"Facebook Ads",Mobile
9997,2024-03-31,UK,"Google Ads",Mobile
9998,2023-07-18,India,Organic,Desktop
9999,2023-03-27,India,Organic,Tablet
10000,2023-07-18,Australia,"Google Ads",Tablet
